id,invoice_no,vendor_name,product_name,department,quantity,amount,status,delivery_status,quality_status,payment_status,transaction_id
1,INV0981,"Paucek, Hudson and Kulas",Gamma Thingamajig Order,Finance,10,5100,Approved,Delivered,Checked,Paid,TXN-91368024
2,INV0123,Simonis-Bins,Gamma Thingamajig Order,Network,5,6100,Approved,Delivered,Checked,Paid,TXN-91368024
3,INV2190,Dach-Hamill,Delta Doohickey Order,Management,68,9400,Approved,Delivered,Checked,Paid,TXN-13580246
4,INV6789,"Rodriguez, Cartwright and Gislason",Delta Doohickey Order,HR,13,2900,Approved,Delivered,Checked,Paid,TXN-24691357
5,INV4326,"Hudson, Reichel and Powlowski",Epsilon Whatchamacallit Order,Cyber Security,83,4900,Approved,Delivered,Checked,Paid,TXN-46813579
6,INV6789,"Stamm, Hammes and Williamson",Delta Doohickey Order,HR,59,7400,Approved,Delivered,Checked,Paid,TXN-46813579
7,INV8765,"Harber, Donnelly and Anderson",Epsilon Whatchamacallit Order,Software Develpoment,89,8900,Approved,Delivered,Checked,Paid,TXN-46813579
8,INV2190,Kuhic-Koelpin,Alpha Widget Order,Procurement,4,3600,Approved,Delivered,Checked,Paid,TXN-02479135
9,INV0987,West and Sons,Epsilon Whatchamacallit Order,Procurement,70,6500,Approved,Delivered,Checked,Paid,TXN-13580246
10,INV6543,Bogan-Jacobson,Delta Doohickey Order,Software Develpoment,79,2100,Approved,Delivered,Checked,Paid,TXN-46813579
11,INV5432,Bechtelar-Swaniawski,Gamma Thingamajig Order,Procurement,66,5100,Approved,Delivered,Checked,Paid,TXN-46813579
12,INV4567,"Trantow, Ledner and Mante",Epsilon Whatchamacallit Order,Management,14,1200,Approved,Delivered,Checked,Paid,TXN-02479135
13,INV4326,"Sporer, Mayert and Mills",Delta Doohickey Order,Management,82,2800,Approved,Delivered,Checked,Paid,TXN-13580246
14,INV4326,Prosacco-Funk,Epsilon Whatchamacallit Order,Cyber Security,83,2400,Approved,Delivered,Checked,Paid,TXN-02479135
15,INV4326,Stamm LLC,Delta Doohickey Order,Software Develpoment,35,3500,Approved,Delivered,Checked,Paid,TXN-46813579
16,INV8765,Leannon Group,Beta Gizmo Order,Management,21,4400,Approved,Delivered,Checked,Paid,TXN-24681357
17,INV6543,Mertz and Sons,Delta Doohickey Order,Network,98,9200,Approved,Delivered,Checked,Paid,TXN-80257913
18,INV4326,O'Kon-Witting,Beta Gizmo Order,Finance,50,1350,Approved,Delivered,Checked,Paid,TXN-13580246
19,INV2190,"Adams, Howell and Smitham",Beta Gizmo Order,Finance,3,8100,Approved,Delivered,Checked,Paid,TXN-80257913
20,INV2109,Hand Group,Delta Doohickey Order,Management,30,6200,Approved,Delivered,Checked,Paid,TXN-79146802
21,INV8765,"Bailey, Stiedemann and Treutel",Gamma Thingamajig Order,HR,83,3500,Approved,Delivered,Checked,Paid,TXN-57924680
22,INV0981,"Monahan, Schmidt and Lubowitz",Epsilon Whatchamacallit Order,Finance,46,2000,Approved,Delivered,Checked,Paid,TXN-13580246
23,INV0981,"Veum, McGlynn and Anderson",Gamma Thingamajig Order,HR,58,1050,Approved,Delivered,Checked,Paid,TXN-78901234
24,INV0987,Harber Group,Epsilon Whatchamacallit Order,Procurement,60,8700,Approved,Delivered,Checked,Paid,TXN-68035791
25,INV2190,Bruen Group,Delta Doohickey Order,Software Develpoment,18,6600,Approved,Delivered,Checked,Paid,TXN-57924680
26,INV2109,"Abbott, Treutel and Heaney",Alpha Widget Order,Management,80,5700,Approved,Delivered,Checked,Paid,TXN-34567890
27,INV2190,Davis Inc,Gamma Thingamajig Order,Cyber Security,33,1200,Approved,Delivered,Checked,Paid,TXN-68035791
28,INV5432,Hackett-Williamson,Alpha Widget Order,Cyber Security,57,9200,Approved,Delivered,Checked,Paid,TXN-79146802
29,INV8761,"Klocko, Gulgowski and Schinner",Alpha Widget Order,Finance,68,7400,Approved,Delivered,Checked,Paid,TXN-46813579
30,INV2190,Pacocha-Purdy,Delta Doohickey Order,Procurement,10,1100,Approved,Delivered,Checked,Paid,TXN-13579246
31,INV2109,Brakus and Sons,Beta Gizmo Order,Finance,37,2700,Approved,Delivered,Checked,Paid,TXN-68035791
32,INV4326,"Kerluke, Auer and Lueilwitz",Epsilon Whatchamacallit Order,Cyber Security,70,1550,Approved,Delivered,Checked,Paid,TXN-46813579
33,INV0987,Sauer and Sons,Alpha Widget Order,Management,51,8300,Approved,Delivered,Checked,Paid,TXN-24691357
34,INV6543,Turcotte Inc,Epsilon Whatchamacallit Order,Network,57,7900,Approved,Delivered,Checked,Paid,TXN-35702468
35,INV4321,Purdy-Kris,Gamma Thingamajig Order,Finance,20,9300,Approved,Delivered,Checked,Paid,TXN-91368024
36,INV2109,Lesch-Larkin,Epsilon Whatchamacallit Order,Management,84,1350,Approved,Delivered,Checked,Paid,TXN-57924680
37,INV5678,Leuschke-Gottlieb,Epsilon Whatchamacallit Order,Cyber Security,35,7400,Approved,Delivered,Checked,Paid,TXN-02479135
38,INV0987,"Gerlach, Friesen and Howell",Delta Doohickey Order,Management,86,4400,Approved,Delivered,Checked,Paid,TXN-24691357
39,INV0987,"DuBuque, Schroeder and Schaefer",Beta Gizmo Order,Cyber Security,29,3300,Approved,Delivered,Checked,Paid,TXN-35702468
40,INV6789,"Moen, Hermiston and Ebert",Gamma Thingamajig Order,Procurement,55,2100,Approved,Delivered,Checked,Paid,TXN-57924680
41,INV4326,Kuvalis and Sons,Gamma Thingamajig Order,Management,24,6400,Approved,Delivered,Checked,Paid,TXN-91368024
42,INV2190,"Reinger, Johnston and Walsh",Gamma Thingamajig Order,HR,38,7200,Approved,Delivered,Checked,Paid,TXN-24691357
43,INV0987,"Wilderman, Mayert and Wisozk",Epsilon Whatchamacallit Order,Finance,90,1125,Approved,Delivered,Checked,Paid,TXN-79146802
44,INV2190,Monahan LLC,Epsilon Whatchamacallit Order,HR,73,3500,Approved,Delivered,Checked,Paid,TXN-02479135
45,INV6543,"Abernathy, Nicolas and Cummings",Beta Gizmo Order,Procurement,100,9800,Approved,Delivered,Checked,Paid,TXN-02479135
46,INV6547,Barrows-Schroeder,Delta Doohickey Order,Network,84,7200,Approved,Delivered,Checked,Paid,TXN-13580246
47,INV2109,"Harris, Rau and Kohler",Gamma Thingamajig Order,Cyber Security,86,1650,Approved,Delivered,Checked,Paid,TXN-91368024
48,INV0981,"Kerluke, Olson and Hyatt",Gamma Thingamajig Order,Management,85,1700,Approved,Delivered,Checked,Paid,TXN-35702468
49,INV6547,Kuvalis-Corwin,Epsilon Whatchamacallit Order,Network,64,4000,Approved,Delivered,Checked,Paid,TXN-57924680
50,INV8901,"Hagenes, Veum and Deckow",Epsilon Whatchamacallit Order,Cyber Security,12,9400,Approved,Delivered,Checked,Paid,TXN-46813579
51,INV4321,Koss LLC,Gamma Thingamajig Order,Management,62,4200,Approved,Delivered,Checked,Paid,TXN-57924680
52,INV4321,"Ward, Kuphal and O'Connell",Epsilon Whatchamacallit Order,Management,46,8100,Approved,Delivered,Checked,Paid,TXN-91368024
53,INV4326,"Jerde, Thompson and Wolff",Alpha Widget Order,HR,86,9500,Approved,Delivered,Checked,Paid,TXN-68035791
54,INV2109,Yost-Bogan,Epsilon Whatchamacallit Order,HR,31,2600,Approved,Delivered,Checked,Paid,TXN-78901234
55,INV4321,"Erdman, Hirthe and Luettgen",Epsilon Whatchamacallit Order,Cyber Security,51,5100,Approved,Delivered,Checked,Paid,TXN-35702468
56,INV6547,Parisian and Sons,Beta Gizmo Order,Network,38,2400,Approved,Delivered,Checked,Paid,TXN-02479135
57,INV2345,Parker Inc,Epsilon Whatchamacallit Order,HR,92,1500,Approved,Delivered,Checked,Paid,TXN-91368024
58,INV6543,"Prosacco, Legros and Donnelly",Delta Doohickey Order,Procurement,32,5900,Approved,Delivered,Checked,Paid,TXN-35702468
59,INV4567,Stoltenberg Group,Epsilon Whatchamacallit Order,HR,93,5200,Approved,Delivered,Checked,Paid,TXN-68035791
60,INV4326,Howe Inc,Epsilon Whatchamacallit Order,Software Develpoment,51,6600,Approved,Delivered,Checked,Paid,TXN-02479135
61,INV0987,Herman-Haag,Delta Doohickey Order,Procurement,34,1600,Approved,Delivered,Checked,Paid,TXN-24691357
62,INV6543,Dickens-Moen,Gamma Thingamajig Order,Procurement,69,7100,Approved,Delivered,Checked,Paid,TXN-78901234
63,INV4567,Wolff Inc,Beta Gizmo Order,Software Develpoment,100,5600,Approved,Delivered,Checked,Paid,TXN-89012345
64,INV6547,Daugherty LLC,Beta Gizmo Order,HR,12,7200,Approved,Delivered,Checked,Paid,TXN-57924680
65,INV4326,Gleichner-Walter,Beta Gizmo Order,Software Develpoment,46,1500,Approved,Delivered,Checked,Paid,TXN-80257913
66,INV4326,Ruecker-DuBuque,Beta Gizmo Order,HR,43,1900,Approved,Delivered,Checked,Paid,TXN-46813579
67,INV8761,"Deckow, Rohan and McCullough",Gamma Thingamajig Order,Finance,34,8600,Approved,Delivered,Checked,Paid,TXN-80257913
68,INV9012,White Inc,Delta Doohickey Order,Cyber Security,25,3500,Approved,Delivered,Checked,Paid,TXN-91368024
69,INV2190,Klocko LLC,Beta Gizmo Order,HR,70,8800,Approved,Delivered,Checked,Paid,TXN-35702468
70,INV6547,"Mayert, Volkman and Kihn",Beta Gizmo Order,Management,19,7100,Approved,Delivered,Checked,Paid,TXN-12345678
71,INV2190,Bruen Inc,Delta Doohickey Order,Procurement,93,7100,Approved,Delivered,Checked,Paid,TXN-35702468
72,INV6543,"Dickens, Baumbach and Wintheiser",Epsilon Whatchamacallit Order,Software Develpoment,100,1100,Approved,Delivered,Checked,Paid,TXN-02479135
73,INV8761,Fisher-Padberg,Epsilon Whatchamacallit Order,Procurement,50,6900,Approved,Delivered,Checked,Paid,TXN-57924680
74,INV0987,Champlin and Sons,Beta Gizmo Order,HR,24,6800,Approved,Delivered,Checked,Paid,TXN-80257913
75,INV4326,Kozey and Sons,Beta Gizmo Order,Cyber Security,14,1750,Approved,Delivered,Checked,Paid,TXN-57924680
76,INV7890,Flatley and Sons,Epsilon Whatchamacallit Order,Cyber Security,48,7000,Approved,Delivered,Checked,Paid,TXN-79146802
77,INV2109,"Thiel, Kulas and Hudson",Delta Doohickey Order,Management,18,8100,Approved,Delivered,Checked,Paid,TXN-91368024
78,INV8765,Reynolds Inc,Delta Doohickey Order,Finance,21,9900,Approved,Delivered,Checked,Paid,TXN-24691357
79,INV2190,"DuBuque, Hills and Beier",Alpha Widget Order,Finance,9,9900,Approved,Delivered,Checked,Paid,TXN-35702468
80,INV2190,Denesik and Sons,Gamma Thingamajig Order,Network,21,5900,Approved,Delivered,Checked,Paid,TXN-80257913
81,INV6547,"Dietrich, Stiedemann and Fritsch",Beta Gizmo Order,Finance,82,8100,Approved,Delivered,Checked,Paid,TXN-02479135
82,INV6547,"Erdman, Nienow and Ritchie",Gamma Thingamajig Order,Software Develpoment,15,1125,Approved,Delivered,Checked,Paid,TXN-80257913
83,INV7890,Larkin-Jacobi,Epsilon Whatchamacallit Order,Cyber Security,69,8900,Approved,Delivered,Checked,Paid,TXN-79146802
84,INV6543,"Reinger, Jerde and Kunde",Alpha Widget Order,Network,73,7100,Approved,Delivered,Checked,Paid,TXN-91368024
85,INV0987,Adams-Doyle,Gamma Thingamajig Order,Network,42,1400,Approved,Delivered,Checked,Paid,TXN-90123456
86,INV2190,"Bernhard, Pfannerstill and McLaughlin",Beta Gizmo Order,Cyber Security,73,6100,Approved,Delivered,Checked,Paid,TXN-23456789
87,INV4321,Watsica LLC,Gamma Thingamajig Order,HR,76,4400,Approved,Delivered,Checked,Paid,TXN-80257913
88,INV2345,Rice-Walter,Epsilon Whatchamacallit Order,Network,53,1550,Approved,Delivered,Checked,Paid,TXN-12345678
89,INV2190,"Grimes, Sipes and Hoppe",Epsilon Whatchamacallit Order,Procurement,53,7000,Approved,Delivered,Checked,Paid,TXN-91368024
90,INV4326,Prohaska-Little,Alpha Widget Order,Cyber Security,97,3400,Approved,Delivered,Checked,Paid,TXN-68035791
91,INV0981,"Senger, Macejkovic and Herman",Gamma Thingamajig Order,Management,32,3700,Approved,Delivered,Checked,Paid,TXN-91368024
92,INV4321,"Bosco, Kris and Hyatt",Alpha Widget Order,Procurement,57,1050,Approved,Delivered,Checked,Paid,TXN-91368024
93,INV2109,"Green, Kilback and Weissnat",Epsilon Whatchamacallit Order,Procurement,65,7200,Approved,Delivered,Checked,Paid,TXN-68035791
94,INV8761,Bechtelar Inc,Beta Gizmo Order,Software Develpoment,95,5600,Approved,Delivered,Checked,Paid,TXN-13579246
95,INV4321,Marks and Sons,Alpha Widget Order,Network,55,2600,Approved,Delivered,Checked,Paid,TXN-68035791
96,INV4326,"Kessler, Gibson and Trantow",Gamma Thingamajig Order,Procurement,25,5200,Approved,Delivered,Checked,Paid,TXN-79146802
97,INV0981,Turcotte-Feil,Beta Gizmo Order,Finance,13,10000,Approved,Delivered,Checked,Paid,TXN-13580246
98,INV0987,Hettinger Inc,Beta Gizmo Order,Management,40,2500,Approved,Delivered,Checked,Paid,TXN-35702468
99,INV8765,Goyette Group,Alpha Widget Order,Management,46,1100,Approved,Delivered,Checked,Paid,TXN-91368024
100,INV4326,Cronin Group,Epsilon Whatchamacallit Order,Finance,62,2500,Approved,Delivered,Checked,Paid,TXN-68035791
101,INV8765,Daugherty Inc,Gamma Thingamajig Order,Management,22,1750,Approved,Delivered,Checked,Paid,TXN-13580246
102,INV2345,Corkery-Hoeger,Gamma Thingamajig Order,Network,4,5700,Approved,Delivered,Checked,Paid,TXN-13580246
103,INV2109,Wunsch-Waters,Epsilon Whatchamacallit Order,HR,36,6100,Approved,Delivered,Checked,Paid,TXN-80257913
104,INV0981,Kunde-Haley,Beta Gizmo Order,Software Develpoment,63,2100,Approved,Delivered,Checked,Paid,TXN-91368024
105,INV0981,Swift-Wilderman,Gamma Thingamajig Order,Finance,64,8900,Approved,Delivered,Checked,Paid,TXN-02479135
106,INV0981,Legros-Pfannerstill,Gamma Thingamajig Order,Software Develpoment,32,4300,Approved,Delivered,Checked,Paid,TXN-24691357
107,INV8761,Schimmel Group,Gamma Thingamajig Order,Procurement,59,5900,Approved,Delivered,Checked,Paid,TXN-13580246
108,INV2190,"West, Howell and Reilly",Gamma Thingamajig Order,Network,9,1250,Approved,Delivered,Checked,Paid,TXN-13580246
109,INV6547,"Abshire, Moen and Spencer",Epsilon Whatchamacallit Order,Network,38,7600,Approved,Delivered,Checked,Paid,TXN-24691357
110,INV0981,"Kris, Nikolaus and Sanford",Gamma Thingamajig Order,Network,14,8900,Approved,Delivered,Checked,Paid,TXN-68035791
111,INV0981,Luettgen Group,Delta Doohickey Order,Software Develpoment,46,6000,Approved,Delivered,Checked,Paid,TXN-34567890
112,INV4326,Runte-Lynch,Gamma Thingamajig Order,Management,85,7200,Approved,Delivered,Checked,Paid,TXN-01234567
113,INV2190,"Pollich, Gulgowski and Kuhlman",Alpha Widget Order,Management,36,1225,Approved,Delivered,Checked,Paid,TXN-23456789
114,INV4567,Kassulke-Considine,Gamma Thingamajig Order,Management,37,3300,Approved,Delivered,Checked,Paid,TXN-68035791
115,INV6543,"Spinka, Roberts and Corwin",Delta Doohickey Order,Network,93,1325,Approved,Delivered,Checked,Paid,TXN-91368024
116,INV4321,"Brekke, McKenzie and Swift",Delta Doohickey Order,HR,29,8100,Approved,Delivered,Checked,Paid,TXN-24691357
117,INV2190,Raynor-Bashirian,Epsilon Whatchamacallit Order,Management,84,9000,Approved,Delivered,Checked,Paid,TXN-57924680
118,INV8765,Kozey and Sons,Epsilon Whatchamacallit Order,Network,68,6600,Approved,Delivered,Checked,Paid,TXN-91368024
119,INV2190,Thiel and Sons,Alpha Widget Order,HR,59,6200,Approved,Delivered,Checked,Paid,TXN-35792468
120,INV2190,Hermann Inc,Beta Gizmo Order,Procurement,43,3100,Approved,Delivered,Checked,Paid,TXN-46813579
121,INV2109,"Roberts, Hodkiewicz and Witting",Epsilon Whatchamacallit Order,Management,17,2500,Approved,Delivered,Checked,Paid,TXN-46813579
122,INV6547,"Satterfield, Streich and Luettgen",Epsilon Whatchamacallit Order,Cyber Security,92,2400,Approved,Delivered,Checked,Paid,TXN-13580246
123,INV4326,Gorczany-Davis,Alpha Widget Order,Management,32,7500,Approved,Delivered,Checked,Paid,TXN-35702468
124,INV0981,Zemlak-Harvey,Delta Doohickey Order,Network,7,5900,Approved,Delivered,Checked,Paid,TXN-46813579
125,INV6543,"Rohan, Mitchell and Grimes",Epsilon Whatchamacallit Order,Software Develpoment,7,6100,Approved,Delivered,Checked,Paid,TXN-46813579
126,INV8765,"Gutmann, Hilll and Koelpin",Gamma Thingamajig Order,Finance,63,6000,Approved,Delivered,Checked,Paid,TXN-79146802
127,INV6547,"Weber, Quitzon and Kessler",Delta Doohickey Order,Network,29,5300,Approved,Delivered,Checked,Paid,TXN-02479135
128,INV4321,West-Herzog,Delta Doohickey Order,HR,98,7000,Approved,Delivered,Checked,Paid,TXN-79146802
129,INV6543,Wilkinson-Heathcote,Gamma Thingamajig Order,Procurement,9,7400,Approved,Delivered,Checked,Paid,TXN-35702468
130,INV9012,"Adams, Rolfson and Bernier",Delta Doohickey Order,Management,55,2900,Approved,Delivered,Checked,Paid,TXN-13580246
131,INV2190,Ryan Group,Delta Doohickey Order,HR,19,9300,Approved,Delivered,Checked,Paid,TXN-79146802
132,INV4321,Roob Inc,Beta Gizmo Order,Management,73,7200,Approved,Delivered,Checked,Paid,TXN-02479135
133,INV4567,"Zemlak, Bradtke and Stark",Alpha Widget Order,Cyber Security,30,6000,Approved,Delivered,Checked,Paid,TXN-80257913
134,INV0987,Cruickshank-Ruecker,Alpha Widget Order,Procurement,98,3000,Approved,Delivered,Checked,Paid,TXN-35702468
135,INV6543,Friesen LLC,Epsilon Whatchamacallit Order,Finance,73,2900,Approved,Delivered,Checked,Paid,TXN-13580246
136,INV0981,"Senger, Wisozk and Kling",Alpha Widget Order,Cyber Security,68,2700,Approved,Delivered,Checked,Paid,TXN-35702468
137,INV6789,Corwin Group,Gamma Thingamajig Order,Cyber Security,81,8000,Approved,Delivered,Checked,Paid,TXN-02479135
138,INV4326,Kohler-Lakin,Epsilon Whatchamacallit Order,Management,78,2800,Approved,Delivered,Checked,Paid,TXN-13580246
139,INV4321,Kemmer-Jenkins,Delta Doohickey Order,Cyber Security,63,3400,Approved,Delivered,Checked,Paid,TXN-12345678
140,INV6547,Hahn Inc,Alpha Widget Order,Network,100,2100,Approved,Delivered,Checked,Paid,TXN-24691357
141,INV8765,Wisoky-Denesik,Beta Gizmo Order,Network,100,3000,Approved,Delivered,Checked,Paid,TXN-13580246
142,INV0981,Hauck-Koelpin,Beta Gizmo Order,Procurement,90,2000,Approved,Delivered,Checked,Paid,TXN-46813579
143,INV2109,Murazik Inc,Epsilon Whatchamacallit Order,Management,47,4400,Approved,Delivered,Checked,Paid,TXN-68035791
144,INV2109,Cole-Ward,Beta Gizmo Order,Management,64,1050,Approved,Delivered,Checked,Paid,TXN-24691357
145,INV2109,Rau LLC,Beta Gizmo Order,Procurement,66,6400,Approved,Delivered,Checked,Paid,TXN-46813579
146,INV4326,Carter-Stanton,Delta Doohickey Order,Procurement,8,3800,Approved,Delivered,Checked,Paid,TXN-24691357
147,INV4326,Harber Group,Beta Gizmo Order,Software Develpoment,75,2700,Approved,Delivered,Checked,Paid,TXN-57924680
148,INV2109,Brekke Group,Alpha Widget Order,HR,30,1225,Approved,Delivered,Checked,Paid,TXN-13580246
149,INV6543,Goyette Inc,Beta Gizmo Order,Cyber Security,30,9600,Approved,Delivered,Checked,Paid,TXN-80257913
150,INV0987,"Gutmann, Kautzer and Hermann",Delta Doohickey Order,Network,93,7300,Approved,Delivered,Checked,Paid,TXN-35702468
151,INV2190,Cormier-Littel,Alpha Widget Order,HR,95,4300,Approved,Delivered,Checked,Paid,TXN-24691357
152,INV4326,Considine Inc,Gamma Thingamajig Order,Software Develpoment,45,9300,Approved,Delivered,Checked,Paid,TXN-68035791
153,INV6547,"Marquardt, Gutkowski and Kshlerin",Delta Doohickey Order,Network,45,5800,Approved,Delivered,Checked,Paid,TXN-57924680
154,INV2345,O'Connell LLC,Delta Doohickey Order,HR,53,6000,Approved,Delivered,Checked,Paid,TXN-79146802
155,INV6543,Klocko and Sons,Beta Gizmo Order,Management,53,8000,Approved,Delivered,Checked,Paid,TXN-79146802
156,INV6543,Nolan-McClure,Epsilon Whatchamacallit Order,Finance,73,4400,Approved,Delivered,Checked,Paid,TXN-46813579
157,INV4321,"Davis, Schoen and Schultz",Alpha Widget Order,Network,62,6900,Approved,Delivered,Checked,Paid,TXN-35702468
158,INV6547,Schmeler-O'Conner,Epsilon Whatchamacallit Order,Finance,47,1600,Approved,Delivered,Checked,Paid,TXN-13580246
159,INV0981,Hintz-White,Epsilon Whatchamacallit Order,Management,92,1600,Approved,Delivered,Checked,Paid,TXN-80257913
160,INV0981,Macejkovic-Kovacek,Epsilon Whatchamacallit Order,Software Develpoment,41,2300,Approved,Delivered,Checked,Paid,TXN-46813579
161,INV6543,Bernier Inc,Beta Gizmo Order,Procurement,87,4100,Approved,Delivered,Checked,Paid,TXN-24691357
162,INV8765,"Gibson, Wyman and Gulgowski",Epsilon Whatchamacallit Order,Network,89,5400,Approved,Delivered,Checked,Paid,TXN-35702468
163,INV2190,"Rowe, Kuhlman and Anderson",Epsilon Whatchamacallit Order,Cyber Security,6,2900,Approved,Delivered,Checked,Paid,TXN-13580246
164,INV4321,Kirlin and Sons,Delta Doohickey Order,HR,77,2900,Approved,Delivered,Checked,Paid,TXN-35702468
165,INV4326,Fahey Inc,Beta Gizmo Order,Management,76,1125,Approved,Delivered,Checked,Paid,TXN-57924680
166,INV6543,Kirlin LLC,Gamma Thingamajig Order,Software Develpoment,96,5400,Approved,Delivered,Checked,Paid,TXN-80257913
167,INV8765,"Hayes, Witting and Brown",Gamma Thingamajig Order,Finance,75,9900,Approved,Delivered,Checked,Paid,TXN-02479135
168,INV4321,"Rippin, Berge and Fisher",Epsilon Whatchamacallit Order,Network,42,5500,Approved,Delivered,Checked,Paid,TXN-79146802
169,INV0987,"Connelly, Lind and Murray",Beta Gizmo Order,Management,91,2300,Approved,Delivered,Checked,Paid,TXN-68035791
170,INV6547,"Runolfsdottir, Collins and Rutherford",Beta Gizmo Order,Software Develpoment,53,9500,Approved,Delivered,Checked,Paid,TXN-79146802
171,INV2345,Langworth-Bergnaum,Delta Doohickey Order,HR,46,3200,Approved,Delivered,Checked,Paid,TXN-46813579
172,INV6789,"Maggio, Ferry and Greenfelder",Delta Doohickey Order,Network,3,2300,Approved,Delivered,Checked,Paid,TXN-35702468
173,INV0987,Halvorson-Reilly,Delta Doohickey Order,Software Develpoment,63,7700,Approved,Delivered,Checked,Paid,TXN-57924680
174,INV8765,Stiedemann Inc,Epsilon Whatchamacallit Order,Procurement,81,10000,Approved,Delivered,Checked,Paid,TXN-24691357
175,INV8761,"Leffler, Trantow and King",Epsilon Whatchamacallit Order,Management,89,5300,Approved,Delivered,Checked,Paid,TXN-68035791
176,INV6543,Cremin-Nitzsche,Epsilon Whatchamacallit Order,Network,54,5900,Approved,Delivered,Checked,Paid,TXN-35702468
177,INV4326,Ziemann Inc,Gamma Thingamajig Order,Network,55,1050,Approved,Delivered,Checked,Paid,TXN-68035791
178,INV8765,Wilderman-Feil,Gamma Thingamajig Order,Network,27,5400,Approved,Delivered,Checked,Paid,TXN-02479135
179,INV4567,Rempel LLC,Beta Gizmo Order,Finance,39,7100,Approved,Delivered,Checked,Paid,TXN-46813579
180,INV8761,Aufderhar-Windler,Epsilon Whatchamacallit Order,Procurement,37,6100,Approved,Delivered,Checked,Paid,TXN-91368024
181,INV8765,Paucek and Sons,Alpha Widget Order,Management,20,4100,Approved,Delivered,Checked,Paid,TXN-56789012
182,INV3456,"Kessler, Buckridge and Hodkiewicz",Gamma Thingamajig Order,Cyber Security,43,4000,Approved,Delivered,Checked,Paid,TXN-23456789
183,INV6547,Frami LLC,Delta Doohickey Order,Software Develpoment,89,4700,Approved,Delivered,Checked,Paid,TXN-91368024
184,INV0981,"Barrows, Towne and Beahan",Delta Doohickey Order,Procurement,44,3100,Approved,Delivered,Checked,Paid,TXN-46813579
185,INV8761,Jacobi-Weber,Delta Doohickey Order,Procurement,71,4300,Approved,Delivered,Checked,Paid,TXN-13579246
186,INV2190,Tillman-Will,Delta Doohickey Order,Software Develpoment,33,9600,Approved,Delivered,Checked,Paid,TXN-02479135
187,INV8761,"Lueilwitz, Roob and Luettgen",Beta Gizmo Order,Procurement,43,8800,Approved,Delivered,Checked,Paid,TXN-02479135
188,INV4321,Lindgren LLC,Beta Gizmo Order,HR,60,3900,Approved,Delivered,Checked,Paid,TXN-80257913
189,INV4326,Kerluke Group,Gamma Thingamajig Order,Software Develpoment,17,7200,Approved,Delivered,Checked,Paid,TXN-34567890
190,INV8761,"Rice, Kuhlman and Cummerata",Epsilon Whatchamacallit Order,Cyber Security,41,6000,Approved,Delivered,Checked,Paid,TXN-46813579
191,INV1234,Runolfsson-Medhurst,Beta Gizmo Order,Procurement,58,2500,Approved,Delivered,Checked,Paid,TXN-80257913
192,INV2109,"Connelly, Fadel and Goldner",Gamma Thingamajig Order,HR,89,1350,Approved,Delivered,Checked,Paid,TXN-91368024
193,INV4567,"Mueller, Greenholt and Funk",Beta Gizmo Order,Cyber Security,7,1550,Approved,Delivered,Checked,Paid,TXN-79146802
194,INV8761,Stanton LLC,Delta Doohickey Order,Cyber Security,40,2600,Approved,Delivered,Checked,Paid,TXN-68035791
195,INV4567,"Crist, Hammes and Waelchi",Delta Doohickey Order,Procurement,61,8500,Approved,Delivered,Checked,Paid,TXN-35702468
196,INV6789,Waters-Muller,Beta Gizmo Order,Software Develpoment,72,2600,Approved,Delivered,Checked,Paid,TXN-46813579
197,INV0987,"Veum, Pfeffer and Johnston",Alpha Widget Order,Software Develpoment,37,3700,Approved,Delivered,Checked,Paid,TXN-24691357
198,INV0987,Kulas Inc,Delta Doohickey Order,HR,9,3100,Approved,Delivered,Checked,Paid,TXN-24691357
199,INV6543,Langosh-Batz,Epsilon Whatchamacallit Order,Finance,5,8100,Approved,Delivered,Checked,Paid,TXN-35702468
200,INV8761,"Kulas, Brekke and Jakubowski",Beta Gizmo Order,Software Develpoment,89,7800,Approved,Delivered,Checked,Paid,TXN-24691357
201,INV8765,"Witting, Halvorson and Upton",Gamma Thingamajig Order,Management,88,9200,Approved,Delivered,Checked,Paid,TXN-02479135
202,INV2109,Lehner-Dach,Epsilon Whatchamacallit Order,Management,39,7200,Approved,Delivered,Checked,Paid,TXN-46813579
203,INV4321,Jast-Ernser,Delta Doohickey Order,Cyber Security,26,3700,Approved,Delivered,Checked,Paid,TXN-80257913
204,INV2190,Veum LLC,Delta Doohickey Order,Software Develpoment,25,6600,Approved,Delivered,Checked,Paid,TXN-91368024
205,INV6543,Raynor Group,Epsilon Whatchamacallit Order,Management,74,2600,Approved,Delivered,Checked,Paid,TXN-68035791
206,INV8901,"Durgan, Buckridge and Wyman",Epsilon Whatchamacallit Order,Cyber Security,63,4200,Approved,Delivered,Checked,Paid,TXN-57924680
207,INV6547,Thompson and Sons,Gamma Thingamajig Order,Procurement,94,6900,Approved,Delivered,Checked,Paid,TXN-13580246
208,INV4326,"Rutherford, Daugherty and Raynor",Delta Doohickey Order,Finance,89,4700,Approved,Delivered,Checked,Paid,TXN-80257913
209,INV2109,Gutkowski LLC,Alpha Widget Order,Software Develpoment,84,8600,Approved,Delivered,Checked,Paid,TXN-46813579
210,INV0981,Turner-Lindgren,Beta Gizmo Order,Finance,12,5600,Approved,Delivered,Checked,Paid,TXN-24691357
211,INV1234,Bosco-Ernser,Alpha Widget Order,Procurement,78,6800,Approved,Delivered,Checked,Paid,TXN-80257913
212,INV8765,Rogahn-Hane,Delta Doohickey Order,Cyber Security,50,7000,Approved,Delivered,Checked,Paid,TXN-13580246
213,INV2190,Orn-McClure,Alpha Widget Order,Finance,90,5800,Approved,Delivered,Checked,Paid,TXN-80257913
214,INV0987,Berge-Kassulke,Alpha Widget Order,Finance,76,7400,Approved,Delivered,Checked,Paid,TXN-35702468
215,INV2190,Ankunding Group,Epsilon Whatchamacallit Order,HR,86,1125,Approved,Delivered,Checked,Paid,TXN-13580246
216,INV0123,Jerde-Botsford,Gamma Thingamajig Order,Finance,33,1800,Approved,Delivered,Checked,Paid,TXN-91368024
217,INV8761,Pfeffer LLC,Alpha Widget Order,Finance,66,1450,Approved,Delivered,Checked,Paid,TXN-57924680
218,INV4326,Stracke-Russel,Gamma Thingamajig Order,Management,33,5000,Approved,Delivered,Checked,Paid,TXN-80257913
219,INV8761,Langosh LLC,Epsilon Whatchamacallit Order,Network,60,8100,Approved,Delivered,Checked,Paid,TXN-45678901
220,INV4321,Bashirian LLC,Beta Gizmo Order,Software Develpoment,32,1250,Approved,Delivered,Checked,Paid,TXN-24691357
221,INV0987,Glover and Sons,Beta Gizmo Order,Procurement,49,9300,Approved,Delivered,Checked,Paid,TXN-35702468
222,INV8765,"Goodwin, Trantow and Braun",Delta Doohickey Order,Software Develpoment,43,9600,Approved,Delivered,Checked,Paid,TXN-35702468
223,INV2190,Jacobs-Leffler,Beta Gizmo Order,HR,55,7000,Approved,Delivered,Checked,Paid,TXN-13579246
224,INV8761,Cremin Group,Delta Doohickey Order,Finance,89,4700,Approved,Delivered,Checked,Paid,TXN-13580246
225,INV0987,"Kuhic, Raynor and Langosh",Delta Doohickey Order,Cyber Security,52,8100,Approved,Delivered,Checked,Paid,TXN-80257913
226,INV6543,Heathcote-Ortiz,Alpha Widget Order,Finance,71,7900,Approved,Delivered,Checked,Paid,TXN-79146802
227,INV8765,Thompson-O'Hara,Epsilon Whatchamacallit Order,Cyber Security,99,7600,Approved,Delivered,Checked,Paid,TXN-01234567
228,INV2109,"Runolfsdottir, Kertzmann and Wilkinson",Delta Doohickey Order,HR,58,8400,Approved,Delivered,Checked,Paid,TXN-24691357
229,INV0981,"Hermiston, Leffler and Kuhn",Beta Gizmo Order,Network,68,5900,Approved,Delivered,Checked,Paid,TXN-68035791
230,INV6547,"Ondricka, Gusikowski and Gerlach",Gamma Thingamajig Order,Finance,67,8200,Approved,Delivered,Checked,Paid,TXN-35702468
231,INV8765,"Jones, Farrell and Heidenreich",Gamma Thingamajig Order,Finance,6,3300,Approved,Delivered,Checked,Paid,TXN-02479135
232,INV6547,Rau Group,Epsilon Whatchamacallit Order,Software Develpoment,91,6900,Approved,Delivered,Checked,Paid,TXN-02479135
233,INV8765,"Stark, Ondricka and Klocko",Alpha Widget Order,Finance,48,2500,Approved,Delivered,Checked,Paid,TXN-13580246
234,INV8765,Krajcik-Wisoky,Epsilon Whatchamacallit Order,HR,26,1125,Approved,Delivered,Checked,Paid,TXN-91368024
235,INV6547,Senger and Sons,Gamma Thingamajig Order,Procurement,30,4900,Approved,Delivered,Checked,Paid,TXN-24691357
236,INV8765,Grimes LLC,Epsilon Whatchamacallit Order,Network,68,5300,Approved,Delivered,Checked,Paid,TXN-91368024
237,INV0987,Walsh and Sons,Gamma Thingamajig Order,Procurement,73,1900,Approved,Delivered,Checked,Paid,TXN-57924680
238,INV6547,Sauer Inc,Beta Gizmo Order,Procurement,78,1500,Approved,Delivered,Checked,Paid,TXN-79146802
239,INV4326,Connelly-Kreiger,Delta Doohickey Order,Cyber Security,47,1100,Approved,Delivered,Checked,Paid,TXN-57924680
240,INV0981,"Bosco, Swift and Ortiz",Beta Gizmo Order,HR,57,2100,Approved,Delivered,Checked,Paid,TXN-91368024
241,INV8765,"Heathcote, Brekke and Mertz",Epsilon Whatchamacallit Order,Finance,71,4600,Approved,Delivered,Checked,Paid,TXN-24691357
242,INV4321,Okuneva and Sons,Delta Doohickey Order,HR,40,6300,Approved,Delivered,Checked,Paid,TXN-91368024
243,INV6547,Ratke-Lang,Beta Gizmo Order,Procurement,51,1650,Approved,Delivered,Checked,Paid,TXN-02479135
244,INV8765,Satterfield Group,Epsilon Whatchamacallit Order,HR,5,1900,Approved,Delivered,Checked,Paid,TXN-24691357
245,INV2109,"Carter, Collier and Moen",Beta Gizmo Order,Management,28,8100,Approved,Delivered,Checked,Paid,TXN-13580246
246,INV4321,Hickle and Sons,Delta Doohickey Order,Management,62,4400,Approved,Delivered,Checked,Paid,TXN-79146802
247,INV2190,"Mueller, Brown and Klein",Epsilon Whatchamacallit Order,Software Develpoment,3,1350,Approved,Delivered,Checked,Paid,TXN-67890123
248,INV8761,"Schimmel, Torphy and Rau",Alpha Widget Order,Procurement,21,1050,Approved,Delivered,Checked,Paid,TXN-79146802
249,INV6543,Yost Inc,Gamma Thingamajig Order,Procurement,88,6200,Approved,Delivered,Checked,Paid,TXN-57924680
250,INV6547,Carroll-Funk,Delta Doohickey Order,Software Develpoment,40,2200,Approved,Delivered,Checked,Paid,TXN-68035791
251,INV4326,"Ruecker, Schaefer and Thompson",Gamma Thingamajig Order,Network,83,9800,Approved,Delivered,Checked,Paid,TXN-35702468
252,INV2109,Harvey Group,Alpha Widget Order,Network,40,5500,Approved,Delivered,Checked,Paid,TXN-57924680
253,INV0981,Mills-Ferry,Epsilon Whatchamacallit Order,Finance,34,3000,Approved,Delivered,Checked,Paid,TXN-80257913
254,INV8901,Kuhn LLC,Epsilon Whatchamacallit Order,HR,23,1700,Approved,Delivered,Checked,Paid,TXN-35702468
255,INV2190,"Murazik, Paucek and Kuhic",Alpha Widget Order,Cyber Security,84,2500,Approved,Delivered,Checked,Paid,TXN-57924680
256,INV2109,"Glover, Hane and Collier",Epsilon Whatchamacallit Order,Software Develpoment,22,8600,Approved,Delivered,Checked,Paid,TXN-46813579
257,INV0987,Cummings and Sons,Beta Gizmo Order,Management,72,8300,Approved,Delivered,Checked,Paid,TXN-23456789
258,INV8765,Cartwright-Bechtelar,Epsilon Whatchamacallit Order,Software Develpoment,37,3100,Approved,Delivered,Checked,Paid,TXN-90123456
259,INV2190,Ernser-Mraz,Epsilon Whatchamacallit Order,HR,57,5300,Approved,Delivered,Checked,Paid,TXN-57924680
260,INV0981,Carroll-Lemke,Beta Gizmo Order,Network,98,7900,Approved,Delivered,Checked,Paid,TXN-91368024
261,INV6543,Stark-Schimmel,Gamma Thingamajig Order,HR,90,2100,Approved,Delivered,Checked,Paid,TXN-46813579
262,INV8901,Fritsch-Kassulke,Beta Gizmo Order,Procurement,24,8700,Approved,Delivered,Checked,Paid,TXN-13580246
263,INV2190,Stehr-Littel,Gamma Thingamajig Order,HR,48,1800,Approved,Delivered,Checked,Paid,TXN-91368024
264,INV0987,Lakin-Christiansen,Epsilon Whatchamacallit Order,Procurement,48,3700,Approved,Delivered,Checked,Paid,TXN-35702468
265,INV4321,Funk-Bauch,Delta Doohickey Order,Network,84,1500,Approved,Delivered,Checked,Paid,TXN-79146802
266,INV0981,Blick-Bednar,Epsilon Whatchamacallit Order,Network,85,8900,Approved,Delivered,Checked,Paid,TXN-02479135
267,INV0981,Daugherty Group,Beta Gizmo Order,Finance,26,1150,Approved,Delivered,Checked,Paid,TXN-79146802
268,INV0987,Stiedemann-Ratke,Delta Doohickey Order,Network,78,5300,Approved,Delivered,Checked,Paid,TXN-46813579
269,INV7890,"Swaniawski, Kessler and Mosciski",Beta Gizmo Order,Cyber Security,95,3100,Approved,Delivered,Checked,Paid,TXN-91368024
270,INV2345,Sanford-Wisozk,Epsilon Whatchamacallit Order,Procurement,96,1150,Approved,Delivered,Checked,Paid,TXN-80257913
271,INV2190,"Bogan, Mosciski and Stracke",Alpha Widget Order,Cyber Security,33,5300,Approved,Delivered,Checked,Paid,TXN-24691357
272,INV2109,"Gusikowski, Zboncak and Weissnat",Gamma Thingamajig Order,Software Develpoment,35,5100,Approved,Delivered,Checked,Paid,TXN-24681357
273,INV2190,"Price, Swaniawski and Graham",Epsilon Whatchamacallit Order,Finance,13,1650,Approved,Delivered,Checked,Paid,TXN-79146802
274,INV5678,Kutch-Mertz,Epsilon Whatchamacallit Order,Cyber Security,75,9700,Approved,Delivered,Checked,Paid,TXN-80257913
275,INV8761,"Prosacco, Bode and Wehner",Gamma Thingamajig Order,HR,100,5900,Approved,Delivered,Checked,Paid,TXN-80257913
276,INV4326,"Brakus, Mosciski and Homenick",Alpha Widget Order,Finance,69,6100,Approved,Delivered,Checked,Paid,TXN-35702468
277,INV6543,Paucek and Sons,Alpha Widget Order,Cyber Security,49,9000,Approved,Delivered,Checked,Paid,TXN-80257913
278,INV8761,Schiller and Sons,Gamma Thingamajig Order,Cyber Security,56,6000,Approved,Delivered,Checked,Paid,TXN-13580246
279,INV2109,"Stokes, Koch and Leuschke",Epsilon Whatchamacallit Order,Procurement,42,6700,Approved,Delivered,Checked,Paid,TXN-68035791
280,INV8765,Rowe LLC,Alpha Widget Order,Cyber Security,80,1650,Approved,Delivered,Checked,Paid,TXN-91368024
281,INV4321,"Reynolds, Walsh and MacGyver",Gamma Thingamajig Order,Cyber Security,26,9700,Approved,Delivered,Checked,Paid,TXN-34567890
282,INV4326,"Block, Crist and Zieme",Delta Doohickey Order,Software Develpoment,33,4800,Approved,Delivered,Checked,Paid,TXN-57924680
283,INV6547,Becker and Sons,Beta Gizmo Order,Finance,94,7000,Approved,Delivered,Checked,Paid,TXN-79146802
284,INV6547,Marquardt Inc,Epsilon Whatchamacallit Order,Software Develpoment,64,2600,Approved,Delivered,Checked,Paid,TXN-35702468
285,INV0987,Pfeffer Group,Delta Doohickey Order,Finance,72,3500,Approved,Delivered,Checked,Paid,TXN-35702468
286,INV4326,Jacobson-Pfannerstill,Delta Doohickey Order,Software Develpoment,59,8700,Approved,Delivered,Checked,Paid,TXN-46813579
287,INV6543,Kemmer-Rowe,Beta Gizmo Order,HR,24,3400,Approved,Delivered,Checked,Paid,TXN-34567890
288,INV6543,Bednar Group,Alpha Widget Order,Procurement,65,4800,Approved,Delivered,Checked,Paid,TXN-80257913
289,INV8761,Mueller Group,Delta Doohickey Order,Network,75,3100,Approved,Delivered,Checked,Paid,TXN-02479135
290,INV6543,Balistreri LLC,Epsilon Whatchamacallit Order,Network,78,7300,Approved,Delivered,Checked,Paid,TXN-02479135
291,INV4321,Hermann-Brown,Epsilon Whatchamacallit Order,Network,14,9900,Approved,Delivered,Checked,Paid,TXN-02479135
292,INV0981,"Little, Boyle and Hermiston",Gamma Thingamajig Order,HR,60,1750,Approved,Delivered,Checked,Paid,TXN-80257913
293,INV8765,"Wilderman, Walter and Mante",Delta Doohickey Order,Finance,78,1250,Approved,Delivered,Checked,Paid,TXN-46813579
294,INV4326,Mraz-Schamberger,Epsilon Whatchamacallit Order,Network,60,8900,Approved,Delivered,Checked,Paid,TXN-91368024
295,INV6543,Hudson-Kertzmann,Gamma Thingamajig Order,HR,63,1300,Approved,Delivered,Checked,Paid,TXN-57924680
296,INV2190,"Dietrich, Spinka and Barton",Beta Gizmo Order,Procurement,40,3100,Approved,Delivered,Checked,Paid,TXN-78901234
297,INV2190,Mraz-Bernier,Gamma Thingamajig Order,Software Develpoment,65,1350,Approved,Delivered,Checked,Paid,TXN-13580246
298,INV8765,Mueller-Harris,Alpha Widget Order,Management,20,1350,Approved,Delivered,Checked,Paid,TXN-24691357
299,INV8765,D'Amore-Jerde,Delta Doohickey Order,Finance,86,5700,Approved,Delivered,Checked,Paid,TXN-46813579
300,INV2109,O'Kon-Lehner,Epsilon Whatchamacallit Order,Procurement,51,2800,Approved,Delivered,Checked,Paid,TXN-68035791
301,INV0981,Conroy Group,Gamma Thingamajig Order,Management,43,7700,Approved,Delivered,Checked,Paid,TXN-46813579
302,INV8761,Maggio-Tremblay,Beta Gizmo Order,Software Develpoment,87,8700,Approved,Delivered,Checked,Paid,TXN-02479135
303,INV7890,Boyer-Erdman,Alpha Widget Order,Cyber Security,39,4100,Approved,Delivered,Checked,Paid,TXN-13579246
304,INV8761,Lueilwitz-Hermiston,Beta Gizmo Order,Management,50,8400,Approved,Delivered,Checked,Paid,TXN-91368024
305,INV4326,Huels-Romaguera,Epsilon Whatchamacallit Order,Cyber Security,55,7700,Approved,Delivered,Checked,Paid,TXN-24691357
306,INV2190,"Deckow, Oberbrunner and Keeling",Alpha Widget Order,Software Develpoment,91,9400,Approved,Delivered,Checked,Paid,TXN-13580246
307,INV0987,Bergnaum-Conn,Gamma Thingamajig Order,Management,6,7300,Approved,Delivered,Checked,Paid,TXN-91368024
308,INV8761,"Parker, Daniel and Gibson",Delta Doohickey Order,Software Develpoment,14,5800,Approved,Delivered,Checked,Paid,TXN-02479135
309,INV4326,Osinski and Sons,Beta Gizmo Order,Network,95,6800,Approved,Delivered,Checked,Paid,TXN-91368024
310,INV2109,Considine and Sons,Delta Doohickey Order,HR,70,1250,Approved,Delivered,Checked,Paid,TXN-24691357
311,INV8765,Kunde-Schinner,Beta Gizmo Order,Management,22,1350,Approved,Delivered,Checked,Paid,TXN-91368024
312,INV4321,"Huels, Hermiston and Roob",Alpha Widget Order,Procurement,84,5800,Approved,Delivered,Checked,Paid,TXN-91368024
313,INV6547,"Daniel, Mayert and Vandervort",Epsilon Whatchamacallit Order,Cyber Security,67,5300,Approved,Delivered,Checked,Paid,TXN-68035791
314,INV6547,Yost Group,Gamma Thingamajig Order,Finance,69,7200,Approved,Delivered,Checked,Paid,TXN-80257913
315,INV6547,"Fisher, West and Simonis",Delta Doohickey Order,Procurement,79,3800,Approved,Delivered,Checked,Paid,TXN-57924680
316,INV4321,Orn-Batz,Epsilon Whatchamacallit Order,Network,38,2000,Approved,Delivered,Checked,Paid,TXN-57924680
317,INV6547,Adams-Schaden,Gamma Thingamajig Order,Procurement,81,8500,Approved,Delivered,Checked,Paid,TXN-57924680
318,INV8761,Marks and Sons,Delta Doohickey Order,HR,25,7900,Approved,Delivered,Checked,Paid,TXN-57924680
319,INV0987,Torp-Heaney,Gamma Thingamajig Order,Finance,46,8800,Approved,Delivered,Checked,Paid,TXN-80257913
320,INV4567,Conn-Hamill,Epsilon Whatchamacallit Order,Cyber Security,46,3800,Approved,Delivered,Checked,Paid,TXN-68035791
321,INV8761,Ward and Sons,Beta Gizmo Order,Management,67,2400,Approved,Delivered,Checked,Paid,TXN-35702468
322,INV4326,Jones-Gislason,Delta Doohickey Order,Network,52,8000,Approved,Delivered,Checked,Paid,TXN-02479135
323,INV4321,Oberbrunner Inc,Gamma Thingamajig Order,Cyber Security,46,3200,Approved,Delivered,Checked,Paid,TXN-68035791
324,INV6543,Simonis and Sons,Epsilon Whatchamacallit Order,HR,50,7100,Approved,Delivered,Checked,Paid,TXN-02479135
325,INV7890,"Gusikowski, Upton and Bauch",Alpha Widget Order,Procurement,36,6900,Approved,Delivered,Checked,Paid,TXN-35702468
326,INV8765,Dickens Group,Alpha Widget Order,Cyber Security,65,3400,Approved,Delivered,Checked,Paid,TXN-13580246
327,INV8901,Zieme Group,Beta Gizmo Order,Software Develpoment,52,5600,Approved,Delivered,Checked,Paid,TXN-24691357
328,INV8765,"Reinger, Jerde and Hauck",Gamma Thingamajig Order,Procurement,50,1150,Approved,Delivered,Checked,Paid,TXN-57924680
329,INV2109,Wolff Inc,Delta Doohickey Order,Software Develpoment,45,1250,Approved,Delivered,Checked,Paid,TXN-02479135
330,INV8761,"Ortiz, Stoltenberg and Morar",Gamma Thingamajig Order,Software Develpoment,29,7500,Approved,Delivered,Checked,Paid,TXN-24681357
331,INV5678,"Auer, Turcotte and Wolf",Beta Gizmo Order,Management,98,3300,Approved,Delivered,Checked,Paid,TXN-91368024
332,INV4326,Yundt-Lind,Alpha Widget Order,Cyber Security,77,1750,Approved,Delivered,Checked,Paid,TXN-79146802
333,INV9876,"Hilll, Swift and Swaniawski",Delta Doohickey Order,Finance,22,1150,Approved,Delivered,Checked,Paid,TXN-46813579
334,INV4326,Roberts Inc,Gamma Thingamajig Order,Cyber Security,41,5100,Approved,Delivered,Checked,Paid,TXN-13580246
335,INV8765,Heaney and Sons,Alpha Widget Order,Network,57,4700,Approved,Delivered,Checked,Paid,TXN-24691357
336,INV0987,Sipes-Kautzer,Gamma Thingamajig Order,Finance,36,1450,Approved,Delivered,Checked,Paid,TXN-35702468
337,INV4321,Haley-Stanton,Gamma Thingamajig Order,Finance,39,6000,Approved,Delivered,Checked,Paid,TXN-57924680
338,INV2190,"Morar, Jacobson and Beer",Delta Doohickey Order,Finance,23,3200,Approved,Delivered,Checked,Paid,TXN-68035791
339,INV0981,Beer Inc,Alpha Widget Order,HR,36,7200,Approved,Delivered,Checked,Paid,TXN-91368024
340,INV8765,Bartoletti-Bogan,Gamma Thingamajig Order,Procurement,94,1225,Approved,Delivered,Checked,Paid,TXN-02479135
341,INV6547,Morar Group,Epsilon Whatchamacallit Order,Finance,19,9600,Approved,Delivered,Checked,Paid,TXN-68035791
342,INV6547,Koch and Sons,Beta Gizmo Order,Management,96,5700,Approved,Delivered,Checked,Paid,TXN-24691357
343,INV8761,Boyle-Herman,Epsilon Whatchamacallit Order,Software Develpoment,71,4500,Approved,Delivered,Checked,Paid,TXN-68035791
344,INV8901,"Mitchell, Bode and Heller",Beta Gizmo Order,HR,78,2600,Approved,Delivered,Checked,Paid,TXN-13580246
345,INV6547,Walsh-Hoppe,Delta Doohickey Order,Network,48,8100,Approved,Delivered,Checked,Paid,TXN-13579246
346,INV4321,"Kihn, Koch and Christiansen",Alpha Widget Order,Network,7,4400,Approved,Delivered,Checked,Paid,TXN-91368024
347,INV2345,Donnelly LLC,Alpha Widget Order,Finance,28,6100,Approved,Delivered,Checked,Paid,TXN-91368024
348,INV8761,Flatley-Kub,Epsilon Whatchamacallit Order,Software Develpoment,12,2200,Approved,Delivered,Checked,Paid,TXN-91368024
349,INV8761,"Durgan, Bednar and Bins",Epsilon Whatchamacallit Order,Procurement,24,8400,Approved,Delivered,Checked,Paid,TXN-57924680
350,INV6543,"Buckridge, Lang and Armstrong",Epsilon Whatchamacallit Order,Cyber Security,47,4800,Approved,Delivered,Checked,Paid,TXN-79146802
351,INV8765,"Heller, Ferry and Becker",Beta Gizmo Order,Software Develpoment,33,9600,Approved,Delivered,Checked,Paid,TXN-24691357
352,INV8761,Simonis LLC,Gamma Thingamajig Order,Network,41,2100,Approved,Delivered,Checked,Paid,TXN-57924680
353,INV2109,Considine-Howe,Beta Gizmo Order,Cyber Security,75,8900,Approved,Delivered,Checked,Paid,TXN-46813579
354,INV2109,Herman-Walker,Alpha Widget Order,HR,43,1150,Approved,Delivered,Checked,Paid,TXN-02479135
355,INV8765,"Dare, Senger and Quitzon",Alpha Widget Order,Network,17,8300,Approved,Delivered,Checked,Paid,TXN-80257913
356,INV8761,Ward Inc,Delta Doohickey Order,Network,76,6300,Approved,Delivered,Checked,Paid,TXN-91368024
357,INV8765,"Franecki, Kassulke and Nienow",Delta Doohickey Order,HR,88,4600,Approved,Delivered,Checked,Paid,TXN-13580246
358,INV0981,Harber and Sons,Epsilon Whatchamacallit Order,Procurement,78,9700,Approved,Delivered,Checked,Paid,TXN-13580246
359,INV4567,Kerluke-Roob,Beta Gizmo Order,Finance,3,2300,Approved,Delivered,Checked,Paid,TXN-02479135
360,INV7890,Dooley-Hahn,Alpha Widget Order,Cyber Security,95,6600,Approved,Delivered,Checked,Paid,TXN-91368024
361,INV4321,Predovic Group,Alpha Widget Order,Management,74,4600,Approved,Delivered,Checked,Paid,TXN-24681357
362,INV6543,Schoen Group,Epsilon Whatchamacallit Order,Management,50,7800,Approved,Delivered,Checked,Paid,TXN-46813579
363,INV2190,"Quitzon, Towne and Kiehn",Gamma Thingamajig Order,Cyber Security,31,1225,Approved,Delivered,Checked,Paid,TXN-46813579
364,INV2109,Gerlach-Langosh,Delta Doohickey Order,Procurement,78,8400,Approved,Delivered,Checked,Paid,TXN-91368024
365,INV4321,Shields-Kunze,Beta Gizmo Order,Management,15,1750,Approved,Delivered,Checked,Paid,TXN-35792468
366,INV4321,Robel Group,Alpha Widget Order,Cyber Security,47,5200,Approved,Delivered,Checked,Paid,TXN-46813579
367,INV6547,Bruen and Sons,Gamma Thingamajig Order,Procurement,32,6600,Approved,Delivered,Checked,Paid,TXN-13580246
368,INV6547,Stanton LLC,Beta Gizmo Order,Finance,97,2600,Approved,Delivered,Checked,Paid,TXN-24691357
369,INV6547,Daniel Group,Alpha Widget Order,HR,79,3200,Approved,Delivered,Checked,Paid,TXN-24691357
370,INV6547,Buckridge Group,Delta Doohickey Order,Finance,47,1900,Approved,Delivered,Checked,Paid,TXN-46813579
371,INV6543,"Hammes, Klocko and Schowalter",Beta Gizmo Order,Finance,54,4000,Approved,Delivered,Checked,Paid,TXN-91368024
372,INV9012,Rohan-Moore,Gamma Thingamajig Order,HR,95,1400,Approved,Delivered,Checked,Paid,TXN-80257913
373,INV4326,Ledner LLC,Beta Gizmo Order,Software Develpoment,10,2300,Approved,Delivered,Checked,Paid,TXN-80257913
374,INV2109,Hintz-Nicolas,Beta Gizmo Order,Management,14,1125,Approved,Delivered,Checked,Paid,TXN-68035791
375,INV4321,Beier-O'Kon,Beta Gizmo Order,HR,15,3900,Approved,Delivered,Checked,Paid,TXN-80257913
376,INV0987,Dare-Schinner,Gamma Thingamajig Order,Finance,65,8000,Approved,Delivered,Checked,Paid,TXN-80257913
377,INV2109,"Cruickshank, Hayes and Hyatt",Epsilon Whatchamacallit Order,Software Develpoment,83,4300,Approved,Delivered,Checked,Paid,TXN-57924680
378,INV6547,Krajcik-Wolf,Gamma Thingamajig Order,Procurement,56,6000,Approved,Delivered,Checked,Paid,TXN-79146802
379,INV4326,"Considine, Shanahan and Nicolas",Beta Gizmo Order,Cyber Security,69,4300,Approved,Delivered,Checked,Paid,TXN-02479135
380,INV1234,Walsh LLC,Alpha Widget Order,Software Develpoment,35,5600,Approved,Delivered,Checked,Paid,TXN-80257913
381,INV0981,"Deckow, Koelpin and Rau",Alpha Widget Order,Management,51,3100,Approved,Delivered,Checked,Paid,TXN-02479135
382,INV8761,Kuhlman Group,Beta Gizmo Order,Software Develpoment,50,9300,Approved,Delivered,Checked,Paid,TXN-01234567
383,INV3456,Lynch-Blick,Alpha Widget Order,Software Develpoment,74,7700,Approved,Delivered,Checked,Paid,TXN-24691357
384,INV8765,"Schimmel, Hermiston and Cruickshank",Gamma Thingamajig Order,Network,62,7200,Approved,Delivered,Checked,Paid,TXN-35702468
385,INV6547,"Wilderman, Rau and Fay",Alpha Widget Order,Network,92,2200,Approved,Delivered,Checked,Paid,TXN-68035791
386,INV6543,Jaskolski Inc,Epsilon Whatchamacallit Order,Procurement,28,1700,Approved,Delivered,Checked,Paid,TXN-91368024
387,INV6543,"Klocko, Carter and Kessler",Epsilon Whatchamacallit Order,Procurement,12,8700,Approved,Delivered,Checked,Paid,TXN-68035791
388,INV0123,Pacocha-Schroeder,Delta Doohickey Order,Procurement,6,9800,Approved,Delivered,Checked,Paid,TXN-13579246
389,INV8761,Shields-Gulgowski,Gamma Thingamajig Order,Network,51,2800,Approved,Delivered,Checked,Paid,TXN-13580246
390,INV2109,Walsh Group,Epsilon Whatchamacallit Order,Management,5,1150,Approved,Delivered,Checked,Paid,TXN-91368024
391,INV8765,"Pfannerstill, Stoltenberg and Lakin",Alpha Widget Order,Management,32,1250,Approved,Delivered,Checked,Paid,TXN-91368024
392,INV2190,"Hills, Labadie and Conroy",Gamma Thingamajig Order,Network,76,6400,Approved,Delivered,Checked,Paid,TXN-68035791
393,INV4326,"Kilback, Kiehn and Daugherty",Delta Doohickey Order,Cyber Security,62,3500,Approved,Delivered,Checked,Paid,TXN-46813579
394,INV2109,Medhurst-Schiller,Alpha Widget Order,Cyber Security,67,5800,Approved,Delivered,Checked,Paid,TXN-68035791
395,INV6543,"Runolfsdottir, Legros and Grady",Alpha Widget Order,Network,47,3900,Approved,Delivered,Checked,Paid,TXN-57924680
396,INV4326,"VonRueden, Ortiz and Borer",Alpha Widget Order,Procurement,14,8800,Approved,Delivered,Checked,Paid,TXN-80257913
397,INV0987,"Lueilwitz, Hayes and Bartoletti",Epsilon Whatchamacallit Order,Procurement,75,1050,Approved,Delivered,Checked,Paid,TXN-24691357
398,INV4321,Witting Inc,Gamma Thingamajig Order,HR,48,10000,Approved,Delivered,Checked,Paid,TXN-91368024
399,INV2190,Pfannerstill-Medhurst,Delta Doohickey Order,Procurement,88,4300,Approved,Delivered,Checked,Paid,TXN-35702468
400,INV2190,"Lynch, Runolfsson and Blanda",Epsilon Whatchamacallit Order,Finance,47,5300,Approved,Delivered,Checked,Paid,TXN-13580246
401,INV4321,Aufderhar LLC,Delta Doohickey Order,Software Develpoment,97,8600,Approved,Delivered,Checked,Paid,TXN-90123456
402,INV0981,"Romaguera, Jaskolski and Shields",Gamma Thingamajig Order,Management,53,3100,Approved,Delivered,Checked,Paid,TXN-80257913
403,INV0981,O'Keefe-Steuber,Gamma Thingamajig Order,Procurement,79,3900,Approved,Delivered,Checked,Paid,TXN-02479135
404,INV0981,Weissnat-Bogisich,Gamma Thingamajig Order,Cyber Security,78,7400,Approved,Delivered,Checked,Paid,TXN-02479135
405,INV4567,Bradtke LLC,Epsilon Whatchamacallit Order,Cyber Security,48,2500,Approved,Delivered,Checked,Paid,TXN-13580246
406,INV4321,Dickinson and Sons,Gamma Thingamajig Order,Finance,26,9200,Approved,Delivered,Checked,Paid,TXN-46813579
407,INV8761,Gulgowski-Wolff,Delta Doohickey Order,HR,25,7200,Approved,Delivered,Checked,Paid,TXN-34567890
408,INV0981,Towne and Sons,Gamma Thingamajig Order,Procurement,5,9500,Approved,Delivered,Checked,Paid,TXN-46813579
409,INV4326,"Moen, Runte and Nienow",Beta Gizmo Order,Procurement,33,3800,Approved,Delivered,Checked,Paid,TXN-80257913
410,INV7890,Labadie LLC,Delta Doohickey Order,Management,66,8500,Approved,Delivered,Checked,Paid,TXN-80257913
411,INV4326,Ortiz-Senger,Gamma Thingamajig Order,Finance,96,8600,Approved,Delivered,Checked,Paid,TXN-35702468
412,INV6543,Kunze-Wilderman,Alpha Widget Order,Software Develpoment,76,7500,Approved,Delivered,Checked,Paid,TXN-13580246
413,INV2190,"Schmitt, Sawayn and Beatty",Gamma Thingamajig Order,Finance,76,4400,Approved,Delivered,Checked,Paid,TXN-57924680
414,INV6547,"Collier, Kihn and Rau",Beta Gizmo Order,Finance,33,5500,Approved,Delivered,Checked,Paid,TXN-46813579
415,INV6547,Walsh LLC,Gamma Thingamajig Order,Finance,67,6600,Approved,Delivered,Checked,Paid,TXN-01234567
416,INV2109,Effertz-Hessel,Epsilon Whatchamacallit Order,Procurement,91,9500,Approved,Delivered,Checked,Paid,TXN-68035791
417,INV6547,"Denesik, Harber and D'Amore",Beta Gizmo Order,Network,12,9600,Approved,Delivered,Checked,Paid,TXN-02479135
418,INV6543,Goodwin-Wolf,Alpha Widget Order,Finance,56,1200,Approved,Delivered,Checked,Paid,TXN-35702468
419,INV4321,Ritchie Inc,Beta Gizmo Order,Software Develpoment,70,1500,Approved,Delivered,Checked,Paid,TXN-45678901
420,INV2109,Mosciski-Green,Alpha Widget Order,HR,57,6100,Approved,Delivered,Checked,Paid,TXN-68035791
421,INV2109,Will-Bergnaum,Alpha Widget Order,Cyber Security,88,1450,Approved,Delivered,Checked,Paid,TXN-02479135
422,INV0987,Donnelly-Stroman,Epsilon Whatchamacallit Order,Procurement,29,2600,Approved,Delivered,Checked,Paid,TXN-79146802
423,INV4326,"Abernathy, Yost and Gibson",Epsilon Whatchamacallit Order,Management,66,6400,Approved,Delivered,Checked,Paid,TXN-02479135
424,INV4321,"Cremin, Brakus and Ernser",Gamma Thingamajig Order,Finance,69,5400,Approved,Delivered,Checked,Paid,TXN-56789012
425,INV4326,Schowalter-Strosin,Gamma Thingamajig Order,HR,20,5900,Approved,Delivered,Checked,Paid,TXN-57924680
426,INV8765,Stoltenberg Group,Epsilon Whatchamacallit Order,Network,87,9200,Approved,Delivered,Checked,Paid,TXN-91368024
427,INV6547,"Wilderman, Orn and Weissnat",Gamma Thingamajig Order,Software Develpoment,66,3400,Approved,Delivered,Checked,Paid,TXN-46813579
428,INV0987,Roob Inc,Epsilon Whatchamacallit Order,Management,8,7300,Approved,Delivered,Checked,Paid,TXN-79146802
429,INV6543,"MacGyver, Farrell and Turner",Beta Gizmo Order,HR,56,7400,Approved,Delivered,Checked,Paid,TXN-13580246
430,INV0981,Koch-Bins,Epsilon Whatchamacallit Order,Software Develpoment,40,1350,Approved,Delivered,Checked,Paid,TXN-24691357
431,INV0987,Pagac and Sons,Gamma Thingamajig Order,HR,99,3400,Approved,Delivered,Checked,Paid,TXN-02479135
432,INV2109,"Runolfsson, Runte and Lowe",Gamma Thingamajig Order,HR,35,1225,Approved,Delivered,Checked,Paid,TXN-91368024
433,INV8761,"Wiza, Pollich and Marquardt",Epsilon Whatchamacallit Order,Finance,33,6200,Approved,Delivered,Checked,Paid,TXN-80257913
434,INV2190,Dicki-Mayert,Delta Doohickey Order,Procurement,63,3700,Approved,Delivered,Checked,Paid,TXN-24691357
435,INV4326,Smitham Group,Epsilon Whatchamacallit Order,Procurement,61,8600,Approved,Delivered,Checked,Paid,TXN-35702468
436,INV8761,Cruickshank-Trantow,Gamma Thingamajig Order,Procurement,65,8900,Approved,Delivered,Checked,Paid,TXN-57924680
437,INV4321,Leuschke and Sons,Epsilon Whatchamacallit Order,Software Develpoment,64,7800,Approved,Delivered,Checked,Paid,TXN-80257913
438,INV0981,Watsica-Kuhlman,Alpha Widget Order,Finance,46,1650,Approved,Delivered,Checked,Paid,TXN-46813579
439,INV6547,Champlin and Sons,Gamma Thingamajig Order,Management,82,9500,Approved,Delivered,Checked,Paid,TXN-91368024
440,INV8761,Becker and Sons,Delta Doohickey Order,Finance,3,5600,Approved,Delivered,Checked,Paid,TXN-91368024
441,INV1234,Von Inc,Alpha Widget Order,Software Develpoment,55,2900,Approved,Delivered,Checked,Paid,TXN-68035791
442,INV8765,Wunsch and Sons,Alpha Widget Order,Procurement,5,1225,Approved,Delivered,Checked,Paid,TXN-68035791
443,INV4321,"Leuschke, Schroeder and Mraz",Gamma Thingamajig Order,Network,96,1350,Approved,Delivered,Checked,Paid,TXN-02479135
444,INV4321,Sipes-Robel,Epsilon Whatchamacallit Order,Finance,67,6500,Approved,Delivered,Checked,Paid,TXN-78901234
445,INV8761,Muller-Grant,Beta Gizmo Order,HR,9,4900,Approved,Delivered,Checked,Paid,TXN-68035791
446,INV0987,Ward-Predovic,Gamma Thingamajig Order,HR,95,3700,Approved,Delivered,Checked,Paid,TXN-80257913
447,INV8761,Dare LLC,Alpha Widget Order,Procurement,3,4000,Approved,Delivered,Checked,Paid,TXN-91368024
448,INV0981,Emard-Howell,Beta Gizmo Order,HR,27,8500,Approved,Delivered,Checked,Paid,TXN-13580246
449,INV8761,Nader Group,Beta Gizmo Order,Cyber Security,29,1100,Approved,Delivered,Checked,Paid,TXN-13580246
450,INV4326,Towne-Pacocha,Alpha Widget Order,Network,44,4700,Approved,Delivered,Checked,Paid,TXN-79146802
451,INV4326,Emmerich Group,Epsilon Whatchamacallit Order,Procurement,77,1200,Approved,Delivered,Checked,Paid,TXN-02479135
452,INV0981,Schaefer-Doyle,Epsilon Whatchamacallit Order,Management,8,1900,Approved,Delivered,Checked,Paid,TXN-02479135
453,INV2345,"Prosacco, Beatty and Terry",Alpha Widget Order,Finance,87,5900,Approved,Delivered,Checked,Paid,TXN-24691357
454,INV0981,Treutel Inc,Gamma Thingamajig Order,Finance,91,1900,Approved,Delivered,Checked,Paid,TXN-57924680
455,INV6543,"Gleason, Okuneva and Shanahan",Gamma Thingamajig Order,HR,36,4200,Approved,Delivered,Checked,Paid,TXN-46813579
456,INV2190,"Schamberger, MacGyver and Kertzmann",Epsilon Whatchamacallit Order,Software Develpoment,47,1600,Approved,Delivered,Checked,Paid,TXN-56789012
457,INV5678,Homenick Inc,Beta Gizmo Order,Management,52,6100,Approved,Delivered,Checked,Paid,TXN-91368024
458,INV0987,"Tillman, Hackett and Hessel",Beta Gizmo Order,HR,87,4200,Approved,Delivered,Checked,Paid,TXN-01234567
459,INV6543,Sawayn-Moen,Epsilon Whatchamacallit Order,Finance,55,4300,Approved,Delivered,Checked,Paid,TXN-79146802
460,INV4326,"Heathcote, Keeling and Jast",Epsilon Whatchamacallit Order,Software Develpoment,70,6800,Approved,Delivered,Checked,Paid,TXN-13580246
461,INV6547,Runolfsson Inc,Alpha Widget Order,Finance,68,2100,Approved,Delivered,Checked,Paid,TXN-02479135
462,INV2190,"Tremblay, Nicolas and Hodkiewicz",Alpha Widget Order,Management,70,8300,Approved,Delivered,Checked,Paid,TXN-79146802
463,INV4326,"Kertzmann, Abernathy and Leannon",Gamma Thingamajig Order,Software Develpoment,32,6000,Approved,Delivered,Checked,Paid,TXN-02479135
464,INV0981,Hahn-Stracke,Delta Doohickey Order,Network,63,7800,Approved,Delivered,Checked,Paid,TXN-24691357
465,INV9012,"Bernhard, Quitzon and Schultz",Delta Doohickey Order,HR,76,2800,Approved,Delivered,Checked,Paid,TXN-78901234
466,INV0987,Hackett Group,Beta Gizmo Order,Procurement,52,5800,Approved,Delivered,Checked,Paid,TXN-79146802
467,INV4326,"Powlowski, Farrell and Walker",Alpha Widget Order,Finance,30,4500,Approved,Delivered,Checked,Paid,TXN-46813579
468,INV0987,"Mayert, Sanford and Ledner",Gamma Thingamajig Order,Software Develpoment,58,9000,Approved,Delivered,Checked,Paid,TXN-02479135
469,INV8765,Ritchie-Haley,Beta Gizmo Order,HR,100,3000,Approved,Delivered,Checked,Paid,TXN-35702468
470,INV0123,Koelpin LLC,Delta Doohickey Order,Finance,74,6900,Approved,Delivered,Checked,Paid,TXN-13579246
471,INV0981,"Bode, Mohr and Mann",Beta Gizmo Order,HR,80,4500,Approved,Delivered,Checked,Paid,TXN-57924680
472,INV4321,Bruen-Torphy,Epsilon Whatchamacallit Order,Software Develpoment,63,8800,Approved,Delivered,Checked,Paid,TXN-35702468
473,INV6543,Bernier-Luettgen,Beta Gizmo Order,Management,20,1200,Approved,Delivered,Checked,Paid,TXN-68035791
474,INV4321,Jerde-Ryan,Epsilon Whatchamacallit Order,Cyber Security,93,7500,Approved,Delivered,Checked,Paid,TXN-13580246
475,INV2109,Klein-O'Connell,Beta Gizmo Order,Cyber Security,50,3100,Approved,Delivered,Checked,Paid,TXN-57924680
476,INV6547,Thiel-Abbott,Alpha Widget Order,Procurement,96,3700,Approved,Delivered,Checked,Paid,TXN-35702468
477,INV4321,"Windler, Langosh and Hamill",Alpha Widget Order,Network,69,7500,Approved,Delivered,Checked,Paid,TXN-80257913
478,INV6789,"Barrows, Kunze and Stracke",Alpha Widget Order,Software Develpoment,44,1325,Approved,Delivered,Checked,Paid,TXN-46813579
479,INV0123,"Miller, Christiansen and Gorczany",Gamma Thingamajig Order,Cyber Security,14,2400,Approved,Delivered,Checked,Paid,TXN-24691357
480,INV4326,Rolfson-Fisher,Alpha Widget Order,Network,97,8200,Approved,Delivered,Checked,Paid,TXN-68035791
481,INV1234,"Jast, Greenfelder and Runolfsdottir",Alpha Widget Order,Cyber Security,41,7700,Approved,Delivered,Checked,Paid,TXN-80257913
482,INV6543,Grimes and Sons,Gamma Thingamajig Order,Cyber Security,22,7400,Approved,Delivered,Checked,Paid,TXN-57924680
483,INV2109,Satterfield and Sons,Gamma Thingamajig Order,Software Develpoment,93,2300,Approved,Delivered,Checked,Paid,TXN-80257913
484,INV6547,Deckow-Boehm,Delta Doohickey Order,Management,9,4200,Approved,Delivered,Checked,Paid,TXN-02479135
485,INV2190,Schmitt-Steuber,Alpha Widget Order,Management,67,2400,Approved,Delivered,Checked,Paid,TXN-46813579
486,INV2190,Paucek-Stokes,Delta Doohickey Order,Procurement,85,1450,Approved,Delivered,Checked,Paid,TXN-91368024
487,INV2190,"Haag, Larson and Satterfield",Beta Gizmo Order,Network,91,8700,Approved,Delivered,Checked,Paid,TXN-67890123
488,INV0981,Watsica LLC,Gamma Thingamajig Order,Finance,55,2100,Approved,Delivered,Checked,Paid,TXN-79146802
489,INV9876,King Group,Delta Doohickey Order,Network,57,4000,Approved,Delivered,Checked,Paid,TXN-23456789
490,INV0987,Lynch Group,Delta Doohickey Order,Network,90,5900,Approved,Delivered,Checked,Paid,TXN-91368024
491,INV8761,"Casper, Kuhlman and Balistreri",Gamma Thingamajig Order,Procurement,4,1600,Approved,Delivered,Checked,Paid,TXN-35702468
492,INV2109,Baumbach-Gleichner,Delta Doohickey Order,Procurement,81,7500,Approved,Delivered,Checked,Paid,TXN-46813579
493,INV9876,"Greenholt, Beier and Metz",Alpha Widget Order,Cyber Security,88,7800,Approved,Delivered,Checked,Paid,TXN-68035791
494,INV2190,"Dickens, Hickle and Raynor",Epsilon Whatchamacallit Order,Network,10,1300,Approved,Delivered,Checked,Paid,TXN-68035791
495,INV2190,"Tillman, Pfannerstill and Koch",Beta Gizmo Order,Network,4,5300,Approved,Delivered,Checked,Paid,TXN-02479135
496,INV4326,Bruen LLC,Beta Gizmo Order,Procurement,9,8500,Approved,Delivered,Checked,Paid,TXN-13580246
497,INV4567,"Rau, Farrell and Johnson",Alpha Widget Order,Software Develpoment,33,6700,Approved,Delivered,Checked,Paid,TXN-24691357
498,INV0987,"McKenzie, Rogahn and Ryan",Delta Doohickey Order,Cyber Security,30,1600,Approved,Delivered,Checked,Paid,TXN-80257913
499,INV8765,"Klein, Nader and Gutmann",Alpha Widget Order,HR,79,1800,Approved,Delivered,Checked,Paid,TXN-46813579
500,INV0981,O'Kon-Runolfsdottir,Delta Doohickey Order,Procurement,57,1450,Approved,Delivered,Checked,Paid,TXN-02479135
501,INV9012,Streich Inc,Delta Doohickey Order,Network,56,1400,Approved,Delivered,Checked,Paid,TXN-79146802
502,INV0981,Grimes-Thiel,Alpha Widget Order,Procurement,54,4100,Approved,Delivered,Checked,Paid,TXN-35702468
503,INV2109,"Kuhlman, Friesen and Stracke",Alpha Widget Order,Finance,85,7000,Approved,Delivered,Checked,Paid,TXN-80257913
504,INV2190,Herman LLC,Gamma Thingamajig Order,HR,96,3100,Approved,Delivered,Checked,Paid,TXN-68035791
505,INV8761,Konopelski-Franecki,Alpha Widget Order,Finance,14,3700,Approved,Delivered,Checked,Paid,TXN-13580246
506,INV0981,Ferry and Sons,Epsilon Whatchamacallit Order,Network,92,6300,Approved,Delivered,Checked,Paid,TXN-80257913
507,INV6543,Goldner-Shanahan,Alpha Widget Order,Network,75,3000,Approved,Delivered,Checked,Paid,TXN-68035791
508,INV2190,"Gislason, Doyle and Kassulke",Beta Gizmo Order,Management,94,8700,Approved,Delivered,Checked,Paid,TXN-46813579
509,INV4326,"Lueilwitz, Hackett and Daugherty",Gamma Thingamajig Order,Management,35,7600,Approved,Delivered,Checked,Paid,TXN-02479135
510,INV8761,Becker-Miller,Beta Gizmo Order,HR,85,2600,Approved,Delivered,Checked,Paid,TXN-80257913
511,INV6543,O'Reilly-Howe,Beta Gizmo Order,Management,41,9800,Approved,Delivered,Checked,Paid,TXN-91368024
512,INV6547,Kub LLC,Beta Gizmo Order,Network,79,1100,Approved,Delivered,Checked,Paid,TXN-12345678
513,INV3456,Hoeger-Braun,Epsilon Whatchamacallit Order,Cyber Security,28,7200,Approved,Delivered,Checked,Paid,TXN-78901234
514,INV0987,Hermiston LLC,Beta Gizmo Order,Network,43,9100,Approved,Delivered,Checked,Paid,TXN-67890123
515,INV8765,Terry Group,Beta Gizmo Order,Management,61,1500,Approved,Delivered,Checked,Paid,TXN-24691357
516,INV6543,"Gleichner, Wilderman and Lowe",Gamma Thingamajig Order,Software Develpoment,20,6300,Approved,Delivered,Checked,Paid,TXN-35702468
517,INV8765,"Feil, Schneider and Medhurst",Epsilon Whatchamacallit Order,Procurement,79,4800,Approved,Delivered,Checked,Paid,TXN-57924680
518,INV2109,"Vandervort, Baumbach and Crist",Delta Doohickey Order,Procurement,29,9100,Approved,Delivered,Checked,Paid,TXN-02479135
519,INV8765,"Graham, Wolf and Pollich",Delta Doohickey Order,Network,46,2300,Approved,Delivered,Checked,Paid,TXN-57924680
520,INV4326,Emard Group,Beta Gizmo Order,Procurement,53,4700,Approved,Delivered,Checked,Paid,TXN-68035791
521,INV2109,Heaney-Bayer,Beta Gizmo Order,Management,12,9500,Approved,Delivered,Checked,Paid,TXN-12345678
522,INV9876,Casper-McDermott,Delta Doohickey Order,HR,27,6900,Approved,Delivered,Checked,Paid,TXN-12345678
523,INV4321,"Hodkiewicz, Swaniawski and Mueller",Alpha Widget Order,Finance,48,1100,Approved,Delivered,Checked,Paid,TXN-24691357
524,INV4321,Boyle-Kuhn,Gamma Thingamajig Order,Management,8,1600,Approved,Delivered,Checked,Paid,TXN-02479135
525,INV4321,Hyatt-Kertzmann,Alpha Widget Order,Procurement,86,5200,Approved,Delivered,Checked,Paid,TXN-80257913
526,INV2109,Greenfelder and Sons,Alpha Widget Order,HR,26,9500,Approved,Delivered,Checked,Paid,TXN-80257913
527,INV4326,"Prohaska, Bode and Welch",Epsilon Whatchamacallit Order,Management,61,9800,Approved,Delivered,Checked,Paid,TXN-68035791
528,INV4321,Frami Group,Alpha Widget Order,Software Develpoment,41,7700,Approved,Delivered,Checked,Paid,TXN-91368024
529,INV1234,Stracke-Grimes,Alpha Widget Order,Software Develpoment,45,9100,Approved,Delivered,Checked,Paid,TXN-35702468
530,INV5432,"Hyatt, O'Keefe and Gerlach",Beta Gizmo Order,Software Develpoment,39,8500,Approved,Delivered,Checked,Paid,TXN-79146802
531,INV8761,Bruen-Reichert,Beta Gizmo Order,Procurement,64,6100,Approved,Delivered,Checked,Paid,TXN-79146802
532,INV0981,Nikolaus LLC,Beta Gizmo Order,Software Develpoment,20,6000,Approved,Delivered,Checked,Paid,TXN-80257913
533,INV6543,O'Keefe-Bernier,Beta Gizmo Order,HR,93,3300,Approved,Delivered,Checked,Paid,TXN-91368024
534,INV0123,Hilll-O'Reilly,Epsilon Whatchamacallit Order,HR,18,1150,Approved,Delivered,Checked,Paid,TXN-35792468
535,INV0987,Emmerich Inc,Epsilon Whatchamacallit Order,Finance,59,1900,Approved,Delivered,Checked,Paid,TXN-13580246
536,INV8765,"Walker, Nienow and DuBuque",Beta Gizmo Order,Network,23,2000,Approved,Delivered,Checked,Paid,TXN-24691357
537,INV8761,"Sipes, Hane and Nader",Delta Doohickey Order,HR,7,8500,Approved,Delivered,Checked,Paid,TXN-02479135
538,INV4321,Doyle Inc,Alpha Widget Order,HR,67,8400,Approved,Delivered,Checked,Paid,TXN-91368024
539,INV8765,"Collins, Reichert and O'Hara",Gamma Thingamajig Order,HR,65,6900,Approved,Delivered,Checked,Paid,TXN-24691357
540,INV8761,"Jacobi, Greenfelder and Pagac",Delta Doohickey Order,Network,26,6100,Approved,Delivered,Checked,Paid,TXN-57924680
541,INV2109,"Green, Lindgren and Block",Alpha Widget Order,Network,100,1250,Approved,Delivered,Checked,Paid,TXN-56789012
542,INV2109,Bechtelar Inc,Beta Gizmo Order,Network,26,4400,Approved,Delivered,Checked,Paid,TXN-46813579
543,INV9012,Goyette-Schowalter,Delta Doohickey Order,Cyber Security,45,7600,Approved,Delivered,Checked,Paid,TXN-02479135
544,INV4321,Gleason Group,Epsilon Whatchamacallit Order,Finance,16,7100,Approved,Delivered,Checked,Paid,TXN-46813579
545,INV6547,Boehm-Bayer,Epsilon Whatchamacallit Order,Cyber Security,67,1400,Approved,Delivered,Checked,Paid,TXN-91368024
546,INV8765,"Haag, Lubowitz and Ritchie",Alpha Widget Order,Finance,31,6400,Approved,Delivered,Checked,Paid,TXN-68035791
547,INV4326,"Romaguera, Rempel and Ledner",Alpha Widget Order,Management,34,7200,Approved,Delivered,Checked,Paid,TXN-91368024
548,INV8765,Cremin Group,Beta Gizmo Order,Finance,27,1125,Approved,Delivered,Checked,Paid,TXN-91368024
549,INV0981,Wiza-Goodwin,Gamma Thingamajig Order,Procurement,29,4400,Approved,Delivered,Checked,Paid,TXN-57924680
550,INV4321,Orn-Roob,Beta Gizmo Order,Procurement,42,5700,Approved,Delivered,Checked,Paid,TXN-79146802
551,INV2190,Borer-Koch,Gamma Thingamajig Order,Software Develpoment,49,7400,Approved,Delivered,Checked,Paid,TXN-80257913
552,INV8765,Daniel Inc,Delta Doohickey Order,Procurement,78,4200,Approved,Delivered,Checked,Paid,TXN-13579246
553,INV6543,Medhurst and Sons,Epsilon Whatchamacallit Order,HR,49,5700,Approved,Delivered,Checked,Paid,TXN-91368024
554,INV6543,Thompson-Kirlin,Delta Doohickey Order,HR,37,6800,Approved,Delivered,Checked,Paid,TXN-35702468
555,INV0981,Howell Group,Gamma Thingamajig Order,Network,21,2800,Approved,Delivered,Checked,Paid,TXN-24691357
556,INV8765,Harris-Donnelly,Epsilon Whatchamacallit Order,Management,9,6900,Approved,Delivered,Checked,Paid,TXN-24691357
557,INV4321,"Ruecker, Veum and Sawayn",Alpha Widget Order,HR,16,3400,Approved,Delivered,Checked,Paid,TXN-13580246
558,INV8765,"Wilkinson, Dietrich and Kub",Beta Gizmo Order,Software Develpoment,31,5300,Approved,Delivered,Checked,Paid,TXN-91368024
559,INV4321,"Hyatt, Veum and Bashirian",Beta Gizmo Order,Procurement,97,1325,Approved,Delivered,Checked,Paid,TXN-57924680
560,INV8901,Jones-Becker,Gamma Thingamajig Order,Cyber Security,40,5600,Approved,Delivered,Checked,Paid,TXN-79146802
561,INV0987,Mante and Sons,Alpha Widget Order,Finance,28,1800,Approved,Delivered,Checked,Paid,TXN-02479135
562,INV6547,"Bergstrom, Bruen and Cartwright",Beta Gizmo Order,Software Develpoment,87,6500,Approved,Delivered,Checked,Paid,TXN-02479135
563,INV8761,Schamberger LLC,Epsilon Whatchamacallit Order,Network,51,4300,Approved,Delivered,Checked,Paid,TXN-02479135
564,INV8761,"Lehner, Ruecker and VonRueden",Gamma Thingamajig Order,Cyber Security,61,3500,Approved,Delivered,Checked,Paid,TXN-13580246
565,INV4321,"Deckow, Altenwerth and Gorczany",Gamma Thingamajig Order,Procurement,37,4400,Approved,Delivered,Checked,Paid,TXN-35702468
566,INV0981,Reichel-Rippin,Epsilon Whatchamacallit Order,Software Develpoment,46,5600,Approved,Delivered,Checked,Paid,TXN-35702468
567,INV4321,Doyle-Hyatt,Alpha Widget Order,Cyber Security,18,4600,Approved,Delivered,Checked,Paid,TXN-35792468
568,INV2190,Douglas-Erdman,Beta Gizmo Order,Procurement,34,4900,Approved,Delivered,Checked,Paid,TXN-91368024
569,INV8765,Pacocha-Kuphal,Epsilon Whatchamacallit Order,Management,44,8500,Approved,Delivered,Checked,Paid,TXN-13580246
570,INV4326,"Schaefer, Sauer and Flatley",Epsilon Whatchamacallit Order,Network,100,7900,Approved,Delivered,Checked,Paid,TXN-79146802
571,INV2109,"Green, Bailey and Gutmann",Delta Doohickey Order,Network,10,6000,Approved,Delivered,Checked,Paid,TXN-24691357
572,INV4321,Denesik-Cruickshank,Epsilon Whatchamacallit Order,HR,52,8900,Approved,Delivered,Checked,Paid,TXN-91368024
573,INV0981,Zulauf-Sawayn,Gamma Thingamajig Order,Cyber Security,10,7600,Approved,Delivered,Checked,Paid,TXN-35702468
574,INV4326,Ratke-Reichert,Delta Doohickey Order,Management,22,7400,Approved,Delivered,Checked,Paid,TXN-57924680
575,INV2190,Hessel Inc,Epsilon Whatchamacallit Order,Software Develpoment,81,1300,Approved,Delivered,Checked,Paid,TXN-13579246
576,INV8901,"DuBuque, Denesik and Halvorson",Gamma Thingamajig Order,HR,97,6300,Approved,Delivered,Checked,Paid,TXN-57924680
577,INV8761,Fay-Crist,Delta Doohickey Order,Management,93,9100,Approved,Delivered,Checked,Paid,TXN-34567890
578,INV6543,"Klein, Cummerata and Christiansen",Alpha Widget Order,Finance,76,8200,Approved,Delivered,Checked,Paid,TXN-80257913
579,INV6547,"Lockman, Waters and Bins",Gamma Thingamajig Order,Software Develpoment,5,3100,Approved,Delivered,Checked,Paid,TXN-57924680
580,INV6543,Sanford Group,Beta Gizmo Order,Finance,53,1700,Approved,Delivered,Checked,Paid,TXN-90123456
581,INV6543,Cormier LLC,Alpha Widget Order,HR,45,7300,Approved,Delivered,Checked,Paid,TXN-80257913
582,INV6547,Zboncak-Dickens,Alpha Widget Order,HR,51,9300,Approved,Delivered,Checked,Paid,TXN-35702468
583,INV8765,Schinner-Murphy,Gamma Thingamajig Order,Procurement,20,5200,Approved,Delivered,Checked,Paid,TXN-24691357
584,INV2190,Conn Inc,Epsilon Whatchamacallit Order,Management,33,9700,Approved,Delivered,Checked,Paid,TXN-80257913
585,INV4326,Armstrong-Kuvalis,Delta Doohickey Order,Management,93,8300,Approved,Delivered,Checked,Paid,TXN-24691357
586,INV6547,"Skiles, Orn and Ritchie",Epsilon Whatchamacallit Order,Software Develpoment,79,2100,Approved,Delivered,Checked,Paid,TXN-80257913
587,INV2109,Volkman LLC,Beta Gizmo Order,Procurement,4,7700,Approved,Delivered,Checked,Paid,TXN-24681357
588,INV6543,"Cole, Kling and Walsh",Beta Gizmo Order,Finance,40,4100,Approved,Delivered,Checked,Paid,TXN-24691357
589,INV8765,"Lakin, Murray and Sipes",Delta Doohickey Order,Finance,100,1500,Approved,Delivered,Checked,Paid,TXN-90123456
590,INV4326,"Keeling, Ruecker and Cormier",Epsilon Whatchamacallit Order,Cyber Security,41,5900,Approved,Delivered,Checked,Paid,TXN-35702468
591,INV4326,Schroeder Inc,Alpha Widget Order,HR,77,1900,Approved,Delivered,Checked,Paid,TXN-80257913
592,INV6543,Homenick-Cartwright,Delta Doohickey Order,Procurement,21,4300,Approved,Delivered,Checked,Paid,TXN-35792468
593,INV4567,Brekke-Bashirian,Alpha Widget Order,Network,24,2500,Approved,Delivered,Checked,Paid,TXN-12345678
594,INV4321,Haley Inc,Alpha Widget Order,Software Develpoment,69,1250,Approved,Delivered,Checked,Paid,TXN-91368024
595,INV2109,Jaskolski-Brekke,Alpha Widget Order,Network,37,8200,Approved,Delivered,Checked,Paid,TXN-24691357
596,INV8761,Robel Group,Gamma Thingamajig Order,Network,71,4000,Approved,Delivered,Checked,Paid,TXN-57924680
597,INV2190,Legros and Sons,Gamma Thingamajig Order,HR,68,7200,Approved,Delivered,Checked,Paid,TXN-24681357
598,INV8765,Rohan-Effertz,Beta Gizmo Order,Procurement,84,4700,Approved,Delivered,Checked,Paid,TXN-80257913
599,INV0981,Stroman Group,Beta Gizmo Order,Procurement,31,1050,Approved,Delivered,Checked,Paid,TXN-12345678
600,INV5678,Beier LLC,Beta Gizmo Order,Cyber Security,52,9800,Approved,Delivered,Checked,Paid,TXN-57924680
601,INV9876,"Frami, Tremblay and Moen",Epsilon Whatchamacallit Order,Management,13,1700,Approved,Delivered,Checked,Paid,TXN-24691357
602,INV6547,Hettinger-Turcotte,Gamma Thingamajig Order,Procurement,44,2200,Approved,Delivered,Checked,Paid,TXN-90123456
603,INV4321,"Graham, Klocko and Price",Beta Gizmo Order,Network,14,1800,Approved,Delivered,Checked,Paid,TXN-35702468
604,INV2109,Corwin Inc,Epsilon Whatchamacallit Order,Finance,63,1600,Approved,Delivered,Checked,Paid,TXN-35702468
605,INV4326,"Kirlin, Lindgren and Metz",Epsilon Whatchamacallit Order,Procurement,81,1250,Approved,Delivered,Checked,Paid,TXN-24691357
606,INV8765,"Funk, McKenzie and Bahringer",Epsilon Whatchamacallit Order,Network,99,8600,Approved,Delivered,Checked,Paid,TXN-68035791
607,INV3456,"Feil, Parisian and Smitham",Gamma Thingamajig Order,Management,35,1250,Approved,Delivered,Checked,Paid,TXN-24691357
608,INV9012,"Wehner, Nader and Gerlach",Alpha Widget Order,Procurement,78,5200,Approved,Delivered,Checked,Paid,TXN-24691357
609,INV2109,Ullrich-Fahey,Gamma Thingamajig Order,HR,77,7300,Approved,Delivered,Checked,Paid,TXN-57924680
610,INV8761,McCullough-Pollich,Beta Gizmo Order,Network,29,1325,Approved,Delivered,Checked,Paid,TXN-67890123
611,INV8765,Goodwin LLC,Delta Doohickey Order,Network,70,6800,Approved,Delivered,Checked,Paid,TXN-57924680
612,INV8765,Nader-Kemmer,Beta Gizmo Order,Cyber Security,22,9900,Approved,Delivered,Checked,Paid,TXN-24691357
613,INV4326,"Dickens, Moore and Swift",Gamma Thingamajig Order,Network,17,4900,Approved,Delivered,Checked,Paid,TXN-57924680
614,INV4321,Bins Inc,Epsilon Whatchamacallit Order,Management,64,8600,Approved,Delivered,Checked,Paid,TXN-79146802
615,INV0981,Kuhic-Tromp,Epsilon Whatchamacallit Order,Procurement,58,1400,Approved,Delivered,Checked,Paid,TXN-01234567
616,INV6547,O'Reilly LLC,Beta Gizmo Order,Network,47,7800,Approved,Delivered,Checked,Paid,TXN-79146802
617,INV8765,"Gutkowski, McGlynn and Hagenes",Beta Gizmo Order,HR,31,8500,Approved,Delivered,Checked,Paid,TXN-91368024
618,INV6789,Stoltenberg Inc,Beta Gizmo Order,Procurement,10,8500,Approved,Delivered,Checked,Paid,TXN-35702468
619,INV6789,Sauer and Sons,Alpha Widget Order,Cyber Security,39,8000,Approved,Delivered,Checked,Paid,TXN-79146802
620,INV6543,Will Inc,Delta Doohickey Order,HR,15,8100,Approved,Delivered,Checked,Paid,TXN-02479135
621,INV2109,"Deckow, Cartwright and Sawayn",Alpha Widget Order,Procurement,47,1800,Approved,Delivered,Checked,Paid,TXN-45678901
622,INV6547,Will and Sons,Delta Doohickey Order,Network,37,2500,Approved,Delivered,Checked,Paid,TXN-80257913
623,INV6543,McClure-Stoltenberg,Delta Doohickey Order,Cyber Security,34,1700,Approved,Delivered,Checked,Paid,TXN-35702468
624,INV4321,Klein-Jacobs,Delta Doohickey Order,Software Develpoment,31,5200,Approved,Delivered,Checked,Paid,TXN-79146802
625,INV2190,Homenick Group,Delta Doohickey Order,Management,38,5800,Approved,Delivered,Checked,Paid,TXN-46813579
626,INV2109,Morar-Mohr,Beta Gizmo Order,Cyber Security,4,3600,Approved,Delivered,Checked,Paid,TXN-79146802
627,INV8901,Dare LLC,Epsilon Whatchamacallit Order,Network,75,1400,Approved,Delivered,Checked,Paid,TXN-35702468
628,INV8765,Vandervort-Ryan,Epsilon Whatchamacallit Order,Finance,73,9700,Approved,Delivered,Checked,Paid,TXN-80257913
629,INV0981,Gerlach Group,Gamma Thingamajig Order,Finance,29,2000,Approved,Delivered,Checked,Paid,TXN-91368024
630,INV0987,Kulas-Corwin,Gamma Thingamajig Order,Network,78,7500,Approved,Delivered,Checked,Paid,TXN-46813579
631,INV0987,Waters-Swaniawski,Epsilon Whatchamacallit Order,Management,39,3400,Approved,Delivered,Checked,Paid,TXN-80257913
632,INV0987,Beier Inc,Gamma Thingamajig Order,HR,50,7500,Approved,Delivered,Checked,Paid,TXN-02479135
633,INV8901,Predovic Inc,Delta Doohickey Order,Software Develpoment,62,5400,Approved,Delivered,Checked,Paid,TXN-57924680
634,INV1234,Beahan-Abernathy,Alpha Widget Order,Management,12,7800,Approved,Delivered,Checked,Paid,TXN-46813579
635,INV0981,Kulas Group,Epsilon Whatchamacallit Order,Software Develpoment,9,8200,Approved,Delivered,Checked,Paid,TXN-68035791
636,INV6543,Howe-Bosco,Gamma Thingamajig Order,Software Develpoment,85,8100,Approved,Delivered,Checked,Paid,TXN-23456789
637,INV4321,Kulas-VonRueden,Epsilon Whatchamacallit Order,Management,58,3700,Approved,Delivered,Checked,Paid,TXN-91368024
638,INV8765,Tromp LLC,Alpha Widget Order,Cyber Security,89,7800,Approved,Delivered,Checked,Paid,TXN-46813579
639,INV8765,Bashirian-Koss,Delta Doohickey Order,HR,45,8200,Approved,Delivered,Checked,Paid,TXN-79146802
640,INV8761,"Deckow, Mitchell and Quigley",Alpha Widget Order,Cyber Security,88,2100,Approved,Delivered,Checked,Paid,TXN-13580246
641,INV2109,Lynch-Feil,Delta Doohickey Order,Management,84,4800,Approved,Delivered,Checked,Paid,TXN-57924680
642,INV0981,Bogisich LLC,Gamma Thingamajig Order,Finance,82,4400,Approved,Delivered,Checked,Paid,TXN-68035791
643,INV4321,Lueilwitz-Gulgowski,Beta Gizmo Order,Management,44,9800,Approved,Delivered,Checked,Paid,TXN-02479135
644,INV1234,Lynch-Zulauf,Gamma Thingamajig Order,Management,31,5400,Approved,Delivered,Checked,Paid,TXN-35792468
645,INV2109,Yundt LLC,Alpha Widget Order,Cyber Security,41,7100,Approved,Delivered,Checked,Paid,TXN-79146802
646,INV9876,Balistreri-Erdman,Beta Gizmo Order,Finance,25,5100,Approved,Delivered,Checked,Paid,TXN-35792468
647,INV0987,"Beahan, Quigley and Okuneva",Gamma Thingamajig Order,Software Develpoment,9,1325,Approved,Delivered,Checked,Paid,TXN-13580246
648,INV6543,"Dibbert, Wehner and Krajcik",Epsilon Whatchamacallit Order,Procurement,12,2600,Approved,Delivered,Checked,Paid,TXN-13580246
649,INV0981,"Nienow, Huels and Bode",Alpha Widget Order,Software Develpoment,18,9900,Approved,Delivered,Checked,Paid,TXN-46813579
650,INV8765,Will-Ratke,Delta Doohickey Order,Finance,50,1400,Approved,Delivered,Checked,Paid,TXN-02479135
651,INV4326,Connelly and Sons,Delta Doohickey Order,Finance,45,1250,Approved,Delivered,Checked,Paid,TXN-46813579
652,INV8761,"Quigley, Romaguera and Ledner",Epsilon Whatchamacallit Order,Network,38,2000,Approved,Delivered,Checked,Paid,TXN-12345678
653,INV6547,Kuhic-Deckow,Epsilon Whatchamacallit Order,Procurement,63,5400,Approved,Delivered,Checked,Paid,TXN-02479135
654,INV6543,Senger-Blick,Epsilon Whatchamacallit Order,HR,83,2800,Approved,Delivered,Checked,Paid,TXN-46813579
655,INV8761,"Paucek, Howe and Wyman",Beta Gizmo Order,Cyber Security,82,8500,Approved,Delivered,Checked,Paid,TXN-02479135
656,INV1234,Lakin-Kulas,Delta Doohickey Order,Network,69,1550,Approved,Delivered,Checked,Paid,TXN-91368024
657,INV2109,"Zulauf, Powlowski and Torp",Delta Doohickey Order,HR,37,8600,Approved,Delivered,Checked,Paid,TXN-24691357
658,INV0981,"Lesch, Weimann and Bauch",Epsilon Whatchamacallit Order,Software Develpoment,93,6400,Approved,Delivered,Checked,Paid,TXN-80257913
659,INV4326,Luettgen-Schumm,Gamma Thingamajig Order,Finance,74,5100,Approved,Delivered,Checked,Paid,TXN-35702468
660,INV6547,"Daugherty, Breitenberg and Daugherty",Beta Gizmo Order,Cyber Security,85,6900,Approved,Delivered,Checked,Paid,TXN-68035791
661,INV8761,"Hintz, Hegmann and Kohler",Beta Gizmo Order,HR,100,6700,Approved,Delivered,Checked,Paid,TXN-24691357
662,INV6543,Kunze-Hoeger,Beta Gizmo Order,HR,94,1400,Approved,Delivered,Checked,Paid,TXN-13580246
663,INV6547,Robel-Runolfsdottir,Epsilon Whatchamacallit Order,Management,46,8800,Approved,Delivered,Checked,Paid,TXN-80257913
664,INV4326,Hermann LLC,Epsilon Whatchamacallit Order,Network,81,8400,Approved,Delivered,Checked,Paid,TXN-79146802
665,INV0987,"Larson, Stiedemann and Bergstrom",Epsilon Whatchamacallit Order,Cyber Security,10,1050,Approved,Delivered,Checked,Paid,TXN-24691357
666,INV5678,"Blick, Marks and Kuhic",Alpha Widget Order,Network,64,4100,Approved,Delivered,Checked,Paid,TXN-01234567
667,INV2109,Kshlerin LLC,Delta Doohickey Order,Cyber Security,57,10000,Approved,Delivered,Checked,Paid,TXN-02479135
668,INV6547,"Rolfson, Quitzon and Johns",Epsilon Whatchamacallit Order,Cyber Security,12,4400,Approved,Delivered,Checked,Paid,TXN-79146802
669,INV0981,Jacobs-Walter,Gamma Thingamajig Order,Network,82,4000,Approved,Delivered,Checked,Paid,TXN-80257913
670,INV2190,O'Connell LLC,Gamma Thingamajig Order,Network,33,1450,Approved,Delivered,Checked,Paid,TXN-12345678
671,INV5678,Gislason and Sons,Epsilon Whatchamacallit Order,Management,65,9000,Approved,Delivered,Checked,Paid,TXN-46813579
672,INV6543,Rowe LLC,Alpha Widget Order,HR,56,3600,Approved,Delivered,Checked,Paid,TXN-68035791
673,INV0981,Lesch and Sons,Delta Doohickey Order,Software Develpoment,66,4200,Approved,Delivered,Checked,Paid,TXN-24691357
674,INV0981,Herzog and Sons,Beta Gizmo Order,Cyber Security,89,1900,Approved,Delivered,Checked,Paid,TXN-91368024
675,INV8765,"Jast, Fay and Bashirian",Beta Gizmo Order,Software Develpoment,70,2500,Approved,Delivered,Checked,Paid,TXN-68035791
676,INV2190,Cremin-Lynch,Epsilon Whatchamacallit Order,Cyber Security,19,1800,Approved,Delivered,Checked,Paid,TXN-68035791
677,INV4326,Langworth Inc,Alpha Widget Order,Network,34,4700,Approved,Delivered,Checked,Paid,TXN-68035791
678,INV0981,"Marvin, Bashirian and Glover",Alpha Widget Order,Network,25,6500,Approved,Delivered,Checked,Paid,TXN-13580246
679,INV6547,Kreiger-Walker,Delta Doohickey Order,Cyber Security,73,9100,Approved,Delivered,Checked,Paid,TXN-56789012
680,INV2109,Lebsack-Moore,Gamma Thingamajig Order,Software Develpoment,64,6200,Approved,Delivered,Checked,Paid,TXN-57924680
681,INV2109,Effertz-Borer,Alpha Widget Order,HR,59,2700,Approved,Delivered,Checked,Paid,TXN-45678901
682,INV8765,"Kilback, Ratke and Carter",Epsilon Whatchamacallit Order,Finance,12,3200,Approved,Delivered,Checked,Paid,TXN-35792468
683,INV0987,"Yundt, Tremblay and Ward",Alpha Widget Order,Cyber Security,75,3000,Approved,Delivered,Checked,Paid,TXN-24691357
684,INV6547,"Dare, Thompson and Sawayn",Epsilon Whatchamacallit Order,Network,15,8300,Approved,Delivered,Checked,Paid,TXN-35702468
685,INV4567,Hahn-Roob,Epsilon Whatchamacallit Order,Cyber Security,46,1450,Approved,Delivered,Checked,Paid,TXN-46813579
686,INV0981,Murphy Inc,Gamma Thingamajig Order,Procurement,17,2200,Approved,Delivered,Checked,Paid,TXN-35702468
687,INV0981,"Nader, Raynor and Greenholt",Delta Doohickey Order,HR,18,1350,Approved,Delivered,Checked,Paid,TXN-79146802
688,INV0987,"Spinka, Kassulke and Cassin",Delta Doohickey Order,Finance,9,5800,Approved,Delivered,Checked,Paid,TXN-57924680
689,INV6547,Pfeffer-Cole,Delta Doohickey Order,Finance,38,6600,Approved,Delivered,Checked,Paid,TXN-57924680
690,INV0981,Bartoletti-Schroeder,Delta Doohickey Order,Network,96,4100,Approved,Delivered,Checked,Paid,TXN-57924680
691,INV2109,McDermott-Conn,Beta Gizmo Order,HR,60,7400,Approved,Delivered,Checked,Paid,TXN-91368024
692,INV4321,"Rogahn, Effertz and Hessel",Beta Gizmo Order,Finance,72,6400,Approved,Delivered,Checked,Paid,TXN-24681357
693,INV1234,"Emard, Kuphal and Buckridge",Gamma Thingamajig Order,Cyber Security,10,1225,Approved,Delivered,Checked,Paid,TXN-24681357
694,INV8765,"Koch, Blick and Crooks",Epsilon Whatchamacallit Order,Network,92,7500,Approved,Delivered,Checked,Paid,TXN-79146802
695,INV8765,"Morissette, McKenzie and Hand",Epsilon Whatchamacallit Order,Software Develpoment,61,6900,Approved,Delivered,Checked,Paid,TXN-24691357
696,INV0987,Schoen Inc,Delta Doohickey Order,Finance,27,4200,Approved,Delivered,Checked,Paid,TXN-35702468
697,INV4321,Rosenbaum-Lemke,Alpha Widget Order,Cyber Security,28,4900,Approved,Delivered,Checked,Paid,TXN-91368024
698,INV4326,Johnson and Sons,Beta Gizmo Order,HR,96,2900,Approved,Delivered,Checked,Paid,TXN-02479135
699,INV0981,Towne-Yost,Beta Gizmo Order,Finance,94,2700,Approved,Delivered,Checked,Paid,TXN-02479135
700,INV8901,"O'Hara, Gusikowski and Wiza",Epsilon Whatchamacallit Order,Network,16,5000,Approved,Delivered,Checked,Paid,TXN-01234567
701,INV4321,Borer Inc,Beta Gizmo Order,Software Develpoment,47,9700,Approved,Delivered,Checked,Paid,TXN-02479135
702,INV4326,Deckow LLC,Gamma Thingamajig Order,HR,25,3900,Approved,Delivered,Checked,Paid,TXN-13580246
703,INV4321,Stracke Inc,Epsilon Whatchamacallit Order,Cyber Security,33,6300,Approved,Delivered,Checked,Paid,TXN-01234567
704,INV6547,Treutel-Gleason,Epsilon Whatchamacallit Order,Procurement,96,8900,Approved,Delivered,Checked,Paid,TXN-80257913
705,INV6547,Bosco LLC,Gamma Thingamajig Order,Network,13,1650,Approved,Delivered,Checked,Paid,TXN-24691357
706,INV4326,Schuster-Pouros,Beta Gizmo Order,Procurement,74,2300,Approved,Delivered,Checked,Paid,TXN-57924680
707,INV3456,Denesik LLC,Epsilon Whatchamacallit Order,Software Develpoment,99,2500,Approved,Delivered,Checked,Paid,TXN-91368024
708,INV0981,"Willms, Vandervort and Koepp",Delta Doohickey Order,Finance,50,1350,Approved,Delivered,Checked,Paid,TXN-46813579
709,INV6543,Wisoky-Schinner,Epsilon Whatchamacallit Order,Software Develpoment,31,6900,Approved,Delivered,Checked,Paid,TXN-68035791
710,INV6789,Nader-Volkman,Gamma Thingamajig Order,Management,46,9100,Approved,Delivered,Checked,Paid,TXN-24681357
711,INV8761,King and Sons,Gamma Thingamajig Order,Procurement,26,1225,Approved,Delivered,Checked,Paid,TXN-68035791
712,INV2190,Donnelly-Douglas,Beta Gizmo Order,Network,18,2600,Approved,Delivered,Checked,Paid,TXN-79146802
713,INV8765,Weissnat Group,Gamma Thingamajig Order,Finance,49,6800,Approved,Delivered,Checked,Paid,TXN-46813579
714,INV0987,"Schroeder, Kreiger and Muller",Beta Gizmo Order,Cyber Security,52,2000,Approved,Delivered,Checked,Paid,TXN-13580246
715,INV9012,Kunze-Hermann,Alpha Widget Order,HR,58,4500,Approved,Delivered,Checked,Paid,TXN-46813579
716,INV4321,Halvorson-Block,Gamma Thingamajig Order,Management,43,6000,Approved,Delivered,Checked,Paid,TXN-34567890
717,INV0987,"Blanda, Doyle and Blanda",Alpha Widget Order,Software Develpoment,42,5300,Approved,Delivered,Checked,Paid,TXN-35702468
718,INV6547,"Willms, Koepp and Kuhic",Beta Gizmo Order,Software Develpoment,23,5100,Approved,Delivered,Checked,Paid,TXN-02479135
719,INV6547,Bednar LLC,Gamma Thingamajig Order,HR,30,1350,Approved,Delivered,Checked,Paid,TXN-02479135
720,INV8761,"McGlynn, Hills and Pollich",Beta Gizmo Order,Cyber Security,76,7300,Approved,Delivered,Checked,Paid,TXN-45678901
721,INV0987,"Zulauf, Thompson and Reinger",Delta Doohickey Order,HR,81,2100,Approved,Delivered,Checked,Paid,TXN-80257913
722,INV4321,Tromp-Ward,Gamma Thingamajig Order,Cyber Security,83,3800,Approved,Delivered,Checked,Paid,TXN-80257913
723,INV0987,McGlynn and Sons,Beta Gizmo Order,Network,66,3600,Approved,Delivered,Checked,Paid,TXN-35702468
724,INV4326,Ruecker-Hagenes,Epsilon Whatchamacallit Order,Software Develpoment,100,1550,Approved,Delivered,Checked,Paid,TXN-02479135
725,INV0987,Murphy-Koepp,Beta Gizmo Order,HR,94,5200,Approved,Delivered,Checked,Paid,TXN-46813579
726,INV8765,Cremin Inc,Epsilon Whatchamacallit Order,Cyber Security,69,8700,Approved,Delivered,Checked,Paid,TXN-35702468
727,INV0981,Mosciski-Kohler,Gamma Thingamajig Order,HR,92,5600,Approved,Delivered,Checked,Paid,TXN-80257913
728,INV0981,Cronin Group,Beta Gizmo Order,HR,45,2200,Approved,Delivered,Checked,Paid,TXN-02479135
729,INV6543,"Schmitt, Wiza and Mann",Delta Doohickey Order,Procurement,94,6600,Approved,Delivered,Checked,Paid,TXN-24691357
730,INV8765,Braun-Thompson,Beta Gizmo Order,Network,42,4700,Approved,Delivered,Checked,Paid,TXN-80257913
731,INV4321,Streich-Kuhlman,Delta Doohickey Order,HR,89,5700,Approved,Delivered,Checked,Paid,TXN-79146802
732,INV9012,Bergstrom and Sons,Beta Gizmo Order,Finance,100,6800,Approved,Delivered,Checked,Paid,TXN-91368024
733,INV0981,"Tremblay, Lind and Ullrich",Delta Doohickey Order,Procurement,41,5100,Approved,Delivered,Checked,Paid,TXN-02479135
734,INV0987,Turcotte Inc,Beta Gizmo Order,Network,69,7000,Approved,Delivered,Checked,Paid,TXN-68035791
735,INV6547,Schuppe-Rosenbaum,Epsilon Whatchamacallit Order,Cyber Security,72,5400,Approved,Delivered,Checked,Paid,TXN-45678901
736,INV6543,"Rippin, Kuhlman and Rempel",Epsilon Whatchamacallit Order,Software Develpoment,6,3400,Approved,Delivered,Checked,Paid,TXN-35702468
737,INV4321,Braun-Hintz,Gamma Thingamajig Order,Procurement,50,8000,Approved,Delivered,Checked,Paid,TXN-23456789
738,INV8765,"Rolfson, Bauch and Jerde",Epsilon Whatchamacallit Order,Network,96,7700,Approved,Delivered,Checked,Paid,TXN-68035791
739,INV0981,Jacobi LLC,Beta Gizmo Order,Finance,15,6300,Approved,Delivered,Checked,Paid,TXN-24691357
740,INV8765,Homenick-Monahan,Gamma Thingamajig Order,Finance,67,1125,Approved,Delivered,Checked,Paid,TXN-57924680
741,INV6789,McLaughlin and Sons,Gamma Thingamajig Order,Network,51,7800,Approved,Delivered,Checked,Paid,TXN-80257913
742,INV2109,Mante and Sons,Gamma Thingamajig Order,Finance,5,7900,Approved,Delivered,Checked,Paid,TXN-80257913
743,INV0981,"Roob, Sawayn and Cormier",Epsilon Whatchamacallit Order,Management,30,1225,Approved,Delivered,Checked,Paid,TXN-02479135
744,INV0981,Rutherford LLC,Delta Doohickey Order,Cyber Security,17,9000,Approved,Delivered,Checked,Paid,TXN-35702468
745,INV8761,Hoppe-Predovic,Epsilon Whatchamacallit Order,Procurement,14,2300,Approved,Delivered,Checked,Paid,TXN-46813579
746,INV6547,Boyle-Goldner,Epsilon Whatchamacallit Order,Network,94,7100,Approved,Delivered,Checked,Paid,TXN-46813579
747,INV6543,Aufderhar Group,Gamma Thingamajig Order,Network,33,8800,Approved,Delivered,Checked,Paid,TXN-46813579
748,INV8765,"Dibbert, Harvey and Green",Alpha Widget Order,Software Develpoment,22,3000,Approved,Delivered,Checked,Paid,TXN-57924680
749,INV4326,Osinski Inc,Delta Doohickey Order,Finance,15,1750,Approved,Delivered,Checked,Paid,TXN-57924680
750,INV0981,"Willms, Emmerich and Altenwerth",Beta Gizmo Order,Network,5,1900,Approved,Delivered,Checked,Paid,TXN-13579246
751,INV0123,"O'Conner, Rogahn and Schneider",Alpha Widget Order,HR,78,5900,Approved,Delivered,Checked,Paid,TXN-79146802
752,INV4326,Feest and Sons,Epsilon Whatchamacallit Order,Management,35,2600,Approved,Delivered,Checked,Paid,TXN-13580246
753,INV0987,"Dooley, Grant and Wehner",Gamma Thingamajig Order,Management,66,3900,Approved,Delivered,Checked,Paid,TXN-80257913
754,INV2190,Raynor Group,Gamma Thingamajig Order,HR,55,3500,Approved,Delivered,Checked,Paid,TXN-45678901
755,INV8761,Schiller-Kihn,Delta Doohickey Order,Management,33,2700,Approved,Delivered,Checked,Paid,TXN-68035791
756,INV6543,"Herzog, Bernhard and Zulauf",Delta Doohickey Order,Software Develpoment,99,1750,Approved,Delivered,Checked,Paid,TXN-46813579
757,INV4321,Schumm Inc,Alpha Widget Order,Procurement,89,9500,Approved,Delivered,Checked,Paid,TXN-13579246
758,INV2190,"Konopelski, Funk and Deckow",Epsilon Whatchamacallit Order,HR,60,9600,Approved,Delivered,Checked,Paid,TXN-24691357
759,INV4567,Abbott Group,Epsilon Whatchamacallit Order,Software Develpoment,80,5800,Approved,Delivered,Checked,Paid,TXN-46813579
760,INV6543,Koelpin-Mann,Gamma Thingamajig Order,HR,19,4200,Approved,Delivered,Checked,Paid,TXN-91368024
761,INV8761,Klocko Group,Delta Doohickey Order,Cyber Security,49,6700,Approved,Delivered,Checked,Paid,TXN-24691357
762,INV8901,Maggio-Brekke,Gamma Thingamajig Order,Procurement,5,8600,Approved,Delivered,Checked,Paid,TXN-35702468
763,INV4321,"Collins, Gorczany and Ziemann",Gamma Thingamajig Order,Finance,25,6700,Approved,Delivered,Checked,Paid,TXN-35702468
764,INV4326,Yost and Sons,Epsilon Whatchamacallit Order,Cyber Security,77,1450,Approved,Delivered,Checked,Paid,TXN-02479135
765,INV2109,"Legros, Langworth and D'Amore",Gamma Thingamajig Order,Finance,73,1225,Approved,Delivered,Checked,Paid,TXN-56789012
766,INV8765,Tremblay-Fritsch,Epsilon Whatchamacallit Order,HR,5,1450,Approved,Delivered,Checked,Paid,TXN-13580246
767,INV0987,Towne and Sons,Beta Gizmo Order,Network,57,7000,Approved,Delivered,Checked,Paid,TXN-80257913
768,INV0981,Kuhn-Cronin,Epsilon Whatchamacallit Order,Network,24,5300,Approved,Delivered,Checked,Paid,TXN-80257913
769,INV4326,Jaskolski and Sons,Beta Gizmo Order,Procurement,71,4100,Approved,Delivered,Checked,Paid,TXN-68035791
770,INV4321,"Hackett, Bergnaum and Koepp",Beta Gizmo Order,HR,52,9800,Approved,Delivered,Checked,Paid,TXN-57924680
771,INV2109,"Stracke, Pouros and Crona",Epsilon Whatchamacallit Order,Software Develpoment,19,4900,Approved,Delivered,Checked,Paid,TXN-90123456
772,INV0981,Jacobs-Smith,Epsilon Whatchamacallit Order,Software Develpoment,54,5600,Approved,Delivered,Checked,Paid,TXN-34567890
773,INV2109,"Zulauf, Orn and Denesik",Delta Doohickey Order,HR,47,8000,Approved,Delivered,Checked,Paid,TXN-35702468
774,INV8765,Ernser-O'Connell,Beta Gizmo Order,Cyber Security,69,8900,Approved,Delivered,Checked,Paid,TXN-80257913
775,INV2345,"O'Keefe, Dickinson and Koelpin",Beta Gizmo Order,Procurement,51,6000,Approved,Delivered,Checked,Paid,TXN-79146802
776,INV8761,Schowalter Inc,Alpha Widget Order,Procurement,29,6000,Approved,Delivered,Checked,Paid,TXN-46813579
777,INV2345,Armstrong-Schultz,Alpha Widget Order,Cyber Security,5,2700,Approved,Delivered,Checked,Paid,TXN-35792468
778,INV0981,"Willms, Baumbach and Nikolaus",Epsilon Whatchamacallit Order,Cyber Security,47,1100,Approved,Delivered,Checked,Paid,TXN-46813579
779,INV4321,Rowe-Beatty,Delta Doohickey Order,Procurement,39,1450,Approved,Delivered,Checked,Paid,TXN-80257913
780,INV9012,Huels LLC,Alpha Widget Order,Procurement,81,9400,Approved,Delivered,Checked,Paid,TXN-80257913
781,INV8765,Brakus-Johnson,Delta Doohickey Order,Finance,50,3500,Approved,Delivered,Checked,Paid,TXN-02479135
782,INV0981,"Torp, Abshire and Wisoky",Alpha Widget Order,Procurement,5,8200,Approved,Delivered,Checked,Paid,TXN-78901234
783,INV6543,Littel Inc,Epsilon Whatchamacallit Order,HR,35,9200,Approved,Delivered,Checked,Paid,TXN-46813579
784,INV2190,Boehm-West,Gamma Thingamajig Order,Finance,79,1100,Approved,Delivered,Checked,Paid,TXN-80257913
785,INV5432,"Hyatt, Ritchie and Williamson",Epsilon Whatchamacallit Order,Finance,53,8600,Approved,Delivered,Checked,Paid,TXN-79146802
786,INV6543,Zboncak-Howell,Epsilon Whatchamacallit Order,HR,74,8100,Approved,Delivered,Checked,Paid,TXN-24691357
787,INV8765,"Goldner, Olson and Gutkowski",Delta Doohickey Order,Finance,98,1100,Approved,Delivered,Checked,Paid,TXN-46813579
788,INV6547,"Carroll, Ward and Vandervort",Epsilon Whatchamacallit Order,Cyber Security,50,3500,Approved,Delivered,Checked,Paid,TXN-46813579
789,INV4321,Pfannerstill and Sons,Delta Doohickey Order,Software Develpoment,24,6400,Approved,Delivered,Checked,Paid,TXN-24691357
790,INV2190,Cormier LLC,Alpha Widget Order,Procurement,65,6500,Approved,Delivered,Checked,Paid,TXN-80257913
791,INV0987,Koss Group,Delta Doohickey Order,Finance,80,4700,Approved,Delivered,Checked,Paid,TXN-13580246
792,INV6547,"Windler, Boyer and Weber",Beta Gizmo Order,Finance,86,7000,Approved,Delivered,Checked,Paid,TXN-46813579
793,INV8761,Berge and Sons,Epsilon Whatchamacallit Order,HR,32,1150,Approved,Delivered,Checked,Paid,TXN-35792468
794,INV4326,"Gutkowski, Thiel and Kunze",Delta Doohickey Order,Network,84,9800,Approved,Delivered,Checked,Paid,TXN-68035791
795,INV8765,Weber-Herman,Delta Doohickey Order,Finance,51,4800,Approved,Delivered,Checked,Paid,TXN-57924680
796,INV2190,Hudson-Thompson,Epsilon Whatchamacallit Order,Management,62,8500,Approved,Delivered,Checked,Paid,TXN-89012345
797,INV4326,Spinka-Bergnaum,Epsilon Whatchamacallit Order,Cyber Security,60,7400,Approved,Delivered,Checked,Paid,TXN-80257913
798,INV0981,Quitzon Group,Epsilon Whatchamacallit Order,Procurement,8,4200,Approved,Delivered,Checked,Paid,TXN-57924680
799,INV0987,Jacobi Group,Epsilon Whatchamacallit Order,Management,38,5200,Approved,Delivered,Checked,Paid,TXN-46813579
800,INV2109,Gleichner LLC,Alpha Widget Order,HR,65,1750,Approved,Delivered,Checked,Paid,TXN-13580246
801,INV8761,"Zemlak, Littel and Kovacek",Delta Doohickey Order,HR,27,2700,Approved,Delivered,Checked,Paid,TXN-35702468
802,INV2109,Langworth-Schaden,Gamma Thingamajig Order,Management,41,6900,Approved,Delivered,Checked,Paid,TXN-35702468
803,INV4321,Satterfield Inc,Gamma Thingamajig Order,Management,50,4200,Approved,Delivered,Checked,Paid,TXN-24691357
804,INV4326,Schultz-Hermiston,Beta Gizmo Order,Cyber Security,13,1050,Approved,Delivered,Checked,Paid,TXN-24691357
805,INV0981,Funk LLC,Delta Doohickey Order,Procurement,10,2500,Approved,Delivered,Checked,Paid,TXN-02479135
806,INV0981,Rice and Sons,Epsilon Whatchamacallit Order,Management,39,4600,Approved,Delivered,Checked,Paid,TXN-57924680
807,INV0987,Ferry-Cole,Delta Doohickey Order,Cyber Security,92,1325,Approved,Delivered,Checked,Paid,TXN-02479135
808,INV0123,Moore-Brown,Gamma Thingamajig Order,Software Develpoment,94,5300,Approved,Delivered,Checked,Paid,TXN-80257913
809,INV8761,"Schultz, Bode and Cremin",Gamma Thingamajig Order,Software Develpoment,91,8500,Approved,Delivered,Checked,Paid,TXN-57924680
810,INV9012,Altenwerth LLC,Alpha Widget Order,Software Develpoment,56,1100,Approved,Delivered,Checked,Paid,TXN-13579246
811,INV9876,Bayer-Rodriguez,Delta Doohickey Order,Software Develpoment,3,7300,Approved,Delivered,Checked,Paid,TXN-80257913
812,INV8765,"Koch, O'Connell and Greenfelder",Gamma Thingamajig Order,Cyber Security,47,7200,Approved,Delivered,Checked,Paid,TXN-02479135
813,INV0981,Conroy-Quitzon,Alpha Widget Order,Network,43,7100,Approved,Delivered,Checked,Paid,TXN-90123456
814,INV8761,Hickle-Skiles,Gamma Thingamajig Order,Procurement,39,2200,Approved,Delivered,Checked,Paid,TXN-45678901
815,INV4321,Nienow-Ruecker,Epsilon Whatchamacallit Order,HR,33,5300,Approved,Delivered,Checked,Paid,TXN-35702468
816,INV0987,"Grady, Hilll and Champlin",Beta Gizmo Order,Finance,78,1800,Approved,Delivered,Checked,Paid,TXN-80257913
817,INV2345,Borer-Murray,Beta Gizmo Order,Software Develpoment,95,9400,Approved,Delivered,Checked,Paid,TXN-13580246
818,INV0987,Conroy-Schimmel,Delta Doohickey Order,Procurement,14,1325,Approved,Delivered,Checked,Paid,TXN-80257913
819,INV2190,"Dickens, Walsh and Medhurst",Beta Gizmo Order,Network,18,10000,Approved,Delivered,Checked,Paid,TXN-68035791
820,INV4326,Feeney and Sons,Delta Doohickey Order,HR,92,7900,Approved,Delivered,Checked,Paid,TXN-57924680
821,INV6543,Reilly Group,Alpha Widget Order,Procurement,25,9100,Approved,Delivered,Checked,Paid,TXN-79146802
822,INV2109,Jacobi-Schaefer,Beta Gizmo Order,Finance,9,6500,Approved,Delivered,Checked,Paid,TXN-24691357
823,INV6543,Williamson-Runte,Beta Gizmo Order,Cyber Security,53,8900,Approved,Delivered,Checked,Paid,TXN-13580246
824,INV4326,Miller-Douglas,Beta Gizmo Order,Procurement,20,5000,Approved,Delivered,Checked,Paid,TXN-57924680
825,INV2190,"Yundt, Graham and Ratke",Beta Gizmo Order,Procurement,55,1400,Approved,Delivered,Checked,Paid,TXN-02479135
826,INV0981,"Kulas, Weber and Lynch",Alpha Widget Order,Network,72,7700,Approved,Delivered,Checked,Paid,TXN-13579246
827,INV0981,Macejkovic-Hammes,Alpha Widget Order,Procurement,31,4400,Approved,Delivered,Checked,Paid,TXN-46813579
828,INV5678,Walker-Rolfson,Delta Doohickey Order,Network,71,8900,Approved,Delivered,Checked,Paid,TXN-01234567
829,INV1234,Keebler-Huels,Gamma Thingamajig Order,Procurement,57,1600,Approved,Delivered,Checked,Paid,TXN-80257913
830,INV0981,Ryan LLC,Alpha Widget Order,HR,67,4300,Approved,Delivered,Checked,Paid,TXN-46813579
831,INV8761,Hand and Sons,Epsilon Whatchamacallit Order,Finance,65,1325,Approved,Delivered,Checked,Paid,TXN-24691357
832,INV0981,"Welch, Vandervort and Simonis",Epsilon Whatchamacallit Order,Cyber Security,20,4500,Approved,Delivered,Checked,Paid,TXN-68035791
833,INV6543,Considine-Lubowitz,Gamma Thingamajig Order,Management,40,1400,Approved,Delivered,Checked,Paid,TXN-91368024
834,INV8761,West LLC,Beta Gizmo Order,Cyber Security,52,1750,Approved,Delivered,Checked,Paid,TXN-24691357
835,INV6543,Rath-Gleichner,Delta Doohickey Order,Finance,87,5100,Approved,Delivered,Checked,Paid,TXN-79146802
836,INV0981,Daniel and Sons,Alpha Widget Order,Procurement,49,8600,Approved,Delivered,Checked,Paid,TXN-35702468
837,INV8761,Champlin Group,Epsilon Whatchamacallit Order,Network,41,1300,Approved,Delivered,Checked,Paid,TXN-68035791
838,INV6789,"King, Brown and Frami",Beta Gizmo Order,Cyber Security,31,8900,Approved,Delivered,Checked,Paid,TXN-35792468
839,INV2109,"Stiedemann, Reichel and Stark",Delta Doohickey Order,Cyber Security,22,7200,Approved,Delivered,Checked,Paid,TXN-91368024
840,INV2109,"Klocko, Mitchell and Metz",Epsilon Whatchamacallit Order,Network,68,2100,Approved,Delivered,Checked,Paid,TXN-68035791
841,INV6543,"Schuster, Conroy and Bartell",Epsilon Whatchamacallit Order,Finance,18,6600,Approved,Delivered,Checked,Paid,TXN-35702468
842,INV6543,"Jast, O'Kon and Kuhic",Beta Gizmo Order,Finance,84,5800,Approved,Delivered,Checked,Paid,TXN-13580246
843,INV0981,Oberbrunner-Block,Delta Doohickey Order,Software Develpoment,77,2100,Approved,Delivered,Checked,Paid,TXN-57924680
844,INV2190,Jacobi Inc,Beta Gizmo Order,HR,67,7700,Approved,Delivered,Checked,Paid,TXN-80257913
845,INV8901,Jast Group,Beta Gizmo Order,Software Develpoment,72,1225,Approved,Delivered,Checked,Paid,TXN-57924680
846,INV0987,Schamberger-Sauer,Delta Doohickey Order,Management,13,9100,Approved,Delivered,Checked,Paid,TXN-80257913
847,INV2345,"Leffler, Cartwright and Kuhlman",Alpha Widget Order,HR,17,2000,Approved,Delivered,Checked,Paid,TXN-68035791
848,INV2190,Smith-Krajcik,Epsilon Whatchamacallit Order,HR,99,8600,Approved,Delivered,Checked,Paid,TXN-13580246
849,INV2109,Graham and Sons,Alpha Widget Order,Cyber Security,92,9100,Approved,Delivered,Checked,Paid,TXN-02479135
850,INV3456,"Bogan, Schneider and Hilll",Epsilon Whatchamacallit Order,HR,74,8900,Approved,Delivered,Checked,Paid,TXN-13580246
851,INV2109,"Howe, McDermott and Corwin",Epsilon Whatchamacallit Order,Procurement,57,1225,Approved,Delivered,Checked,Paid,TXN-13580246
852,INV4321,Price-Lebsack,Epsilon Whatchamacallit Order,HR,78,7300,Approved,Delivered,Checked,Paid,TXN-80257913
853,INV8761,Zemlak-Lesch,Epsilon Whatchamacallit Order,Network,76,9700,Approved,Delivered,Checked,Paid,TXN-68035791
854,INV7890,Huel LLC,Alpha Widget Order,Finance,49,7400,Approved,Delivered,Checked,Paid,TXN-68035791
855,INV0981,Hilpert-Gleason,Alpha Widget Order,HR,75,7800,Approved,Delivered,Checked,Paid,TXN-91368024
856,INV6547,"Kohler, Fadel and Quitzon",Alpha Widget Order,Management,48,1225,Approved,Delivered,Checked,Paid,TXN-35702468
857,INV2109,Bahringer-Daniel,Gamma Thingamajig Order,HR,39,1650,Approved,Delivered,Checked,Paid,TXN-80257913
858,INV0981,Schneider-Stoltenberg,Delta Doohickey Order,Cyber Security,4,1500,Approved,Delivered,Checked,Paid,TXN-35702468
859,INV8761,Daniel-Schowalter,Epsilon Whatchamacallit Order,Procurement,100,6500,Approved,Delivered,Checked,Paid,TXN-79146802
860,INV0981,Greenholt and Sons,Gamma Thingamajig Order,HR,12,3900,Approved,Delivered,Checked,Paid,TXN-57924680
861,INV6547,"Hirthe, Swaniawski and Fadel",Gamma Thingamajig Order,Software Develpoment,68,5800,Approved,Delivered,Checked,Paid,TXN-79146802
862,INV9012,Okuneva-Osinski,Beta Gizmo Order,Network,14,4200,Approved,Delivered,Checked,Paid,TXN-91368024
863,INV7890,"Hodkiewicz, Jakubowski and Howell",Alpha Widget Order,Finance,74,2400,Approved,Delivered,Checked,Paid,TXN-46813579
864,INV8761,"Weimann, Powlowski and MacGyver",Beta Gizmo Order,Network,33,8700,Approved,Delivered,Checked,Paid,TXN-79146802
865,INV2190,Frami LLC,Gamma Thingamajig Order,Network,44,5200,Approved,Delivered,Checked,Paid,TXN-24691357
866,INV5432,Volkman-Reilly,Epsilon Whatchamacallit Order,Procurement,4,4000,Approved,Delivered,Checked,Paid,TXN-13580246
867,INV0987,"Heaney, Mante and Terry",Delta Doohickey Order,Finance,93,8500,Approved,Delivered,Checked,Paid,TXN-13580246
868,INV6547,"Conroy, Lakin and Barton",Epsilon Whatchamacallit Order,Network,31,9200,Approved,Delivered,Checked,Paid,TXN-02479135
869,INV4321,Prosacco-Streich,Alpha Widget Order,Cyber Security,61,1500,Approved,Delivered,Checked,Paid,TXN-35702468
870,INV9876,Dibbert-Cormier,Gamma Thingamajig Order,HR,92,10000,Approved,Delivered,Checked,Paid,TXN-02479135
871,INV8765,Schroeder Group,Beta Gizmo Order,HR,87,8300,Approved,Delivered,Checked,Paid,TXN-91368024
872,INV2190,Balistreri-Zboncak,Epsilon Whatchamacallit Order,Software Develpoment,76,8800,Approved,Delivered,Checked,Paid,TXN-57924680
873,INV7890,"Kris, Murphy and Romaguera",Beta Gizmo Order,Management,75,1650,Approved,Delivered,Checked,Paid,TXN-79146802
874,INV2109,Ratke Group,Gamma Thingamajig Order,Management,70,7000,Approved,Delivered,Checked,Paid,TXN-80257913
875,INV8765,Medhurst-Gislason,Delta Doohickey Order,Procurement,23,7100,Approved,Delivered,Checked,Paid,TXN-13580246
876,INV2109,"Runte, Romaguera and Halvorson",Beta Gizmo Order,Cyber Security,6,2000,Approved,Delivered,Checked,Paid,TXN-13580246
877,INV4326,"Hirthe, Ebert and Mante",Gamma Thingamajig Order,Software Develpoment,45,5100,Approved,Delivered,Checked,Paid,TXN-57924680
878,INV0987,Buckridge Inc,Epsilon Whatchamacallit Order,Cyber Security,50,5400,Approved,Delivered,Checked,Paid,TXN-02479135
879,INV0123,Heidenreich and Sons,Delta Doohickey Order,HR,58,1400,Approved,Delivered,Checked,Paid,TXN-79146802
880,INV8765,Fisher-Schaden,Delta Doohickey Order,Network,67,2400,Approved,Delivered,Checked,Paid,TXN-79146802
881,INV6543,Reichert LLC,Alpha Widget Order,Network,50,9200,Approved,Delivered,Checked,Paid,TXN-90123456
882,INV0987,"Kuhlman, Feil and Beier",Delta Doohickey Order,HR,92,3100,Approved,Delivered,Checked,Paid,TXN-13580246
883,INV8761,Bahringer Inc,Gamma Thingamajig Order,Network,72,9600,Approved,Delivered,Checked,Paid,TXN-13580246
884,INV8765,Reynolds-Padberg,Delta Doohickey Order,Procurement,43,3700,Approved,Delivered,Checked,Paid,TXN-79146802
885,INV2109,Kreiger Group,Delta Doohickey Order,Management,49,9400,Approved,Delivered,Checked,Paid,TXN-35792468
886,INV6547,Torp-Toy,Epsilon Whatchamacallit Order,Finance,80,1700,Approved,Delivered,Checked,Paid,TXN-13580246
887,INV0987,Feil-Bruen,Delta Doohickey Order,Management,79,5500,Approved,Delivered,Checked,Paid,TXN-12345678
888,INV8765,Nikolaus-Walsh,Alpha Widget Order,Finance,35,5300,Approved,Delivered,Checked,Paid,TXN-57924680
889,INV0981,Cruickshank-Reichel,Delta Doohickey Order,Network,81,1500,Approved,Delivered,Checked,Paid,TXN-91368024
890,INV0987,"Lakin, Lockman and Leuschke",Gamma Thingamajig Order,Management,63,1100,Approved,Delivered,Checked,Paid,TXN-68035791
891,INV4326,Erdman LLC,Epsilon Whatchamacallit Order,Procurement,59,9700,Approved,Delivered,Checked,Paid,TXN-56789012
892,INV6543,"Hansen, Carroll and Lockman",Alpha Widget Order,Procurement,84,3500,Approved,Delivered,Checked,Paid,TXN-35702468
893,INV5432,Will Inc,Gamma Thingamajig Order,Cyber Security,35,3400,Approved,Delivered,Checked,Paid,TXN-13580246
894,INV5432,Swaniawski Group,Beta Gizmo Order,Network,55,4600,Approved,Delivered,Checked,Paid,TXN-57924680
895,INV4567,Ledner Inc,Gamma Thingamajig Order,Finance,39,3000,Approved,Delivered,Checked,Paid,TXN-57924680
896,INV5432,Goyette and Sons,Gamma Thingamajig Order,Procurement,93,5500,Approved,Delivered,Checked,Paid,TXN-35702468
897,INV6547,"Stamm, Legros and Douglas",Epsilon Whatchamacallit Order,HR,64,8800,Approved,Delivered,Checked,Paid,TXN-57924680
898,INV4326,Nicolas-Stroman,Beta Gizmo Order,Procurement,44,1900,Approved,Delivered,Checked,Paid,TXN-24691357
899,INV8761,"Jacobi, Corwin and Bins",Gamma Thingamajig Order,Cyber Security,21,3800,Approved,Delivered,Checked,Paid,TXN-90123456
900,INV0987,Ratke-Kiehn,Gamma Thingamajig Order,Management,58,9900,Approved,Delivered,Checked,Paid,TXN-91368024
901,INV8761,Keebler-Littel,Gamma Thingamajig Order,Network,35,9800,Approved,Delivered,Checked,Paid,TXN-34567890
902,INV3456,"Spencer, Mraz and Stanton",Alpha Widget Order,Management,95,1325,Approved,Delivered,Checked,Paid,TXN-24691357
903,INV0987,"Casper, Bode and West",Beta Gizmo Order,Finance,16,6700,Approved,Delivered,Checked,Paid,TXN-56789012
904,INV6789,Hansen-Wilkinson,Alpha Widget Order,Finance,94,2500,Approved,Delivered,Checked,Paid,TXN-13580246
905,INV7890,Dibbert LLC,Delta Doohickey Order,Finance,21,9500,Approved,Delivered,Checked,Paid,TXN-57924680
906,INV6543,Tromp-O'Keefe,Gamma Thingamajig Order,HR,9,6700,Approved,Delivered,Checked,Paid,TXN-02479135
907,INV6547,"Hessel, Baumbach and Leannon",Beta Gizmo Order,Software Develpoment,97,4400,Approved,Delivered,Checked,Paid,TXN-02479135
908,INV4326,Ward and Sons,Beta Gizmo Order,Network,84,3100,Approved,Delivered,Checked,Paid,TXN-34567890
909,INV0981,"O'Kon, Harber and Kautzer",Epsilon Whatchamacallit Order,HR,4,1650,Approved,Delivered,Checked,Paid,TXN-57924680
910,INV4567,Lebsack-Dietrich,Alpha Widget Order,Network,92,1150,Approved,Delivered,Checked,Paid,TXN-80257913
911,INV8765,"Yundt, Marvin and Auer",Epsilon Whatchamacallit Order,Network,71,8500,Approved,Delivered,Checked,Paid,TXN-79146802
912,INV4567,Lindgren Inc,Delta Doohickey Order,Software Develpoment,65,6500,Approved,Delivered,Checked,Paid,TXN-35702468
913,INV8765,Abshire-Bednar,Alpha Widget Order,Management,37,5400,Approved,Delivered,Checked,Paid,TXN-24691357
914,INV0987,"Bartoletti, Krajcik and Bartell",Beta Gizmo Order,Finance,20,6800,Approved,Delivered,Checked,Paid,TXN-24691357
915,INV9012,Lockman Group,Delta Doohickey Order,HR,81,8500,Approved,Delivered,Checked,Paid,TXN-57924680
916,INV2109,Bosco-Boyer,Beta Gizmo Order,Finance,72,6900,Approved,Delivered,Checked,Paid,TXN-46813579
917,INV4326,Ritchie Inc,Epsilon Whatchamacallit Order,Management,47,5600,Approved,Delivered,Checked,Paid,TXN-91368024
918,INV8765,Wyman Inc,Delta Doohickey Order,Finance,17,6500,Approved,Delivered,Checked,Paid,TXN-67890123
919,INV6543,Smith and Sons,Beta Gizmo Order,Management,82,4900,Approved,Delivered,Checked,Paid,TXN-68035791
920,INV0987,"Rogahn, Christiansen and Kautzer",Gamma Thingamajig Order,Procurement,76,4900,Approved,Delivered,Checked,Paid,TXN-80257913
921,INV7890,"Ledner, Conroy and Cassin",Alpha Widget Order,Management,80,8900,Approved,Delivered,Checked,Paid,TXN-79146802
922,INV6543,Predovic-Spinka,Beta Gizmo Order,Management,91,4400,Approved,Delivered,Checked,Paid,TXN-57924680
923,INV0987,Bergnaum-Aufderhar,Epsilon Whatchamacallit Order,Procurement,10,6100,Approved,Delivered,Checked,Paid,TXN-46813579
924,INV6543,Kuhn-Jacobson,Delta Doohickey Order,HR,70,3900,Approved,Delivered,Checked,Paid,TXN-13580246
925,INV4326,Nader LLC,Alpha Widget Order,Network,24,5800,Approved,Delivered,Checked,Paid,TXN-57924680
926,INV4326,"Sporer, Reinger and Buckridge",Delta Doohickey Order,Procurement,28,5800,Approved,Delivered,Checked,Paid,TXN-57924680
927,INV6789,Kessler LLC,Alpha Widget Order,Network,16,8000,Approved,Delivered,Checked,Paid,TXN-45678901
928,INV9012,Harvey-D'Amore,Epsilon Whatchamacallit Order,Cyber Security,50,9900,Approved,Delivered,Checked,Paid,TXN-12345678
929,INV8761,Abbott Group,Alpha Widget Order,Cyber Security,99,9200,Approved,Delivered,Checked,Paid,TXN-35702468
930,INV8765,Keeling and Sons,Beta Gizmo Order,Management,63,7900,Approved,Delivered,Checked,Paid,TXN-46813579
931,INV4326,"Howe, Goldner and Lynch",Gamma Thingamajig Order,Software Develpoment,30,6700,Approved,Delivered,Checked,Paid,TXN-24691357
932,INV4321,Gleason LLC,Epsilon Whatchamacallit Order,Finance,87,3800,Approved,Delivered,Checked,Paid,TXN-80257913
933,INV0981,"Bauch, Bednar and Kilback",Beta Gizmo Order,Software Develpoment,98,2100,Approved,Delivered,Checked,Paid,TXN-91368024
934,INV4326,Rath LLC,Delta Doohickey Order,Software Develpoment,13,3500,Approved,Delivered,Checked,Paid,TXN-80257913
935,INV4321,Schultz LLC,Beta Gizmo Order,Management,3,4300,Approved,Delivered,Checked,Paid,TXN-13580246
936,INV4321,Graham Group,Alpha Widget Order,Network,27,7700,Approved,Delivered,Checked,Paid,TXN-79146802
937,INV0981,Fritsch LLC,Gamma Thingamajig Order,HR,28,6700,Approved,Delivered,Checked,Paid,TXN-68035791
938,INV4326,Hartmann-Wiegand,Gamma Thingamajig Order,Management,32,1800,Approved,Delivered,Checked,Paid,TXN-79146802
939,INV8765,Howell-Feest,Beta Gizmo Order,Management,67,3500,Approved,Delivered,Checked,Paid,TXN-13580246
940,INV4326,Medhurst-Schoen,Alpha Widget Order,Procurement,15,1700,Approved,Delivered,Checked,Paid,TXN-80257913
941,INV0987,"Walsh, Bednar and Wiza",Alpha Widget Order,Software Develpoment,68,2400,Approved,Delivered,Checked,Paid,TXN-34567890
942,INV6789,Boyer Group,Epsilon Whatchamacallit Order,Finance,64,1200,Approved,Delivered,Checked,Paid,TXN-80257913
943,INV8765,"Kiehn, Kutch and Spencer",Gamma Thingamajig Order,Software Develpoment,35,7100,Approved,Delivered,Checked,Paid,TXN-91368024
944,INV6543,"Becker, Hauck and Tillman",Gamma Thingamajig Order,Management,39,7700,Approved,Delivered,Checked,Paid,TXN-78901234
945,INV2109,Welch Inc,Epsilon Whatchamacallit Order,Procurement,18,1125,Approved,Delivered,Checked,Paid,TXN-46813579
946,INV4567,Blanda-Hilpert,Epsilon Whatchamacallit Order,Network,96,5000,Approved,Delivered,Checked,Paid,TXN-79146802
947,INV0981,O'Kon LLC,Alpha Widget Order,Software Develpoment,75,9100,Approved,Delivered,Checked,Paid,TXN-56789012
948,INV4321,Lesch and Sons,Epsilon Whatchamacallit Order,Cyber Security,43,8500,Approved,Delivered,Checked,Paid,TXN-91368024
949,INV2109,Rodriguez-Harber,Epsilon Whatchamacallit Order,HR,54,8300,Approved,Delivered,Checked,Paid,TXN-57924680
950,INV6543,"Kerluke, Gulgowski and Ferry",Delta Doohickey Order,Procurement,77,7400,Approved,Delivered,Checked,Paid,TXN-91368024
951,INV0981,"Mitchell, Shanahan and Roberts",Gamma Thingamajig Order,Management,74,8900,Approved,Delivered,Checked,Paid,TXN-46813579
952,INV8765,Koss and Sons,Beta Gizmo Order,Network,13,2500,Approved,Delivered,Checked,Paid,TXN-57924680
953,INV0981,"O'Connell, Pfannerstill and Wehner",Alpha Widget Order,Network,68,2100,Approved,Delivered,Checked,Paid,TXN-68035791
954,INV0123,"Dare, Heathcote and Buckridge",Alpha Widget Order,Cyber Security,25,8300,Approved,Delivered,Checked,Paid,TXN-57924680
955,INV0123,"Funk, Paucek and Larson",Delta Doohickey Order,Management,54,10000,Approved,Delivered,Checked,Paid,TXN-78901234
956,INV8761,"Murazik, Sanford and Becker",Beta Gizmo Order,Network,65,4000,Approved,Delivered,Checked,Paid,TXN-13580246
957,INV0981,"Huels, Steuber and Klein",Epsilon Whatchamacallit Order,Finance,39,3100,Approved,Delivered,Checked,Paid,TXN-24691357
958,INV2190,"Boyer, Fadel and Wyman",Delta Doohickey Order,Software Develpoment,99,2200,Approved,Delivered,Checked,Paid,TXN-90123456
959,INV4326,Goldner and Sons,Gamma Thingamajig Order,Finance,31,3400,Approved,Delivered,Checked,Paid,TXN-80257913
960,INV6547,Boyle-Bosco,Delta Doohickey Order,Procurement,72,6700,Approved,Delivered,Checked,Paid,TXN-35702468
961,INV8765,Quitzon and Sons,Delta Doohickey Order,Cyber Security,35,7100,Approved,Delivered,Checked,Paid,TXN-68035791
962,INV4326,Swift-Hettinger,Epsilon Whatchamacallit Order,Procurement,73,1800,Approved,Delivered,Checked,Paid,TXN-24691357
963,INV0981,Robel and Sons,Epsilon Whatchamacallit Order,Cyber Security,53,8300,Approved,Delivered,Checked,Paid,TXN-68035791
964,INV3456,Bosco Inc,Alpha Widget Order,Network,17,8700,Approved,Delivered,Checked,Paid,TXN-68035791
965,INV0981,"Christiansen, Nader and Wiza",Delta Doohickey Order,Cyber Security,60,7300,Approved,Delivered,Checked,Paid,TXN-79146802
966,INV2190,"Bernier, Parker and Rutherford",Alpha Widget Order,Finance,23,2700,Approved,Delivered,Checked,Paid,TXN-02479135
967,INV0981,"Nienow, Kautzer and Grant",Delta Doohickey Order,HR,52,2300,Approved,Delivered,Checked,Paid,TXN-79146802
968,INV4321,Wisoky-Brekke,Alpha Widget Order,Procurement,97,3600,Approved,Delivered,Checked,Paid,TXN-46813579
969,INV8761,Braun Group,Epsilon Whatchamacallit Order,Software Develpoment,4,2200,Approved,Delivered,Checked,Paid,TXN-13580246
970,INV6543,Harvey-Walker,Alpha Widget Order,Network,48,1300,Approved,Delivered,Checked,Paid,TXN-80257913
971,INV2190,"Kris, Koch and Barrows",Alpha Widget Order,Cyber Security,66,4400,Approved,Delivered,Checked,Paid,TXN-80257913
972,INV2190,"Emmerich, Streich and Beatty",Alpha Widget Order,Procurement,91,4600,Approved,Delivered,Checked,Paid,TXN-91368024
973,INV2190,Konopelski-McCullough,Alpha Widget Order,Management,76,6300,Approved,Delivered,Checked,Paid,TXN-79146802
974,INV6547,"Pfannerstill, Harber and Wehner",Alpha Widget Order,Procurement,9,1325,Approved,Delivered,Checked,Paid,TXN-13580246
975,INV4321,"Von, Dietrich and Jacobi",Beta Gizmo Order,Finance,76,9200,Approved,Delivered,Checked,Paid,TXN-57924680
976,INV0981,"Nolan, Lynch and Stark",Delta Doohickey Order,Management,45,3800,Approved,Delivered,Checked,Paid,TXN-13580246
977,INV6547,Pfeffer-Gislason,Alpha Widget Order,HR,60,2200,Approved,Delivered,Checked,Paid,TXN-80257913
978,INV0987,"Balistreri, Pfeffer and Kuphal",Epsilon Whatchamacallit Order,Network,37,7600,Approved,Delivered,Checked,Paid,TXN-45678901
979,INV9012,Torp Inc,Epsilon Whatchamacallit Order,Software Develpoment,89,4700,Approved,Delivered,Checked,Paid,TXN-91368024
980,INV6543,Legros LLC,Beta Gizmo Order,Software Develpoment,97,5400,Approved,Delivered,Checked,Paid,TXN-91368024
981,INV8761,"Kunde, Cummerata and Reilly",Epsilon Whatchamacallit Order,Procurement,96,9000,Approved,Delivered,Checked,Paid,TXN-79146802
982,INV5432,"Witting, Lakin and Roob",Gamma Thingamajig Order,Management,7,1450,Approved,Delivered,Checked,Paid,TXN-13580246
983,INV0981,Ruecker Inc,Gamma Thingamajig Order,Cyber Security,9,9100,Approved,Delivered,Checked,Paid,TXN-13580246
984,INV4326,"Pollich, Jast and Jenkins",Beta Gizmo Order,Management,3,1050,Approved,Delivered,Checked,Paid,TXN-68035791
985,INV8765,Homenick-Steuber,Epsilon Whatchamacallit Order,Network,88,7900,Approved,Delivered,Checked,Paid,TXN-80257913
986,INV8761,"Considine, Jones and Herzog",Delta Doohickey Order,Network,74,4600,Approved,Delivered,Checked,Paid,TXN-24691357
987,INV0987,Schamberger Inc,Gamma Thingamajig Order,Network,99,4000,Approved,Delivered,Checked,Paid,TXN-91368024
988,INV0981,"Grant, Schumm and Stanton",Epsilon Whatchamacallit Order,Finance,5,1450,Approved,Delivered,Checked,Paid,TXN-13580246
989,INV8765,"Moore, Veum and Altenwerth",Gamma Thingamajig Order,Cyber Security,28,9900,Approved,Delivered,Checked,Paid,TXN-68035791
990,INV6547,Mante-Torp,Delta Doohickey Order,Finance,56,4300,Approved,Delivered,Checked,Paid,TXN-24681357
991,INV6543,"Wisoky, Becker and Lindgren",Epsilon Whatchamacallit Order,Finance,83,2600,Approved,Delivered,Checked,Paid,TXN-46813579
992,INV2109,Steuber Group,Delta Doohickey Order,Software Develpoment,35,4400,Approved,Delivered,Checked,Paid,TXN-13580246
993,INV8765,Murphy-Wuckert,Delta Doohickey Order,Procurement,97,7200,Approved,Delivered,Checked,Paid,TXN-57924680
994,INV0981,Lesch and Sons,Alpha Widget Order,Procurement,53,9600,Approved,Delivered,Checked,Paid,TXN-56789012
995,INV6543,Quigley Group,Beta Gizmo Order,Management,29,4100,Approved,Delivered,Checked,Paid,TXN-57924680
996,INV8765,Carter and Sons,Alpha Widget Order,Software Develpoment,8,3800,Approved,Delivered,Checked,Paid,TXN-68035791
997,INV6789,Pfannerstill Group,Delta Doohickey Order,Finance,20,4600,Approved,Delivered,Checked,Paid,TXN-68035791
998,INV6547,Nader-Macejkovic,Epsilon Whatchamacallit Order,Software Develpoment,95,1450,Approved,Delivered,Checked,Paid,TXN-80257913
999,INV8761,Jenkins-O'Kon,Alpha Widget Order,Cyber Security,67,4900,Approved,Delivered,Checked,Paid,TXN-46813579
1000,INV0981,Schaefer-Weber,Epsilon Whatchamacallit Order,Finance,53,7200,Approved,Delivered,Checked,Paid,TXN-79146802
