id,invoice_no,vendor_name,product_name,quantity,department,creation_date,expiry_date,total_value,order_status,completed_units,production_status
1,INV0981,"Paucek, Hudson and Kulas",Gamma Thingamajig Order,10,Finance,08-02-2022,15-06-2025,5100,Accepted by Vendor,67,Delivered
2,INV0123,Simonis-Bins,Gamma Thingamajig Order,5,Network,23-01-2022,14-09-2023,6100,Accepted by Vendor,23,Delivered
3,INV2190,Dach-Hamill,Delta Doohickey Order,68,Management,13-03-2022,10-05-2026,9400,Accepted by Vendor,13,Delivered
4,INV6789,"Rodriguez, Cartwright and Gislason",Delta Doohickey Order,13,HR,21-02-2022,25-12-2026,2900,Accepted by Vendor,53,Delivered
5,INV4326,"Hudson, Reichel and Powlowski",Epsilon Whatchamacallit Order,83,Cyber Security,13-03-2022,15-04-2024,4900,Accepted by Vendor,3,Delivered
6,INV6789,"Stamm, Hammes and Williamson",Delta Doohickey Order,59,HR,31-01-2022,29-11-2025,7400,Accepted by Vendor,12,Delivered
7,INV8765,"Harber, Donnelly and Anderson",Epsilon Whatchamacallit Order,89,Software Develpoment,04-03-2022,05-10-2023,8900,Accepted by Vendor,71,Delivered
8,INV2190,Kuhic-Koelpin,Alpha Widget Order,4,Procurement,24-01-2022,28-02-2025,3600,Accepted by Vendor,98,Delivered
9,INV0987,West and Sons,Epsilon Whatchamacallit Order,70,Procurement,09-02-2022,05-09-2025,6500,Accepted by Vendor,81,Delivered
10,INV6543,Bogan-Jacobson,Delta Doohickey Order,79,Software Develpoment,23-03-2022,22-03-2024,2100,Accepted by Vendor,44,Delivered
11,INV5432,Bechtelar-Swaniawski,Gamma Thingamajig Order,66,Procurement,04-01-2022,05-10-2023,5100,Accepted by Vendor,40,Delivered
12,INV4567,"Trantow, Ledner and Mante",Epsilon Whatchamacallit Order,14,Management,26-03-2022,25-12-2026,1200,Accepted by Vendor,11,Delivered
13,INV4326,"Sporer, Mayert and Mills",Delta Doohickey Order,82,Management,22-02-2022,25-10-2025,2800,Accepted by Vendor,46,Delivered
14,INV4326,Prosacco-Funk,Epsilon Whatchamacallit Order,83,Cyber Security,04-01-2022,07-07-2022,2400,Accepted by Vendor,58,Delivered
15,INV4326,Stamm LLC,Delta Doohickey Order,35,Software Develpoment,15-02-2022,20-11-2026,3500,Accepted by Vendor,91,Delivered
16,INV8765,Leannon Group,Beta Gizmo Order,21,Management,26-02-2022,10-02-2022,4400,Accepted by Vendor,97,Delivered
17,INV6543,Mertz and Sons,Delta Doohickey Order,98,Network,05-01-2022,05-09-2025,9200,Accepted by Vendor,82,Delivered
18,INV4326,O'Kon-Witting,Beta Gizmo Order,50,Finance,13-03-2022,20-12-2023,1350,Accepted by Vendor,56,Delivered
19,INV2190,"Adams, Howell and Smitham",Beta Gizmo Order,3,Finance,20-03-2022,20-12-2026,8100,Accepted by Vendor,30,Delivered
20,INV2109,Hand Group,Delta Doohickey Order,30,Management,26-02-2022,30-06-2026,6200,Accepted by Vendor,6,Delivered
21,INV8765,"Bailey, Stiedemann and Treutel",Gamma Thingamajig Order,83,HR,05-03-2022,18-04-2023,3500,Accepted by Vendor,98,Delivered
22,INV0981,"Monahan, Schmidt and Lubowitz",Epsilon Whatchamacallit Order,46,Finance,20-02-2022,22-04-2025,2000,Accepted by Vendor,65,Delivered
23,INV0981,"Veum, McGlynn and Anderson",Gamma Thingamajig Order,58,HR,04-01-2022,05-09-2025,1050,Accepted by Vendor,26,Delivered
24,INV0987,Harber Group,Epsilon Whatchamacallit Order,60,Procurement,19-01-2022,18-04-2023,8700,Accepted by Vendor,5,Delivered
25,INV2190,Bruen Group,Delta Doohickey Order,18,Software Develpoment,20-03-2022,14-09-2023,6600,Accepted by Vendor,52,Delivered
26,INV2109,"Abbott, Treutel and Heaney",Alpha Widget Order,80,Management,26-02-2022,15-03-2022,5700,Accepted by Vendor,30,Delivered
27,INV2190,Davis Inc,Gamma Thingamajig Order,33,Cyber Security,15-03-2022,15-04-2024,1200,Accepted by Vendor,83,Delivered
28,INV5432,Hackett-Williamson,Alpha Widget Order,57,Cyber Security,02-03-2022,30-04-2026,9200,Accepted by Vendor,95,Delivered
29,INV8761,"Klocko, Gulgowski and Schinner",Alpha Widget Order,68,Finance,14-02-2022,18-02-2026,7400,Accepted by Vendor,25,Delivered
30,INV2190,Pacocha-Purdy,Delta Doohickey Order,10,Procurement,23-03-2022,10-07-2024,1100,Accepted by Vendor,83,Delivered
31,INV2109,Brakus and Sons,Beta Gizmo Order,37,Finance,15-01-2022,12-05-2022,2700,Accepted by Vendor,77,Delivered
32,INV4326,"Kerluke, Auer and Lueilwitz",Epsilon Whatchamacallit Order,70,Cyber Security,17-02-2022,05-01-2022,1550,Accepted by Vendor,34,Delivered
33,INV0987,Sauer and Sons,Alpha Widget Order,51,Management,16-03-2022,05-08-2022,8300,Accepted by Vendor,97,Delivered
34,INV6543,Turcotte Inc,Epsilon Whatchamacallit Order,57,Network,06-01-2022,15-03-2025,7900,Accepted by Vendor,62,Delivered
35,INV4321,Purdy-Kris,Gamma Thingamajig Order,20,Finance,25-01-2022,15-06-2025,9300,Accepted by Vendor,61,Delivered
36,INV2109,Lesch-Larkin,Epsilon Whatchamacallit Order,84,Management,01-02-2022,18-04-2023,1350,Accepted by Vendor,50,Delivered
37,INV5678,Leuschke-Gottlieb,Epsilon Whatchamacallit Order,35,Cyber Security,14-03-2022,18-02-2026,7400,Accepted by Vendor,57,Delivered
38,INV0987,"Gerlach, Friesen and Howell",Delta Doohickey Order,86,Management,14-03-2022,30-08-2023,4400,Accepted by Vendor,6,Delivered
39,INV0987,"DuBuque, Schroeder and Schaefer",Beta Gizmo Order,29,Cyber Security,20-01-2022,15-03-2022,3300,Accepted by Vendor,72,Delivered
40,INV6789,"Moen, Hermiston and Ebert",Gamma Thingamajig Order,55,Procurement,22-02-2022,25-05-2024,2100,Accepted by Vendor,97,Delivered
41,INV4326,Kuvalis and Sons,Gamma Thingamajig Order,24,Management,02-03-2022,03-12-2026,6400,Accepted by Vendor,29,Delivered
42,INV2190,"Reinger, Johnston and Walsh",Gamma Thingamajig Order,38,HR,25-02-2022,15-01-2023,7200,Accepted by Vendor,80,Delivered
43,INV0987,"Wilderman, Mayert and Wisozk",Epsilon Whatchamacallit Order,90,Finance,21-01-2022,05-09-2024,1125,Accepted by Vendor,23,Delivered
44,INV2190,Monahan LLC,Epsilon Whatchamacallit Order,73,HR,27-02-2022,30-04-2026,3500,Accepted by Vendor,42,Delivered
45,INV6543,"Abernathy, Nicolas and Cummings",Beta Gizmo Order,100,Procurement,27-02-2022,10-01-2024,9800,Accepted by Vendor,67,Delivered
46,INV6547,Barrows-Schroeder,Delta Doohickey Order,84,Network,21-01-2022,10-07-2024,7200,Accepted by Vendor,32,Delivered
47,INV2109,"Harris, Rau and Kohler",Gamma Thingamajig Order,86,Cyber Security,09-02-2022,30-06-2022,1650,Accepted by Vendor,42,Delivered
48,INV0981,"Kerluke, Olson and Hyatt",Gamma Thingamajig Order,85,Management,12-01-2022,15-03-2022,1700,Accepted by Vendor,3,Delivered
49,INV6547,Kuvalis-Corwin,Epsilon Whatchamacallit Order,64,Network,13-03-2022,28-07-2023,4000,Accepted by Vendor,91,Delivered
50,INV8901,"Hagenes, Veum and Deckow",Epsilon Whatchamacallit Order,12,Cyber Security,28-02-2022,03-12-2026,9400,Accepted by Vendor,95,Delivered
51,INV4321,Koss LLC,Gamma Thingamajig Order,62,Management,14-02-2022,18-02-2026,4200,Accepted by Vendor,86,Delivered
52,INV4321,"Ward, Kuphal and O'Connell",Epsilon Whatchamacallit Order,46,Management,23-03-2022,10-07-2024,8100,Accepted by Vendor,19,Delivered
53,INV4326,"Jerde, Thompson and Wolff",Alpha Widget Order,86,HR,22-01-2022,15-12-2026,9500,Accepted by Vendor,57,Delivered
54,INV2109,Yost-Bogan,Epsilon Whatchamacallit Order,31,HR,01-03-2022,25-03-2026,2600,Accepted by Vendor,47,Delivered
55,INV4321,"Erdman, Hirthe and Luettgen",Epsilon Whatchamacallit Order,51,Cyber Security,18-02-2022,20-01-2025,5100,Accepted by Vendor,44,Delivered
56,INV6547,Parisian and Sons,Beta Gizmo Order,38,Network,02-01-2022,18-02-2024,2400,Accepted by Vendor,67,Delivered
57,INV2345,Parker Inc,Epsilon Whatchamacallit Order,92,HR,04-03-2022,20-12-2024,1500,Accepted by Vendor,84,Delivered
58,INV6543,"Prosacco, Legros and Donnelly",Delta Doohickey Order,32,Procurement,25-01-2022,05-09-2024,5900,Accepted by Vendor,60,Delivered
59,INV4567,Stoltenberg Group,Epsilon Whatchamacallit Order,93,HR,24-03-2022,05-08-2022,5200,Accepted by Vendor,70,Delivered
60,INV4326,Howe Inc,Epsilon Whatchamacallit Order,51,Software Develpoment,05-01-2022,30-12-2022,6600,Accepted by Vendor,31,Delivered
61,INV0987,Herman-Haag,Delta Doohickey Order,34,Procurement,17-03-2022,07-07-2022,1600,Accepted by Vendor,89,Delivered
62,INV6543,Dickens-Moen,Gamma Thingamajig Order,69,Procurement,25-02-2022,30-06-2022,7100,Accepted by Vendor,91,Delivered
63,INV4567,Wolff Inc,Beta Gizmo Order,100,Software Develpoment,29-03-2022,10-01-2024,5600,Accepted by Vendor,16,Delivered
64,INV6547,Daugherty LLC,Beta Gizmo Order,12,HR,09-03-2022,25-03-2026,7200,Accepted by Vendor,71,Delivered
65,INV4326,Gleichner-Walter,Beta Gizmo Order,46,Software Develpoment,27-03-2022,30-12-2022,1500,Accepted by Vendor,84,Delivered
66,INV4326,Ruecker-DuBuque,Beta Gizmo Order,43,HR,18-01-2022,07-07-2022,1900,Accepted by Vendor,70,Delivered
67,INV8761,"Deckow, Rohan and McCullough",Gamma Thingamajig Order,34,Finance,26-01-2022,20-05-2023,8600,Accepted by Vendor,81,Delivered
68,INV9012,White Inc,Delta Doohickey Order,25,Cyber Security,18-01-2022,20-12-2023,3500,Accepted by Vendor,65,Delivered
69,INV2190,Klocko LLC,Beta Gizmo Order,70,HR,16-03-2022,25-12-2026,8800,Accepted by Vendor,54,Delivered
70,INV6547,"Mayert, Volkman and Kihn",Beta Gizmo Order,19,Management,06-03-2022,30-01-2026,7100,Accepted by Vendor,13,Delivered
71,INV2190,Bruen Inc,Delta Doohickey Order,93,Procurement,21-02-2022,20-11-2026,7100,Accepted by Vendor,90,Delivered
72,INV6543,"Dickens, Baumbach and Wintheiser",Epsilon Whatchamacallit Order,100,Software Develpoment,08-01-2022,20-12-2024,1100,Accepted by Vendor,50,Delivered
73,INV8761,Fisher-Padberg,Epsilon Whatchamacallit Order,50,Procurement,07-03-2022,30-08-2023,6900,Accepted by Vendor,43,Delivered
74,INV0987,Champlin and Sons,Beta Gizmo Order,24,HR,20-03-2022,22-04-2025,6800,Accepted by Vendor,84,Delivered
75,INV4326,Kozey and Sons,Beta Gizmo Order,14,Cyber Security,22-03-2022,28-02-2025,1750,Accepted by Vendor,68,Delivered
76,INV7890,Flatley and Sons,Epsilon Whatchamacallit Order,48,Cyber Security,05-01-2022,25-03-2026,7000,Accepted by Vendor,89,Delivered
77,INV2109,"Thiel, Kulas and Hudson",Delta Doohickey Order,18,Management,01-02-2022,10-05-2026,8100,Accepted by Vendor,60,Delivered
78,INV8765,Reynolds Inc,Delta Doohickey Order,21,Finance,10-01-2022,30-06-2026,9900,Accepted by Vendor,99,Delivered
79,INV2190,"DuBuque, Hills and Beier",Alpha Widget Order,9,Finance,06-03-2022,30-01-2026,9900,Accepted by Vendor,93,Delivered
80,INV2190,Denesik and Sons,Gamma Thingamajig Order,21,Network,16-02-2022,20-05-2023,5900,Accepted by Vendor,55,Delivered
81,INV6547,"Dietrich, Stiedemann and Fritsch",Beta Gizmo Order,82,Finance,27-02-2022,10-11-2023,8100,Accepted by Vendor,94,Delivered
82,INV6547,"Erdman, Nienow and Ritchie",Gamma Thingamajig Order,15,Software Develpoment,25-01-2022,25-05-2024,1125,Accepted by Vendor,42,Delivered
83,INV7890,Larkin-Jacobi,Epsilon Whatchamacallit Order,69,Cyber Security,09-02-2022,10-12-2025,8900,Accepted by Vendor,60,Delivered
84,INV6543,"Reinger, Jerde and Kunde",Alpha Widget Order,73,Network,13-03-2022,18-09-2022,7100,Accepted by Vendor,88,Delivered
85,INV0987,Adams-Doyle,Gamma Thingamajig Order,42,Network,25-01-2022,10-01-2024,1400,Accepted by Vendor,88,Delivered
86,INV2190,"Bernhard, Pfannerstill and McLaughlin",Beta Gizmo Order,73,Cyber Security,03-03-2022,25-05-2024,6100,Accepted by Vendor,90,Delivered
87,INV4321,Watsica LLC,Gamma Thingamajig Order,76,HR,19-01-2022,20-12-2024,4400,Accepted by Vendor,37,Delivered
88,INV2345,Rice-Walter,Epsilon Whatchamacallit Order,53,Network,21-02-2022,18-02-2026,1550,Accepted by Vendor,51,Delivered
89,INV2190,"Grimes, Sipes and Hoppe",Epsilon Whatchamacallit Order,53,Procurement,23-03-2022,20-01-2025,7000,Accepted by Vendor,23,Delivered
90,INV4326,Prohaska-Little,Alpha Widget Order,97,Cyber Security,21-01-2022,23-11-2022,3400,Accepted by Vendor,59,Delivered
91,INV0981,"Senger, Macejkovic and Herman",Gamma Thingamajig Order,32,Management,23-03-2022,05-08-2022,3700,Accepted by Vendor,94,Delivered
92,INV4321,"Bosco, Kris and Hyatt",Alpha Widget Order,57,Procurement,30-03-2022,30-04-2026,1050,Accepted by Vendor,56,Delivered
93,INV2109,"Green, Kilback and Weissnat",Epsilon Whatchamacallit Order,65,Procurement,29-01-2022,30-01-2026,7200,Accepted by Vendor,6,Delivered
94,INV8761,Bechtelar Inc,Beta Gizmo Order,95,Software Develpoment,22-01-2022,10-01-2024,5600,Accepted by Vendor,93,Delivered
95,INV4321,Marks and Sons,Alpha Widget Order,55,Network,28-02-2022,10-11-2023,2600,Accepted by Vendor,64,Delivered
96,INV4326,"Kessler, Gibson and Trantow",Gamma Thingamajig Order,25,Procurement,03-02-2022,23-11-2022,5200,Accepted by Vendor,73,Delivered
97,INV0981,Turcotte-Feil,Beta Gizmo Order,13,Finance,12-03-2022,07-07-2022,10000,Accepted by Vendor,100,Delivered
98,INV0987,Hettinger Inc,Beta Gizmo Order,40,Management,05-02-2022,10-12-2025,2500,Accepted by Vendor,78,Delivered
99,INV8765,Goyette Group,Alpha Widget Order,46,Management,25-03-2022,30-06-2026,1100,Accepted by Vendor,36,Delivered
100,INV4326,Cronin Group,Epsilon Whatchamacallit Order,62,Finance,16-02-2022,30-04-2026,2500,Accepted by Vendor,63,Delivered
101,INV8765,Daugherty Inc,Gamma Thingamajig Order,22,Management,06-02-2022,18-09-2022,1750,Accepted by Vendor,35,Delivered
102,INV2345,Corkery-Hoeger,Gamma Thingamajig Order,4,Network,09-01-2022,05-10-2023,5700,Accepted by Vendor,28,Delivered
103,INV2109,Wunsch-Waters,Epsilon Whatchamacallit Order,36,HR,28-01-2022,22-04-2025,6100,Accepted by Vendor,71,Delivered
104,INV0981,Kunde-Haley,Beta Gizmo Order,63,Software Develpoment,01-03-2022,03-12-2026,2100,Accepted by Vendor,93,Delivered
105,INV0981,Swift-Wilderman,Gamma Thingamajig Order,64,Finance,08-01-2022,28-02-2025,8900,Accepted by Vendor,41,Delivered
106,INV0981,Legros-Pfannerstill,Gamma Thingamajig Order,32,Software Develpoment,11-03-2022,15-04-2024,4300,Accepted by Vendor,34,Delivered
107,INV8761,Schimmel Group,Gamma Thingamajig Order,59,Procurement,04-03-2022,03-12-2026,5900,Accepted by Vendor,73,Delivered
108,INV2190,"West, Howell and Reilly",Gamma Thingamajig Order,9,Network,24-01-2022,20-12-2024,1250,Accepted by Vendor,73,Delivered
109,INV6547,"Abshire, Moen and Spencer",Epsilon Whatchamacallit Order,38,Network,01-01-2022,30-12-2022,7600,Accepted by Vendor,15,Delivered
110,INV0981,"Kris, Nikolaus and Sanford",Gamma Thingamajig Order,14,Network,23-02-2022,15-04-2024,8900,Accepted by Vendor,33,Delivered
111,INV0981,Luettgen Group,Delta Doohickey Order,46,Software Develpoment,23-02-2022,15-10-2022,6000,Accepted by Vendor,41,Delivered
112,INV4326,Runte-Lynch,Gamma Thingamajig Order,85,Management,19-03-2022,05-09-2025,7200,Accepted by Vendor,33,Delivered
113,INV2190,"Pollich, Gulgowski and Kuhlman",Alpha Widget Order,36,Management,25-03-2022,20-12-2024,1225,Accepted by Vendor,18,Delivered
114,INV4567,Kassulke-Considine,Gamma Thingamajig Order,37,Management,11-03-2022,18-02-2026,3300,Accepted by Vendor,12,Delivered
115,INV6543,"Spinka, Roberts and Corwin",Delta Doohickey Order,93,Network,12-01-2022,05-06-2023,1325,Accepted by Vendor,88,Delivered
116,INV4321,"Brekke, McKenzie and Swift",Delta Doohickey Order,29,HR,09-03-2022,05-09-2024,8100,Accepted by Vendor,57,Delivered
117,INV2190,Raynor-Bashirian,Epsilon Whatchamacallit Order,84,Management,08-01-2022,15-08-2024,9000,Accepted by Vendor,60,Delivered
118,INV8765,Kozey and Sons,Epsilon Whatchamacallit Order,68,Network,18-01-2022,25-12-2026,6600,Accepted by Vendor,74,Delivered
119,INV2190,Thiel and Sons,Alpha Widget Order,59,HR,18-01-2022,25-05-2025,6200,Accepted by Vendor,72,Delivered
120,INV2190,Hermann Inc,Beta Gizmo Order,43,Procurement,30-01-2022,18-09-2022,3100,Accepted by Vendor,45,Delivered
121,INV2109,"Roberts, Hodkiewicz and Witting",Epsilon Whatchamacallit Order,17,Management,21-03-2022,20-12-2024,2500,Accepted by Vendor,78,Delivered
122,INV6547,"Satterfield, Streich and Luettgen",Epsilon Whatchamacallit Order,92,Cyber Security,18-01-2022,22-04-2025,2400,Accepted by Vendor,90,Delivered
123,INV4326,Gorczany-Davis,Alpha Widget Order,32,Management,28-03-2022,05-06-2024,7500,Accepted by Vendor,97,Delivered
124,INV0981,Zemlak-Harvey,Delta Doohickey Order,7,Network,05-03-2022,07-07-2022,5900,Accepted by Vendor,68,Delivered
125,INV6543,"Rohan, Mitchell and Grimes",Epsilon Whatchamacallit Order,7,Software Develpoment,29-03-2022,01-11-2025,6100,Accepted by Vendor,94,Delivered
126,INV8765,"Gutmann, Hilll and Koelpin",Gamma Thingamajig Order,63,Finance,21-02-2022,20-12-2024,6000,Accepted by Vendor,6,Delivered
127,INV6547,"Weber, Quitzon and Kessler",Delta Doohickey Order,29,Network,12-02-2022,29-11-2025,5300,Accepted by Vendor,71,Delivered
128,INV4321,West-Herzog,Delta Doohickey Order,98,HR,25-02-2022,23-11-2022,7000,Accepted by Vendor,45,Delivered
129,INV6543,Wilkinson-Heathcote,Gamma Thingamajig Order,9,Procurement,15-02-2022,15-03-2022,7400,Accepted by Vendor,47,Delivered
130,INV9012,"Adams, Rolfson and Bernier",Delta Doohickey Order,55,Management,26-03-2022,18-04-2023,2900,Accepted by Vendor,92,Delivered
131,INV2190,Ryan Group,Delta Doohickey Order,19,HR,23-01-2022,12-05-2022,9300,Accepted by Vendor,31,Delivered
132,INV4321,Roob Inc,Beta Gizmo Order,73,Management,08-03-2022,10-07-2024,7200,Accepted by Vendor,77,Delivered
133,INV4567,"Zemlak, Bradtke and Stark",Alpha Widget Order,30,Cyber Security,18-01-2022,01-11-2025,6000,Accepted by Vendor,22,Delivered
134,INV0987,Cruickshank-Ruecker,Alpha Widget Order,98,Procurement,25-02-2022,07-07-2022,3000,Accepted by Vendor,11,Delivered
135,INV6543,Friesen LLC,Epsilon Whatchamacallit Order,73,Finance,19-01-2022,05-10-2023,2900,Accepted by Vendor,26,Delivered
136,INV0981,"Senger, Wisozk and Kling",Alpha Widget Order,68,Cyber Security,11-02-2022,30-06-2026,2700,Accepted by Vendor,10,Delivered
137,INV6789,Corwin Group,Gamma Thingamajig Order,81,Cyber Security,11-02-2022,07-07-2022,8000,Accepted by Vendor,97,Delivered
138,INV4326,Kohler-Lakin,Epsilon Whatchamacallit Order,78,Management,21-03-2022,30-06-2026,2800,Accepted by Vendor,5,Delivered
139,INV4321,Kemmer-Jenkins,Delta Doohickey Order,63,Cyber Security,23-02-2022,14-09-2023,3400,Accepted by Vendor,29,Delivered
140,INV6547,Hahn Inc,Alpha Widget Order,100,Network,08-01-2022,20-12-2026,2100,Accepted by Vendor,89,Delivered
141,INV8765,Wisoky-Denesik,Beta Gizmo Order,100,Network,16-01-2022,05-10-2023,3000,Accepted by Vendor,85,Delivered
142,INV0981,Hauck-Koelpin,Beta Gizmo Order,90,Procurement,19-03-2022,30-08-2023,2000,Accepted by Vendor,64,Delivered
143,INV2109,Murazik Inc,Epsilon Whatchamacallit Order,47,Management,25-01-2022,12-05-2022,4400,Accepted by Vendor,81,Delivered
144,INV2109,Cole-Ward,Beta Gizmo Order,64,Management,12-01-2022,10-07-2024,1050,Accepted by Vendor,88,Delivered
145,INV2109,Rau LLC,Beta Gizmo Order,66,Procurement,30-01-2022,05-06-2024,6400,Accepted by Vendor,16,Delivered
146,INV4326,Carter-Stanton,Delta Doohickey Order,8,Procurement,26-02-2022,05-01-2022,3800,Accepted by Vendor,71,Delivered
147,INV4326,Harber Group,Beta Gizmo Order,75,Software Develpoment,17-03-2022,05-09-2024,2700,Accepted by Vendor,55,Delivered
148,INV2109,Brekke Group,Alpha Widget Order,30,HR,25-02-2022,25-03-2026,1225,Accepted by Vendor,15,Delivered
149,INV6543,Goyette Inc,Beta Gizmo Order,30,Cyber Security,17-02-2022,20-01-2025,9600,Accepted by Vendor,52,Delivered
150,INV0987,"Gutmann, Kautzer and Hermann",Delta Doohickey Order,93,Network,20-02-2022,05-09-2025,7300,Accepted by Vendor,84,Delivered
151,INV2190,Cormier-Littel,Alpha Widget Order,95,HR,17-02-2022,15-01-2023,4300,Accepted by Vendor,19,Delivered
152,INV4326,Considine Inc,Gamma Thingamajig Order,45,Software Develpoment,06-03-2022,30-12-2025,9300,Accepted by Vendor,31,Delivered
153,INV6547,"Marquardt, Gutkowski and Kshlerin",Delta Doohickey Order,45,Network,10-02-2022,22-03-2024,5800,Accepted by Vendor,62,Delivered
154,INV2345,O'Connell LLC,Delta Doohickey Order,53,HR,12-02-2022,18-02-2024,6000,Accepted by Vendor,100,Delivered
155,INV6543,Klocko and Sons,Beta Gizmo Order,53,Management,11-02-2022,25-05-2024,8000,Accepted by Vendor,59,Delivered
156,INV6543,Nolan-McClure,Epsilon Whatchamacallit Order,73,Finance,23-03-2022,10-11-2023,4400,Accepted by Vendor,58,Delivered
157,INV4321,"Davis, Schoen and Schultz",Alpha Widget Order,62,Network,22-02-2022,25-02-2023,6900,Accepted by Vendor,45,Delivered
158,INV6547,Schmeler-O'Conner,Epsilon Whatchamacallit Order,47,Finance,10-01-2022,05-09-2025,1600,Accepted by Vendor,85,Delivered
159,INV0981,Hintz-White,Epsilon Whatchamacallit Order,92,Management,10-03-2022,25-05-2024,1600,Accepted by Vendor,84,Delivered
160,INV0981,Macejkovic-Kovacek,Epsilon Whatchamacallit Order,41,Software Develpoment,18-01-2022,01-11-2025,2300,Accepted by Vendor,71,Delivered
161,INV6543,Bernier Inc,Beta Gizmo Order,87,Procurement,13-01-2022,28-02-2025,4100,Accepted by Vendor,6,Delivered
162,INV8765,"Gibson, Wyman and Gulgowski",Epsilon Whatchamacallit Order,89,Network,21-02-2022,18-02-2026,5400,Accepted by Vendor,52,Delivered
163,INV2190,"Rowe, Kuhlman and Anderson",Epsilon Whatchamacallit Order,6,Cyber Security,10-01-2022,20-05-2023,2900,Accepted by Vendor,22,Delivered
164,INV4321,Kirlin and Sons,Delta Doohickey Order,77,HR,26-03-2022,20-04-2022,2900,Accepted by Vendor,88,Delivered
165,INV4326,Fahey Inc,Beta Gizmo Order,76,Management,02-03-2022,23-11-2022,1125,Accepted by Vendor,30,Delivered
166,INV6543,Kirlin LLC,Gamma Thingamajig Order,96,Software Develpoment,21-01-2022,28-07-2023,5400,Accepted by Vendor,88,Delivered
167,INV8765,"Hayes, Witting and Brown",Gamma Thingamajig Order,75,Finance,26-02-2022,15-10-2022,9900,Accepted by Vendor,71,Delivered
168,INV4321,"Rippin, Berge and Fisher",Epsilon Whatchamacallit Order,42,Network,08-01-2022,05-09-2024,5500,Accepted by Vendor,23,Delivered
169,INV0987,"Connelly, Lind and Murray",Beta Gizmo Order,91,Management,28-01-2022,20-04-2022,2300,Accepted by Vendor,7,Delivered
170,INV6547,"Runolfsdottir, Collins and Rutherford",Beta Gizmo Order,53,Software Develpoment,22-03-2022,10-07-2024,9500,Accepted by Vendor,80,Delivered
171,INV2345,Langworth-Bergnaum,Delta Doohickey Order,46,HR,12-02-2022,15-04-2024,3200,Accepted by Vendor,32,Delivered
172,INV6789,"Maggio, Ferry and Greenfelder",Delta Doohickey Order,3,Network,08-01-2022,15-06-2025,2300,Accepted by Vendor,52,Delivered
173,INV0987,Halvorson-Reilly,Delta Doohickey Order,63,Software Develpoment,29-03-2022,20-05-2023,7700,Accepted by Vendor,7,Delivered
174,INV8765,Stiedemann Inc,Epsilon Whatchamacallit Order,81,Procurement,13-03-2022,10-01-2024,10000,Accepted by Vendor,63,Delivered
175,INV8761,"Leffler, Trantow and King",Epsilon Whatchamacallit Order,89,Management,08-01-2022,07-07-2022,5300,Accepted by Vendor,16,Delivered
176,INV6543,Cremin-Nitzsche,Epsilon Whatchamacallit Order,54,Network,30-01-2022,10-05-2026,5900,Accepted by Vendor,41,Delivered
177,INV4326,Ziemann Inc,Gamma Thingamajig Order,55,Network,14-01-2022,10-05-2026,1050,Accepted by Vendor,45,Delivered
178,INV8765,Wilderman-Feil,Gamma Thingamajig Order,27,Network,03-01-2022,20-12-2026,5400,Accepted by Vendor,91,Delivered
179,INV4567,Rempel LLC,Beta Gizmo Order,39,Finance,26-01-2022,05-10-2023,7100,Accepted by Vendor,42,Delivered
180,INV8761,Aufderhar-Windler,Epsilon Whatchamacallit Order,37,Procurement,24-01-2022,25-05-2025,6100,Accepted by Vendor,37,Delivered
181,INV8765,Paucek and Sons,Alpha Widget Order,20,Management,04-02-2022,03-12-2026,4100,Accepted by Vendor,80,Delivered
182,INV3456,"Kessler, Buckridge and Hodkiewicz",Gamma Thingamajig Order,43,Cyber Security,27-02-2022,30-01-2026,4000,Accepted by Vendor,81,Delivered
183,INV6547,Frami LLC,Delta Doohickey Order,89,Software Develpoment,13-03-2022,15-12-2026,4700,Accepted by Vendor,51,Delivered
184,INV0981,"Barrows, Towne and Beahan",Delta Doohickey Order,44,Procurement,09-02-2022,20-05-2023,3100,Accepted by Vendor,97,Delivered
185,INV8761,Jacobi-Weber,Delta Doohickey Order,71,Procurement,13-01-2022,25-02-2023,4300,Accepted by Vendor,76,Delivered
186,INV2190,Tillman-Will,Delta Doohickey Order,33,Software Develpoment,08-01-2022,20-12-2023,9600,Accepted by Vendor,89,Delivered
187,INV8761,"Lueilwitz, Roob and Luettgen",Beta Gizmo Order,43,Procurement,09-03-2022,30-06-2026,8800,Accepted by Vendor,51,Delivered
188,INV4321,Lindgren LLC,Beta Gizmo Order,60,HR,11-01-2022,28-07-2023,3900,Accepted by Vendor,86,Delivered
189,INV4326,Kerluke Group,Gamma Thingamajig Order,17,Software Develpoment,25-03-2022,30-06-2026,7200,Accepted by Vendor,25,Delivered
190,INV8761,"Rice, Kuhlman and Cummerata",Epsilon Whatchamacallit Order,41,Cyber Security,26-03-2022,15-08-2024,6000,Accepted by Vendor,89,Delivered
191,INV1234,Runolfsson-Medhurst,Beta Gizmo Order,58,Procurement,04-02-2022,15-03-2025,2500,Accepted by Vendor,48,Delivered
192,INV2109,"Connelly, Fadel and Goldner",Gamma Thingamajig Order,89,HR,12-02-2022,15-01-2023,1350,Accepted by Vendor,71,Delivered
193,INV4567,"Mueller, Greenholt and Funk",Beta Gizmo Order,7,Cyber Security,06-02-2022,25-03-2026,1550,Accepted by Vendor,37,Delivered
194,INV8761,Stanton LLC,Delta Doohickey Order,40,Cyber Security,13-03-2022,15-01-2023,2600,Accepted by Vendor,94,Delivered
195,INV4567,"Crist, Hammes and Waelchi",Delta Doohickey Order,61,Procurement,15-02-2022,25-05-2025,8500,Accepted by Vendor,32,Delivered
196,INV6789,Waters-Muller,Beta Gizmo Order,72,Software Develpoment,16-03-2022,20-01-2025,2600,Accepted by Vendor,66,Delivered
197,INV0987,"Veum, Pfeffer and Johnston",Alpha Widget Order,37,Software Develpoment,09-03-2022,30-04-2026,3700,Accepted by Vendor,15,Delivered
198,INV0987,Kulas Inc,Delta Doohickey Order,9,HR,11-02-2022,12-05-2022,3100,Accepted by Vendor,16,Delivered
199,INV6543,Langosh-Batz,Epsilon Whatchamacallit Order,5,Finance,27-03-2022,30-12-2026,8100,Accepted by Vendor,66,Delivered
200,INV8761,"Kulas, Brekke and Jakubowski",Beta Gizmo Order,89,Software Develpoment,10-02-2022,25-05-2024,7800,Accepted by Vendor,61,Delivered
201,INV8765,"Witting, Halvorson and Upton",Gamma Thingamajig Order,88,Management,01-01-2022,10-11-2023,9200,Accepted by Vendor,78,Delivered
202,INV2109,Lehner-Dach,Epsilon Whatchamacallit Order,39,Management,08-01-2022,30-12-2025,7200,Accepted by Vendor,75,Delivered
203,INV4321,Jast-Ernser,Delta Doohickey Order,26,Cyber Security,10-02-2022,15-03-2022,3700,Accepted by Vendor,11,Delivered
204,INV2190,Veum LLC,Delta Doohickey Order,25,Software Develpoment,24-02-2022,29-11-2025,6600,Accepted by Vendor,47,Delivered
205,INV6543,Raynor Group,Epsilon Whatchamacallit Order,74,Management,26-01-2022,05-09-2025,2600,Accepted by Vendor,85,Delivered
206,INV8901,"Durgan, Buckridge and Wyman",Epsilon Whatchamacallit Order,63,Cyber Security,16-02-2022,05-09-2024,4200,Accepted by Vendor,59,Delivered
207,INV6547,Thompson and Sons,Gamma Thingamajig Order,94,Procurement,24-03-2022,03-12-2026,6900,Accepted by Vendor,67,Delivered
208,INV4326,"Rutherford, Daugherty and Raynor",Delta Doohickey Order,89,Finance,22-02-2022,20-01-2025,4700,Accepted by Vendor,92,Delivered
209,INV2109,Gutkowski LLC,Alpha Widget Order,84,Software Develpoment,19-01-2022,10-01-2024,8600,Accepted by Vendor,65,Delivered
210,INV0981,Turner-Lindgren,Beta Gizmo Order,12,Finance,03-01-2022,20-04-2022,5600,Accepted by Vendor,46,Delivered
211,INV1234,Bosco-Ernser,Alpha Widget Order,78,Procurement,04-01-2022,23-11-2022,6800,Accepted by Vendor,97,Delivered
212,INV8765,Rogahn-Hane,Delta Doohickey Order,50,Cyber Security,05-03-2022,30-08-2023,7000,Accepted by Vendor,69,Delivered
213,INV2190,Orn-McClure,Alpha Widget Order,90,Finance,09-03-2022,15-04-2024,5800,Accepted by Vendor,86,Delivered
214,INV0987,Berge-Kassulke,Alpha Widget Order,76,Finance,22-01-2022,10-07-2024,7400,Accepted by Vendor,9,Delivered
215,INV2190,Ankunding Group,Epsilon Whatchamacallit Order,86,HR,30-01-2022,15-08-2024,1125,Accepted by Vendor,66,Delivered
216,INV0123,Jerde-Botsford,Gamma Thingamajig Order,33,Finance,07-02-2022,18-04-2023,1800,Accepted by Vendor,69,Delivered
217,INV8761,Pfeffer LLC,Alpha Widget Order,66,Finance,02-01-2022,01-11-2025,1450,Accepted by Vendor,99,Delivered
218,INV4326,Stracke-Russel,Gamma Thingamajig Order,33,Management,09-02-2022,18-04-2023,5000,Accepted by Vendor,57,Delivered
219,INV8761,Langosh LLC,Epsilon Whatchamacallit Order,60,Network,13-02-2022,01-11-2025,8100,Accepted by Vendor,65,Delivered
220,INV4321,Bashirian LLC,Beta Gizmo Order,32,Software Develpoment,12-01-2022,03-12-2026,1250,Accepted by Vendor,43,Delivered
221,INV0987,Glover and Sons,Beta Gizmo Order,49,Procurement,22-03-2022,15-10-2022,9300,Accepted by Vendor,11,Delivered
222,INV8765,"Goodwin, Trantow and Braun",Delta Doohickey Order,43,Software Develpoment,23-03-2022,10-02-2022,9600,Accepted by Vendor,16,Delivered
223,INV2190,Jacobs-Leffler,Beta Gizmo Order,55,HR,27-03-2022,25-10-2025,7000,Accepted by Vendor,86,Delivered
224,INV8761,Cremin Group,Delta Doohickey Order,89,Finance,04-03-2022,23-11-2022,4700,Accepted by Vendor,53,Delivered
225,INV0987,"Kuhic, Raynor and Langosh",Delta Doohickey Order,52,Cyber Security,03-02-2022,12-05-2022,8100,Accepted by Vendor,55,Delivered
226,INV6543,Heathcote-Ortiz,Alpha Widget Order,71,Finance,07-02-2022,22-04-2025,7900,Accepted by Vendor,85,Delivered
227,INV8765,Thompson-O'Hara,Epsilon Whatchamacallit Order,99,Cyber Security,30-03-2022,30-06-2026,7600,Accepted by Vendor,76,Delivered
228,INV2109,"Runolfsdottir, Kertzmann and Wilkinson",Delta Doohickey Order,58,HR,20-01-2022,25-03-2026,8400,Accepted by Vendor,40,Delivered
229,INV0981,"Hermiston, Leffler and Kuhn",Beta Gizmo Order,68,Network,05-01-2022,20-05-2023,5900,Accepted by Vendor,70,Delivered
230,INV6547,"Ondricka, Gusikowski and Gerlach",Gamma Thingamajig Order,67,Finance,18-01-2022,23-11-2022,8200,Accepted by Vendor,69,Delivered
231,INV8765,"Jones, Farrell and Heidenreich",Gamma Thingamajig Order,6,Finance,22-02-2022,15-12-2026,3300,Accepted by Vendor,60,Delivered
232,INV6547,Rau Group,Epsilon Whatchamacallit Order,91,Software Develpoment,10-01-2022,25-10-2025,6900,Accepted by Vendor,70,Delivered
233,INV8765,"Stark, Ondricka and Klocko",Alpha Widget Order,48,Finance,05-03-2022,28-02-2025,2500,Accepted by Vendor,16,Delivered
234,INV8765,Krajcik-Wisoky,Epsilon Whatchamacallit Order,26,HR,02-02-2022,10-01-2024,1125,Accepted by Vendor,39,Delivered
235,INV6547,Senger and Sons,Gamma Thingamajig Order,30,Procurement,01-03-2022,05-10-2023,4900,Accepted by Vendor,36,Delivered
236,INV8765,Grimes LLC,Epsilon Whatchamacallit Order,68,Network,24-01-2022,03-12-2026,5300,Accepted by Vendor,9,Delivered
237,INV0987,Walsh and Sons,Gamma Thingamajig Order,73,Procurement,05-01-2022,05-06-2024,1900,Accepted by Vendor,59,Delivered
238,INV6547,Sauer Inc,Beta Gizmo Order,78,Procurement,13-02-2022,30-01-2026,1500,Accepted by Vendor,10,Delivered
239,INV4326,Connelly-Kreiger,Delta Doohickey Order,47,Cyber Security,18-02-2022,20-01-2025,1100,Accepted by Vendor,91,Delivered
240,INV0981,"Bosco, Swift and Ortiz",Beta Gizmo Order,57,HR,14-02-2022,15-01-2023,2100,Accepted by Vendor,71,Delivered
241,INV8765,"Heathcote, Brekke and Mertz",Epsilon Whatchamacallit Order,71,Finance,15-03-2022,03-12-2026,4600,Accepted by Vendor,79,Delivered
242,INV4321,Okuneva and Sons,Delta Doohickey Order,40,HR,09-03-2022,18-04-2023,6300,Accepted by Vendor,16,Delivered
243,INV6547,Ratke-Lang,Beta Gizmo Order,51,Procurement,05-02-2022,10-01-2024,1650,Accepted by Vendor,39,Delivered
244,INV8765,Satterfield Group,Epsilon Whatchamacallit Order,5,HR,08-03-2022,03-12-2026,1900,Accepted by Vendor,14,Delivered
245,INV2109,"Carter, Collier and Moen",Beta Gizmo Order,28,Management,08-03-2022,10-11-2023,8100,Accepted by Vendor,87,Delivered
246,INV4321,Hickle and Sons,Delta Doohickey Order,62,Management,04-03-2022,10-07-2024,4400,Accepted by Vendor,89,Delivered
247,INV2190,"Mueller, Brown and Klein",Epsilon Whatchamacallit Order,3,Software Develpoment,09-01-2022,05-10-2023,1350,Accepted by Vendor,31,Delivered
248,INV8761,"Schimmel, Torphy and Rau",Alpha Widget Order,21,Procurement,08-01-2022,30-01-2026,1050,Accepted by Vendor,49,Delivered
249,INV6543,Yost Inc,Gamma Thingamajig Order,88,Procurement,15-02-2022,10-12-2025,6200,Accepted by Vendor,93,Delivered
250,INV6547,Carroll-Funk,Delta Doohickey Order,40,Software Develpoment,18-02-2022,05-06-2024,2200,Accepted by Vendor,69,Delivered
251,INV4326,"Ruecker, Schaefer and Thompson",Gamma Thingamajig Order,83,Network,06-01-2022,03-12-2026,9800,Accepted by Vendor,64,Delivered
252,INV2109,Harvey Group,Alpha Widget Order,40,Network,03-03-2022,15-04-2024,5500,Accepted by Vendor,7,Delivered
253,INV0981,Mills-Ferry,Epsilon Whatchamacallit Order,34,Finance,16-03-2022,20-12-2024,3000,Accepted by Vendor,7,Delivered
254,INV8901,Kuhn LLC,Epsilon Whatchamacallit Order,23,HR,14-01-2022,25-05-2024,1700,Accepted by Vendor,99,Delivered
255,INV2190,"Murazik, Paucek and Kuhic",Alpha Widget Order,84,Cyber Security,12-01-2022,25-02-2023,2500,Accepted by Vendor,72,Delivered
256,INV2109,"Glover, Hane and Collier",Epsilon Whatchamacallit Order,22,Software Develpoment,05-01-2022,10-11-2023,8600,Accepted by Vendor,81,Delivered
257,INV0987,Cummings and Sons,Beta Gizmo Order,72,Management,05-03-2022,28-07-2023,8300,Accepted by Vendor,30,Delivered
258,INV8765,Cartwright-Bechtelar,Epsilon Whatchamacallit Order,37,Software Develpoment,22-03-2022,10-12-2025,3100,Accepted by Vendor,16,Delivered
259,INV2190,Ernser-Mraz,Epsilon Whatchamacallit Order,57,HR,22-03-2022,15-08-2024,5300,Accepted by Vendor,26,Delivered
260,INV0981,Carroll-Lemke,Beta Gizmo Order,98,Network,25-01-2022,30-06-2022,7900,Accepted by Vendor,16,Delivered
261,INV6543,Stark-Schimmel,Gamma Thingamajig Order,90,HR,08-03-2022,10-11-2023,2100,Accepted by Vendor,20,Delivered
262,INV8901,Fritsch-Kassulke,Beta Gizmo Order,24,Procurement,05-01-2022,15-03-2022,8700,Accepted by Vendor,56,Delivered
263,INV2190,Stehr-Littel,Gamma Thingamajig Order,48,HR,17-03-2022,05-09-2024,1800,Accepted by Vendor,100,Delivered
264,INV0987,Lakin-Christiansen,Epsilon Whatchamacallit Order,48,Procurement,19-02-2022,01-11-2025,3700,Accepted by Vendor,23,Delivered
265,INV4321,Funk-Bauch,Delta Doohickey Order,84,Network,15-01-2022,30-06-2026,1500,Accepted by Vendor,16,Delivered
266,INV0981,Blick-Bednar,Epsilon Whatchamacallit Order,85,Network,21-03-2022,15-08-2024,8900,Accepted by Vendor,79,Delivered
267,INV0981,Daugherty Group,Beta Gizmo Order,26,Finance,30-03-2022,05-06-2023,1150,Accepted by Vendor,30,Delivered
268,INV0987,Stiedemann-Ratke,Delta Doohickey Order,78,Network,05-02-2022,20-04-2022,5300,Accepted by Vendor,100,Delivered
269,INV7890,"Swaniawski, Kessler and Mosciski",Beta Gizmo Order,95,Cyber Security,16-01-2022,30-01-2026,3100,Accepted by Vendor,55,Delivered
270,INV2345,Sanford-Wisozk,Epsilon Whatchamacallit Order,96,Procurement,23-01-2022,15-11-2024,1150,Accepted by Vendor,43,Delivered
271,INV2190,"Bogan, Mosciski and Stracke",Alpha Widget Order,33,Cyber Security,14-03-2022,20-05-2023,5300,Accepted by Vendor,62,Delivered
272,INV2109,"Gusikowski, Zboncak and Weissnat",Gamma Thingamajig Order,35,Software Develpoment,15-03-2022,12-05-2022,5100,Accepted by Vendor,12,Delivered
273,INV2190,"Price, Swaniawski and Graham",Epsilon Whatchamacallit Order,13,Finance,19-02-2022,23-11-2022,1650,Accepted by Vendor,80,Delivered
274,INV5678,Kutch-Mertz,Epsilon Whatchamacallit Order,75,Cyber Security,02-03-2022,28-07-2023,9700,Accepted by Vendor,61,Delivered
275,INV8761,"Prosacco, Bode and Wehner",Gamma Thingamajig Order,100,HR,22-03-2022,01-11-2025,5900,Accepted by Vendor,5,Delivered
276,INV4326,"Brakus, Mosciski and Homenick",Alpha Widget Order,69,Finance,07-03-2022,10-01-2024,6100,Accepted by Vendor,96,Delivered
277,INV6543,Paucek and Sons,Alpha Widget Order,49,Cyber Security,15-01-2022,03-12-2026,9000,Accepted by Vendor,14,Delivered
278,INV8761,Schiller and Sons,Gamma Thingamajig Order,56,Cyber Security,28-03-2022,25-05-2025,6000,Accepted by Vendor,3,Delivered
279,INV2109,"Stokes, Koch and Leuschke",Epsilon Whatchamacallit Order,42,Procurement,30-01-2022,05-10-2023,6700,Accepted by Vendor,52,Delivered
280,INV8765,Rowe LLC,Alpha Widget Order,80,Cyber Security,05-03-2022,18-09-2022,1650,Accepted by Vendor,72,Delivered
281,INV4321,"Reynolds, Walsh and MacGyver",Gamma Thingamajig Order,26,Cyber Security,22-03-2022,15-01-2023,9700,Accepted by Vendor,93,Delivered
282,INV4326,"Block, Crist and Zieme",Delta Doohickey Order,33,Software Develpoment,06-03-2022,05-09-2024,4800,Accepted by Vendor,28,Delivered
283,INV6547,Becker and Sons,Beta Gizmo Order,94,Finance,16-02-2022,25-10-2025,7000,Accepted by Vendor,20,Delivered
284,INV6547,Marquardt Inc,Epsilon Whatchamacallit Order,64,Software Develpoment,16-02-2022,30-12-2026,2600,Accepted by Vendor,92,Delivered
285,INV0987,Pfeffer Group,Delta Doohickey Order,72,Finance,27-02-2022,15-08-2024,3500,Accepted by Vendor,72,Delivered
286,INV4326,Jacobson-Pfannerstill,Delta Doohickey Order,59,Software Develpoment,27-02-2022,30-08-2023,8700,Accepted by Vendor,67,Delivered
287,INV6543,Kemmer-Rowe,Beta Gizmo Order,24,HR,12-02-2022,20-12-2024,3400,Accepted by Vendor,37,Delivered
288,INV6543,Bednar Group,Alpha Widget Order,65,Procurement,19-01-2022,05-06-2023,4800,Accepted by Vendor,77,Delivered
289,INV8761,Mueller Group,Delta Doohickey Order,75,Network,06-02-2022,30-12-2026,3100,Accepted by Vendor,83,Delivered
290,INV6543,Balistreri LLC,Epsilon Whatchamacallit Order,78,Network,19-02-2022,05-06-2024,7300,Accepted by Vendor,56,Delivered
291,INV4321,Hermann-Brown,Epsilon Whatchamacallit Order,14,Network,14-02-2022,25-12-2026,9900,Accepted by Vendor,71,Delivered
292,INV0981,"Little, Boyle and Hermiston",Gamma Thingamajig Order,60,HR,26-01-2022,10-02-2022,1750,Accepted by Vendor,75,Delivered
293,INV8765,"Wilderman, Walter and Mante",Delta Doohickey Order,78,Finance,25-02-2022,03-12-2026,1250,Accepted by Vendor,59,Delivered
294,INV4326,Mraz-Schamberger,Epsilon Whatchamacallit Order,60,Network,12-02-2022,20-04-2022,8900,Accepted by Vendor,66,Delivered
295,INV6543,Hudson-Kertzmann,Gamma Thingamajig Order,63,HR,07-03-2022,05-06-2024,1300,Accepted by Vendor,63,Delivered
296,INV2190,"Dietrich, Spinka and Barton",Beta Gizmo Order,40,Procurement,03-03-2022,20-05-2023,3100,Accepted by Vendor,85,Delivered
297,INV2190,Mraz-Bernier,Gamma Thingamajig Order,65,Software Develpoment,06-03-2022,25-03-2026,1350,Accepted by Vendor,99,Delivered
298,INV8765,Mueller-Harris,Alpha Widget Order,20,Management,17-02-2022,30-08-2023,1350,Accepted by Vendor,7,Delivered
299,INV8765,D'Amore-Jerde,Delta Doohickey Order,86,Finance,26-02-2022,03-12-2026,5700,Accepted by Vendor,80,Delivered
300,INV2109,O'Kon-Lehner,Epsilon Whatchamacallit Order,51,Procurement,07-03-2022,10-07-2024,2800,Accepted by Vendor,54,Delivered
301,INV0981,Conroy Group,Gamma Thingamajig Order,43,Management,24-02-2022,05-08-2022,7700,Accepted by Vendor,51,Delivered
302,INV8761,Maggio-Tremblay,Beta Gizmo Order,87,Software Develpoment,12-01-2022,30-06-2026,8700,Accepted by Vendor,99,Delivered
303,INV7890,Boyer-Erdman,Alpha Widget Order,39,Cyber Security,01-03-2022,30-06-2026,4100,Accepted by Vendor,85,Delivered
304,INV8761,Lueilwitz-Hermiston,Beta Gizmo Order,50,Management,13-01-2022,25-05-2025,8400,Accepted by Vendor,47,Delivered
305,INV4326,Huels-Romaguera,Epsilon Whatchamacallit Order,55,Cyber Security,03-03-2022,05-09-2024,7700,Accepted by Vendor,100,Delivered
306,INV2190,"Deckow, Oberbrunner and Keeling",Alpha Widget Order,91,Software Develpoment,02-02-2022,25-05-2025,9400,Accepted by Vendor,38,Delivered
307,INV0987,Bergnaum-Conn,Gamma Thingamajig Order,6,Management,30-03-2022,10-07-2024,7300,Accepted by Vendor,70,Delivered
308,INV8761,"Parker, Daniel and Gibson",Delta Doohickey Order,14,Software Develpoment,25-01-2022,05-09-2024,5800,Accepted by Vendor,6,Delivered
309,INV4326,Osinski and Sons,Beta Gizmo Order,95,Network,10-01-2022,15-03-2022,6800,Accepted by Vendor,23,Delivered
310,INV2109,Considine and Sons,Delta Doohickey Order,70,HR,02-02-2022,30-08-2023,1250,Accepted by Vendor,34,Delivered
311,INV8765,Kunde-Schinner,Beta Gizmo Order,22,Management,23-02-2022,10-02-2022,1350,Accepted by Vendor,36,Delivered
312,INV4321,"Huels, Hermiston and Roob",Alpha Widget Order,84,Procurement,30-03-2022,07-07-2022,5800,Accepted by Vendor,96,Delivered
313,INV6547,"Daniel, Mayert and Vandervort",Epsilon Whatchamacallit Order,67,Cyber Security,08-03-2022,20-12-2023,5300,Accepted by Vendor,57,Delivered
314,INV6547,Yost Group,Gamma Thingamajig Order,69,Finance,12-02-2022,10-11-2023,7200,Accepted by Vendor,59,Delivered
315,INV6547,"Fisher, West and Simonis",Delta Doohickey Order,79,Procurement,10-03-2022,25-05-2024,3800,Accepted by Vendor,37,Delivered
316,INV4321,Orn-Batz,Epsilon Whatchamacallit Order,38,Network,14-02-2022,20-01-2025,2000,Accepted by Vendor,79,Delivered
317,INV6547,Adams-Schaden,Gamma Thingamajig Order,81,Procurement,20-03-2022,25-10-2025,8500,Accepted by Vendor,56,Delivered
318,INV8761,Marks and Sons,Delta Doohickey Order,25,HR,02-02-2022,05-09-2024,7900,Accepted by Vendor,3,Delivered
319,INV0987,Torp-Heaney,Gamma Thingamajig Order,46,Finance,24-02-2022,05-06-2024,8800,Accepted by Vendor,63,Delivered
320,INV4567,Conn-Hamill,Epsilon Whatchamacallit Order,46,Cyber Security,10-03-2022,25-10-2025,3800,Accepted by Vendor,22,Delivered
321,INV8761,Ward and Sons,Beta Gizmo Order,67,Management,11-02-2022,22-03-2024,2400,Accepted by Vendor,6,Delivered
322,INV4326,Jones-Gislason,Delta Doohickey Order,52,Network,10-02-2022,22-04-2025,8000,Accepted by Vendor,10,Delivered
323,INV4321,Oberbrunner Inc,Gamma Thingamajig Order,46,Cyber Security,29-01-2022,28-07-2023,3200,Accepted by Vendor,97,Delivered
324,INV6543,Simonis and Sons,Epsilon Whatchamacallit Order,50,HR,12-03-2022,30-04-2026,7100,Accepted by Vendor,33,Delivered
325,INV7890,"Gusikowski, Upton and Bauch",Alpha Widget Order,36,Procurement,04-02-2022,20-12-2026,6900,Accepted by Vendor,19,Delivered
326,INV8765,Dickens Group,Alpha Widget Order,65,Cyber Security,24-01-2022,25-05-2025,3400,Accepted by Vendor,11,Delivered
327,INV8901,Zieme Group,Beta Gizmo Order,52,Software Develpoment,11-02-2022,12-05-2022,5600,Accepted by Vendor,91,Delivered
328,INV8765,"Reinger, Jerde and Hauck",Gamma Thingamajig Order,50,Procurement,08-01-2022,03-12-2026,1150,Accepted by Vendor,60,Delivered
329,INV2109,Wolff Inc,Delta Doohickey Order,45,Software Develpoment,13-01-2022,25-05-2025,1250,Accepted by Vendor,16,Delivered
330,INV8761,"Ortiz, Stoltenberg and Morar",Gamma Thingamajig Order,29,Software Develpoment,03-01-2022,30-06-2026,7500,Accepted by Vendor,88,Delivered
331,INV5678,"Auer, Turcotte and Wolf",Beta Gizmo Order,98,Management,14-01-2022,15-08-2024,3300,Accepted by Vendor,5,Delivered
332,INV4326,Yundt-Lind,Alpha Widget Order,77,Cyber Security,17-02-2022,15-01-2023,1750,Accepted by Vendor,30,Delivered
333,INV9876,"Hilll, Swift and Swaniawski",Delta Doohickey Order,22,Finance,12-02-2022,15-03-2022,1150,Accepted by Vendor,68,Delivered
334,INV4326,Roberts Inc,Gamma Thingamajig Order,41,Cyber Security,21-01-2022,14-09-2023,5100,Accepted by Vendor,73,Delivered
335,INV8765,Heaney and Sons,Alpha Widget Order,57,Network,28-02-2022,15-04-2024,4700,Accepted by Vendor,35,Delivered
336,INV0987,Sipes-Kautzer,Gamma Thingamajig Order,36,Finance,26-03-2022,30-04-2026,1450,Accepted by Vendor,75,Delivered
337,INV4321,Haley-Stanton,Gamma Thingamajig Order,39,Finance,27-03-2022,15-10-2022,6000,Accepted by Vendor,79,Delivered
338,INV2190,"Morar, Jacobson and Beer",Delta Doohickey Order,23,Finance,29-03-2022,15-03-2022,3200,Accepted by Vendor,74,Delivered
339,INV0981,Beer Inc,Alpha Widget Order,36,HR,03-02-2022,10-07-2024,7200,Accepted by Vendor,10,Delivered
340,INV8765,Bartoletti-Bogan,Gamma Thingamajig Order,94,Procurement,03-03-2022,30-08-2023,1225,Accepted by Vendor,82,Delivered
341,INV6547,Morar Group,Epsilon Whatchamacallit Order,19,Finance,24-03-2022,30-06-2022,9600,Accepted by Vendor,32,Delivered
342,INV6547,Koch and Sons,Beta Gizmo Order,96,Management,26-02-2022,30-04-2026,5700,Accepted by Vendor,98,Delivered
343,INV8761,Boyle-Herman,Epsilon Whatchamacallit Order,71,Software Develpoment,12-02-2022,30-12-2022,4500,Accepted by Vendor,92,Delivered
344,INV8901,"Mitchell, Bode and Heller",Beta Gizmo Order,78,HR,06-02-2022,30-06-2026,2600,Accepted by Vendor,46,Delivered
345,INV6547,Walsh-Hoppe,Delta Doohickey Order,48,Network,17-03-2022,10-02-2022,8100,Accepted by Vendor,7,Delivered
346,INV4321,"Kihn, Koch and Christiansen",Alpha Widget Order,7,Network,14-01-2022,25-02-2023,4400,Accepted by Vendor,19,Delivered
347,INV2345,Donnelly LLC,Alpha Widget Order,28,Finance,21-03-2022,15-04-2024,6100,Accepted by Vendor,48,Delivered
348,INV8761,Flatley-Kub,Epsilon Whatchamacallit Order,12,Software Develpoment,23-02-2022,18-02-2024,2200,Accepted by Vendor,36,Delivered
349,INV8761,"Durgan, Bednar and Bins",Epsilon Whatchamacallit Order,24,Procurement,02-01-2022,05-06-2023,8400,Accepted by Vendor,97,Delivered
350,INV6543,"Buckridge, Lang and Armstrong",Epsilon Whatchamacallit Order,47,Cyber Security,03-01-2022,30-12-2025,4800,Accepted by Vendor,82,Delivered
351,INV8765,"Heller, Ferry and Becker",Beta Gizmo Order,33,Software Develpoment,13-02-2022,20-01-2025,9600,Accepted by Vendor,6,Delivered
352,INV8761,Simonis LLC,Gamma Thingamajig Order,41,Network,17-02-2022,30-06-2022,2100,Accepted by Vendor,7,Delivered
353,INV2109,Considine-Howe,Beta Gizmo Order,75,Cyber Security,07-01-2022,18-02-2026,8900,Accepted by Vendor,94,Delivered
354,INV2109,Herman-Walker,Alpha Widget Order,43,HR,27-03-2022,10-01-2024,1150,Accepted by Vendor,39,Delivered
355,INV8765,"Dare, Senger and Quitzon",Alpha Widget Order,17,Network,06-01-2022,25-10-2025,8300,Accepted by Vendor,96,Delivered
356,INV8761,Ward Inc,Delta Doohickey Order,76,Network,07-02-2022,03-12-2026,6300,Accepted by Vendor,14,Delivered
357,INV8765,"Franecki, Kassulke and Nienow",Delta Doohickey Order,88,HR,29-01-2022,10-03-2023,4600,Accepted by Vendor,37,Delivered
358,INV0981,Harber and Sons,Epsilon Whatchamacallit Order,78,Procurement,05-01-2022,30-12-2022,9700,Accepted by Vendor,85,Delivered
359,INV4567,Kerluke-Roob,Beta Gizmo Order,3,Finance,18-01-2022,10-11-2023,2300,Accepted by Vendor,67,Delivered
360,INV7890,Dooley-Hahn,Alpha Widget Order,95,Cyber Security,28-03-2022,22-03-2024,6600,Accepted by Vendor,86,Delivered
361,INV4321,Predovic Group,Alpha Widget Order,74,Management,12-03-2022,10-10-2024,4600,Accepted by Vendor,14,Delivered
362,INV6543,Schoen Group,Epsilon Whatchamacallit Order,50,Management,29-01-2022,05-09-2025,7800,Accepted by Vendor,92,Delivered
363,INV2190,"Quitzon, Towne and Kiehn",Gamma Thingamajig Order,31,Cyber Security,22-02-2022,15-10-2022,1225,Accepted by Vendor,90,Delivered
364,INV2109,Gerlach-Langosh,Delta Doohickey Order,78,Procurement,19-03-2022,15-03-2022,8400,Accepted by Vendor,71,Delivered
365,INV4321,Shields-Kunze,Beta Gizmo Order,15,Management,25-01-2022,05-06-2023,1750,Accepted by Vendor,96,Delivered
366,INV4321,Robel Group,Alpha Widget Order,47,Cyber Security,10-02-2022,20-05-2023,5200,Accepted by Vendor,58,Delivered
367,INV6547,Bruen and Sons,Gamma Thingamajig Order,32,Procurement,28-03-2022,28-02-2025,6600,Accepted by Vendor,70,Delivered
368,INV6547,Stanton LLC,Beta Gizmo Order,97,Finance,06-02-2022,07-07-2022,2600,Accepted by Vendor,99,Delivered
369,INV6547,Daniel Group,Alpha Widget Order,79,HR,24-01-2022,15-10-2022,3200,Accepted by Vendor,77,Delivered
370,INV6547,Buckridge Group,Delta Doohickey Order,47,Finance,02-02-2022,30-06-2022,1900,Accepted by Vendor,64,Delivered
371,INV6543,"Hammes, Klocko and Schowalter",Beta Gizmo Order,54,Finance,22-01-2022,05-08-2022,4000,Accepted by Vendor,62,Delivered
372,INV9012,Rohan-Moore,Gamma Thingamajig Order,95,HR,22-03-2022,05-06-2024,1400,Accepted by Vendor,71,Delivered
373,INV4326,Ledner LLC,Beta Gizmo Order,10,Software Develpoment,18-02-2022,15-03-2025,2300,Accepted by Vendor,7,Delivered
374,INV2109,Hintz-Nicolas,Beta Gizmo Order,14,Management,16-02-2022,25-10-2025,1125,Accepted by Vendor,100,Delivered
375,INV4321,Beier-O'Kon,Beta Gizmo Order,15,HR,14-03-2022,15-12-2026,3900,Accepted by Vendor,81,Delivered
376,INV0987,Dare-Schinner,Gamma Thingamajig Order,65,Finance,02-01-2022,20-12-2024,8000,Accepted by Vendor,45,Delivered
377,INV2109,"Cruickshank, Hayes and Hyatt",Epsilon Whatchamacallit Order,83,Software Develpoment,10-01-2022,05-10-2023,4300,Accepted by Vendor,51,Delivered
378,INV6547,Krajcik-Wolf,Gamma Thingamajig Order,56,Procurement,13-01-2022,01-11-2025,6000,Accepted by Vendor,45,Delivered
379,INV4326,"Considine, Shanahan and Nicolas",Beta Gizmo Order,69,Cyber Security,27-02-2022,22-03-2024,4300,Accepted by Vendor,80,Delivered
380,INV1234,Walsh LLC,Alpha Widget Order,35,Software Develpoment,06-03-2022,18-02-2026,5600,Accepted by Vendor,19,Delivered
381,INV0981,"Deckow, Koelpin and Rau",Alpha Widget Order,51,Management,10-02-2022,30-12-2026,3100,Accepted by Vendor,87,Delivered
382,INV8761,Kuhlman Group,Beta Gizmo Order,50,Software Develpoment,19-01-2022,20-04-2022,9300,Accepted by Vendor,33,Delivered
383,INV3456,Lynch-Blick,Alpha Widget Order,74,Software Develpoment,19-03-2022,18-09-2022,7700,Accepted by Vendor,57,Delivered
384,INV8765,"Schimmel, Hermiston and Cruickshank",Gamma Thingamajig Order,62,Network,24-03-2022,22-03-2024,7200,Accepted by Vendor,55,Delivered
385,INV6547,"Wilderman, Rau and Fay",Alpha Widget Order,92,Network,25-01-2022,18-04-2023,2200,Accepted by Vendor,13,Delivered
386,INV6543,Jaskolski Inc,Epsilon Whatchamacallit Order,28,Procurement,20-03-2022,25-02-2023,1700,Accepted by Vendor,78,Delivered
387,INV6543,"Klocko, Carter and Kessler",Epsilon Whatchamacallit Order,12,Procurement,08-01-2022,05-06-2024,8700,Accepted by Vendor,39,Delivered
388,INV0123,Pacocha-Schroeder,Delta Doohickey Order,6,Procurement,10-01-2022,05-09-2025,9800,Accepted by Vendor,54,Delivered
389,INV8761,Shields-Gulgowski,Gamma Thingamajig Order,51,Network,21-01-2022,18-09-2022,2800,Accepted by Vendor,89,Delivered
390,INV2109,Walsh Group,Epsilon Whatchamacallit Order,5,Management,09-02-2022,25-02-2023,1150,Accepted by Vendor,38,Delivered
391,INV8765,"Pfannerstill, Stoltenberg and Lakin",Alpha Widget Order,32,Management,12-02-2022,25-12-2026,1250,Accepted by Vendor,74,Delivered
392,INV2190,"Hills, Labadie and Conroy",Gamma Thingamajig Order,76,Network,17-03-2022,10-10-2024,6400,Accepted by Vendor,84,Delivered
393,INV4326,"Kilback, Kiehn and Daugherty",Delta Doohickey Order,62,Cyber Security,02-03-2022,28-02-2025,3500,Accepted by Vendor,87,Delivered
394,INV2109,Medhurst-Schiller,Alpha Widget Order,67,Cyber Security,18-01-2022,22-03-2024,5800,Accepted by Vendor,20,Delivered
395,INV6543,"Runolfsdottir, Legros and Grady",Alpha Widget Order,47,Network,10-02-2022,15-03-2022,3900,Accepted by Vendor,53,Delivered
396,INV4326,"VonRueden, Ortiz and Borer",Alpha Widget Order,14,Procurement,25-02-2022,25-10-2025,8800,Accepted by Vendor,38,Delivered
397,INV0987,"Lueilwitz, Hayes and Bartoletti",Epsilon Whatchamacallit Order,75,Procurement,20-03-2022,10-10-2024,1050,Accepted by Vendor,83,Delivered
398,INV4321,Witting Inc,Gamma Thingamajig Order,48,HR,13-03-2022,15-03-2025,10000,Accepted by Vendor,47,Delivered
399,INV2190,Pfannerstill-Medhurst,Delta Doohickey Order,88,Procurement,25-01-2022,25-03-2026,4300,Accepted by Vendor,91,Delivered
400,INV2190,"Lynch, Runolfsson and Blanda",Epsilon Whatchamacallit Order,47,Finance,12-01-2022,20-04-2022,5300,Accepted by Vendor,39,Delivered
401,INV4321,Aufderhar LLC,Delta Doohickey Order,97,Software Develpoment,25-02-2022,05-09-2024,8600,Accepted by Vendor,68,Delivered
402,INV0981,"Romaguera, Jaskolski and Shields",Gamma Thingamajig Order,53,Management,23-03-2022,20-12-2023,3100,Accepted by Vendor,84,Delivered
403,INV0981,O'Keefe-Steuber,Gamma Thingamajig Order,79,Procurement,10-01-2022,18-02-2026,3900,Accepted by Vendor,57,Delivered
404,INV0981,Weissnat-Bogisich,Gamma Thingamajig Order,78,Cyber Security,06-02-2022,25-03-2026,7400,Accepted by Vendor,95,Delivered
405,INV4567,Bradtke LLC,Epsilon Whatchamacallit Order,48,Cyber Security,31-01-2022,28-07-2023,2500,Accepted by Vendor,16,Delivered
406,INV4321,Dickinson and Sons,Gamma Thingamajig Order,26,Finance,04-03-2022,10-01-2024,9200,Accepted by Vendor,36,Delivered
407,INV8761,Gulgowski-Wolff,Delta Doohickey Order,25,HR,13-03-2022,20-01-2025,7200,Accepted by Vendor,19,Delivered
408,INV0981,Towne and Sons,Gamma Thingamajig Order,5,Procurement,01-01-2022,15-08-2024,9500,Accepted by Vendor,53,Delivered
409,INV4326,"Moen, Runte and Nienow",Beta Gizmo Order,33,Procurement,27-02-2022,10-12-2025,3800,Accepted by Vendor,70,Delivered
410,INV7890,Labadie LLC,Delta Doohickey Order,66,Management,11-03-2022,03-12-2026,8500,Accepted by Vendor,68,Delivered
411,INV4326,Ortiz-Senger,Gamma Thingamajig Order,96,Finance,05-02-2022,03-12-2026,8600,Accepted by Vendor,48,Delivered
412,INV6543,Kunze-Wilderman,Alpha Widget Order,76,Software Develpoment,22-02-2022,10-03-2023,7500,Accepted by Vendor,7,Delivered
413,INV2190,"Schmitt, Sawayn and Beatty",Gamma Thingamajig Order,76,Finance,18-02-2022,20-05-2023,4400,Accepted by Vendor,29,Delivered
414,INV6547,"Collier, Kihn and Rau",Beta Gizmo Order,33,Finance,03-03-2022,15-01-2023,5500,Accepted by Vendor,22,Delivered
415,INV6547,Walsh LLC,Gamma Thingamajig Order,67,Finance,18-02-2022,30-12-2026,6600,Accepted by Vendor,44,Delivered
416,INV2109,Effertz-Hessel,Epsilon Whatchamacallit Order,91,Procurement,19-01-2022,15-04-2024,9500,Accepted by Vendor,19,Delivered
417,INV6547,"Denesik, Harber and D'Amore",Beta Gizmo Order,12,Network,16-02-2022,28-07-2023,9600,Accepted by Vendor,52,Delivered
418,INV6543,Goodwin-Wolf,Alpha Widget Order,56,Finance,19-03-2022,15-03-2025,1200,Accepted by Vendor,40,Delivered
419,INV4321,Ritchie Inc,Beta Gizmo Order,70,Software Develpoment,19-01-2022,18-04-2023,1500,Accepted by Vendor,88,Delivered
420,INV2109,Mosciski-Green,Alpha Widget Order,57,HR,07-01-2022,07-07-2022,6100,Accepted by Vendor,6,Delivered
421,INV2109,Will-Bergnaum,Alpha Widget Order,88,Cyber Security,08-02-2022,30-04-2026,1450,Accepted by Vendor,30,Delivered
422,INV0987,Donnelly-Stroman,Epsilon Whatchamacallit Order,29,Procurement,23-01-2022,12-05-2022,2600,Accepted by Vendor,15,Delivered
423,INV4326,"Abernathy, Yost and Gibson",Epsilon Whatchamacallit Order,66,Management,28-02-2022,12-05-2022,6400,Accepted by Vendor,46,Delivered
424,INV4321,"Cremin, Brakus and Ernser",Gamma Thingamajig Order,69,Finance,15-02-2022,07-07-2022,5400,Accepted by Vendor,9,Delivered
425,INV4326,Schowalter-Strosin,Gamma Thingamajig Order,20,HR,27-03-2022,07-07-2022,5900,Accepted by Vendor,57,Delivered
426,INV8765,Stoltenberg Group,Epsilon Whatchamacallit Order,87,Network,04-02-2022,10-11-2023,9200,Accepted by Vendor,44,Delivered
427,INV6547,"Wilderman, Orn and Weissnat",Gamma Thingamajig Order,66,Software Develpoment,18-03-2022,05-10-2023,3400,Accepted by Vendor,50,Delivered
428,INV0987,Roob Inc,Epsilon Whatchamacallit Order,8,Management,14-03-2022,28-07-2023,7300,Accepted by Vendor,9,Delivered
429,INV6543,"MacGyver, Farrell and Turner",Beta Gizmo Order,56,HR,11-02-2022,30-12-2025,7400,Accepted by Vendor,65,Delivered
430,INV0981,Koch-Bins,Epsilon Whatchamacallit Order,40,Software Develpoment,03-03-2022,20-12-2026,1350,Accepted by Vendor,3,Delivered
431,INV0987,Pagac and Sons,Gamma Thingamajig Order,99,HR,07-01-2022,10-10-2024,3400,Accepted by Vendor,52,Delivered
432,INV2109,"Runolfsson, Runte and Lowe",Gamma Thingamajig Order,35,HR,01-03-2022,10-01-2024,1225,Accepted by Vendor,48,Delivered
433,INV8761,"Wiza, Pollich and Marquardt",Epsilon Whatchamacallit Order,33,Finance,02-03-2022,25-05-2025,6200,Accepted by Vendor,27,Delivered
434,INV2190,Dicki-Mayert,Delta Doohickey Order,63,Procurement,31-01-2022,15-12-2026,3700,Accepted by Vendor,56,Delivered
435,INV4326,Smitham Group,Epsilon Whatchamacallit Order,61,Procurement,18-03-2022,20-04-2022,8600,Accepted by Vendor,78,Delivered
436,INV8761,Cruickshank-Trantow,Gamma Thingamajig Order,65,Procurement,15-03-2022,15-03-2022,8900,Accepted by Vendor,79,Delivered
437,INV4321,Leuschke and Sons,Epsilon Whatchamacallit Order,64,Software Develpoment,21-02-2022,10-01-2024,7800,Accepted by Vendor,9,Delivered
438,INV0981,Watsica-Kuhlman,Alpha Widget Order,46,Finance,15-03-2022,05-09-2024,1650,Accepted by Vendor,88,Delivered
439,INV6547,Champlin and Sons,Gamma Thingamajig Order,82,Management,11-03-2022,10-02-2022,9500,Accepted by Vendor,96,Delivered
440,INV8761,Becker and Sons,Delta Doohickey Order,3,Finance,13-02-2022,05-09-2024,5600,Accepted by Vendor,40,Delivered
441,INV1234,Von Inc,Alpha Widget Order,55,Software Develpoment,06-02-2022,25-12-2026,2900,Accepted by Vendor,60,Delivered
442,INV8765,Wunsch and Sons,Alpha Widget Order,5,Procurement,28-03-2022,10-12-2025,1225,Accepted by Vendor,20,Delivered
443,INV4321,"Leuschke, Schroeder and Mraz",Gamma Thingamajig Order,96,Network,22-02-2022,30-04-2026,1350,Accepted by Vendor,31,Delivered
444,INV4321,Sipes-Robel,Epsilon Whatchamacallit Order,67,Finance,13-03-2022,25-02-2023,6500,Accepted by Vendor,3,Delivered
445,INV8761,Muller-Grant,Beta Gizmo Order,9,HR,03-01-2022,15-08-2024,4900,Accepted by Vendor,53,Delivered
446,INV0987,Ward-Predovic,Gamma Thingamajig Order,95,HR,03-03-2022,05-06-2023,3700,Accepted by Vendor,41,Delivered
447,INV8761,Dare LLC,Alpha Widget Order,3,Procurement,16-03-2022,25-12-2026,4000,Accepted by Vendor,44,Delivered
448,INV0981,Emard-Howell,Beta Gizmo Order,27,HR,04-01-2022,25-12-2026,8500,Accepted by Vendor,7,Delivered
449,INV8761,Nader Group,Beta Gizmo Order,29,Cyber Security,14-01-2022,20-12-2023,1100,Accepted by Vendor,51,Delivered
450,INV4326,Towne-Pacocha,Alpha Widget Order,44,Network,18-01-2022,20-12-2026,4700,Accepted by Vendor,79,Delivered
451,INV4326,Emmerich Group,Epsilon Whatchamacallit Order,77,Procurement,21-02-2022,23-11-2022,1200,Accepted by Vendor,57,Delivered
452,INV0981,Schaefer-Doyle,Epsilon Whatchamacallit Order,8,Management,21-01-2022,28-07-2023,1900,Accepted by Vendor,49,Delivered
453,INV2345,"Prosacco, Beatty and Terry",Alpha Widget Order,87,Finance,20-02-2022,10-11-2023,5900,Accepted by Vendor,11,Delivered
454,INV0981,Treutel Inc,Gamma Thingamajig Order,91,Finance,30-01-2022,25-10-2025,1900,Accepted by Vendor,80,Delivered
455,INV6543,"Gleason, Okuneva and Shanahan",Gamma Thingamajig Order,36,HR,03-02-2022,15-11-2024,4200,Accepted by Vendor,92,Delivered
456,INV2190,"Schamberger, MacGyver and Kertzmann",Epsilon Whatchamacallit Order,47,Software Develpoment,19-01-2022,15-10-2022,1600,Accepted by Vendor,60,Delivered
457,INV5678,Homenick Inc,Beta Gizmo Order,52,Management,05-01-2022,30-12-2026,6100,Accepted by Vendor,76,Delivered
458,INV0987,"Tillman, Hackett and Hessel",Beta Gizmo Order,87,HR,31-01-2022,30-12-2025,4200,Accepted by Vendor,45,Delivered
459,INV6543,Sawayn-Moen,Epsilon Whatchamacallit Order,55,Finance,03-01-2022,30-08-2023,4300,Accepted by Vendor,38,Delivered
460,INV4326,"Heathcote, Keeling and Jast",Epsilon Whatchamacallit Order,70,Software Develpoment,14-02-2022,05-09-2025,6800,Accepted by Vendor,33,Delivered
461,INV6547,Runolfsson Inc,Alpha Widget Order,68,Finance,04-03-2022,18-09-2022,2100,Accepted by Vendor,58,Delivered
462,INV2190,"Tremblay, Nicolas and Hodkiewicz",Alpha Widget Order,70,Management,21-01-2022,05-09-2024,8300,Accepted by Vendor,52,Delivered
463,INV4326,"Kertzmann, Abernathy and Leannon",Gamma Thingamajig Order,32,Software Develpoment,27-01-2022,14-09-2023,6000,Accepted by Vendor,79,Delivered
464,INV0981,Hahn-Stracke,Delta Doohickey Order,63,Network,20-02-2022,05-06-2023,7800,Accepted by Vendor,83,Delivered
465,INV9012,"Bernhard, Quitzon and Schultz",Delta Doohickey Order,76,HR,05-03-2022,05-06-2024,2800,Accepted by Vendor,75,Delivered
466,INV0987,Hackett Group,Beta Gizmo Order,52,Procurement,27-01-2022,28-02-2025,5800,Accepted by Vendor,66,Delivered
467,INV4326,"Powlowski, Farrell and Walker",Alpha Widget Order,30,Finance,18-01-2022,15-11-2024,4500,Accepted by Vendor,55,Delivered
468,INV0987,"Mayert, Sanford and Ledner",Gamma Thingamajig Order,58,Software Develpoment,25-01-2022,18-02-2024,9000,Accepted by Vendor,12,Delivered
469,INV8765,Ritchie-Haley,Beta Gizmo Order,100,HR,01-01-2022,05-01-2022,3000,Accepted by Vendor,5,Delivered
470,INV0123,Koelpin LLC,Delta Doohickey Order,74,Finance,29-01-2022,15-04-2024,6900,Accepted by Vendor,62,Delivered
471,INV0981,"Bode, Mohr and Mann",Beta Gizmo Order,80,HR,22-01-2022,01-11-2025,4500,Accepted by Vendor,55,Delivered
472,INV4321,Bruen-Torphy,Epsilon Whatchamacallit Order,63,Software Develpoment,26-01-2022,20-01-2025,8800,Accepted by Vendor,7,Delivered
473,INV6543,Bernier-Luettgen,Beta Gizmo Order,20,Management,23-02-2022,30-04-2026,1200,Accepted by Vendor,29,Delivered
474,INV4321,Jerde-Ryan,Epsilon Whatchamacallit Order,93,Cyber Security,26-03-2022,01-11-2025,7500,Accepted by Vendor,66,Delivered
475,INV2109,Klein-O'Connell,Beta Gizmo Order,50,Cyber Security,14-01-2022,05-06-2024,3100,Accepted by Vendor,97,Delivered
476,INV6547,Thiel-Abbott,Alpha Widget Order,96,Procurement,16-03-2022,20-04-2022,3700,Accepted by Vendor,16,Delivered
477,INV4321,"Windler, Langosh and Hamill",Alpha Widget Order,69,Network,01-03-2022,12-05-2022,7500,Accepted by Vendor,14,Delivered
478,INV6789,"Barrows, Kunze and Stracke",Alpha Widget Order,44,Software Develpoment,19-03-2022,10-07-2024,1325,Accepted by Vendor,43,Delivered
479,INV0123,"Miller, Christiansen and Gorczany",Gamma Thingamajig Order,14,Cyber Security,11-01-2022,15-03-2025,2400,Accepted by Vendor,10,Delivered
480,INV4326,Rolfson-Fisher,Alpha Widget Order,97,Network,06-02-2022,28-02-2025,8200,Accepted by Vendor,58,Delivered
481,INV1234,"Jast, Greenfelder and Runolfsdottir",Alpha Widget Order,41,Cyber Security,05-01-2022,15-08-2024,7700,Accepted by Vendor,75,Delivered
482,INV6543,Grimes and Sons,Gamma Thingamajig Order,22,Cyber Security,27-01-2022,03-12-2026,7400,Accepted by Vendor,43,Delivered
483,INV2109,Satterfield and Sons,Gamma Thingamajig Order,93,Software Develpoment,01-03-2022,30-06-2022,2300,Accepted by Vendor,68,Delivered
484,INV6547,Deckow-Boehm,Delta Doohickey Order,9,Management,14-02-2022,15-04-2024,4200,Accepted by Vendor,32,Delivered
485,INV2190,Schmitt-Steuber,Alpha Widget Order,67,Management,05-02-2022,20-01-2025,2400,Accepted by Vendor,78,Delivered
486,INV2190,Paucek-Stokes,Delta Doohickey Order,85,Procurement,23-02-2022,28-02-2025,1450,Accepted by Vendor,41,Delivered
487,INV2190,"Haag, Larson and Satterfield",Beta Gizmo Order,91,Network,23-02-2022,01-11-2025,8700,Accepted by Vendor,62,Delivered
488,INV0981,Watsica LLC,Gamma Thingamajig Order,55,Finance,13-01-2022,25-02-2023,2100,Accepted by Vendor,49,Delivered
489,INV9876,King Group,Delta Doohickey Order,57,Network,09-01-2022,29-11-2025,4000,Accepted by Vendor,97,Delivered
490,INV0987,Lynch Group,Delta Doohickey Order,90,Network,26-03-2022,30-12-2026,5900,Accepted by Vendor,78,Delivered
491,INV8761,"Casper, Kuhlman and Balistreri",Gamma Thingamajig Order,4,Procurement,26-02-2022,10-10-2024,1600,Accepted by Vendor,61,Delivered
492,INV2109,Baumbach-Gleichner,Delta Doohickey Order,81,Procurement,01-01-2022,15-03-2022,7500,Accepted by Vendor,80,Delivered
493,INV9876,"Greenholt, Beier and Metz",Alpha Widget Order,88,Cyber Security,29-03-2022,05-06-2023,7800,Accepted by Vendor,69,Delivered
494,INV2190,"Dickens, Hickle and Raynor",Epsilon Whatchamacallit Order,10,Network,12-02-2022,15-11-2024,1300,Accepted by Vendor,10,Delivered
495,INV2190,"Tillman, Pfannerstill and Koch",Beta Gizmo Order,4,Network,15-02-2022,29-11-2025,5300,Accepted by Vendor,54,Delivered
496,INV4326,Bruen LLC,Beta Gizmo Order,9,Procurement,12-01-2022,05-08-2022,8500,Accepted by Vendor,15,Delivered
497,INV4567,"Rau, Farrell and Johnson",Alpha Widget Order,33,Software Develpoment,18-01-2022,20-11-2026,6700,Accepted by Vendor,5,Delivered
498,INV0987,"McKenzie, Rogahn and Ryan",Delta Doohickey Order,30,Cyber Security,04-03-2022,15-11-2024,1600,Accepted by Vendor,65,Delivered
499,INV8765,"Klein, Nader and Gutmann",Alpha Widget Order,79,HR,05-02-2022,18-02-2026,1800,Accepted by Vendor,94,Delivered
500,INV0981,O'Kon-Runolfsdottir,Delta Doohickey Order,57,Procurement,10-02-2022,25-02-2023,1450,Accepted by Vendor,80,Delivered
501,INV9012,Streich Inc,Delta Doohickey Order,56,Network,23-03-2022,15-06-2025,1400,Accepted by Vendor,15,Delivered
502,INV0981,Grimes-Thiel,Alpha Widget Order,54,Procurement,10-01-2022,12-05-2022,4100,Accepted by Vendor,95,Delivered
503,INV2109,"Kuhlman, Friesen and Stracke",Alpha Widget Order,85,Finance,13-03-2022,18-09-2022,7000,Accepted by Vendor,56,Delivered
504,INV2190,Herman LLC,Gamma Thingamajig Order,96,HR,12-02-2022,30-12-2022,3100,Accepted by Vendor,55,Delivered
505,INV8761,Konopelski-Franecki,Alpha Widget Order,14,Finance,26-03-2022,05-09-2025,3700,Accepted by Vendor,82,Delivered
506,INV0981,Ferry and Sons,Epsilon Whatchamacallit Order,92,Network,19-01-2022,05-10-2023,6300,Accepted by Vendor,70,Delivered
507,INV6543,Goldner-Shanahan,Alpha Widget Order,75,Network,15-01-2022,01-11-2025,3000,Accepted by Vendor,5,Delivered
508,INV2190,"Gislason, Doyle and Kassulke",Beta Gizmo Order,94,Management,14-03-2022,10-02-2022,8700,Accepted by Vendor,61,Delivered
509,INV4326,"Lueilwitz, Hackett and Daugherty",Gamma Thingamajig Order,35,Management,25-02-2022,22-04-2025,7600,Accepted by Vendor,81,Delivered
510,INV8761,Becker-Miller,Beta Gizmo Order,85,HR,13-03-2022,29-11-2025,2600,Accepted by Vendor,23,Delivered
511,INV6543,O'Reilly-Howe,Beta Gizmo Order,41,Management,31-01-2022,25-05-2025,9800,Accepted by Vendor,32,Delivered
512,INV6547,Kub LLC,Beta Gizmo Order,79,Network,07-02-2022,28-02-2025,1100,Accepted by Vendor,91,Delivered
513,INV3456,Hoeger-Braun,Epsilon Whatchamacallit Order,28,Cyber Security,24-03-2022,18-02-2026,7200,Accepted by Vendor,7,Delivered
514,INV0987,Hermiston LLC,Beta Gizmo Order,43,Network,18-03-2022,01-11-2025,9100,Accepted by Vendor,51,Delivered
515,INV8765,Terry Group,Beta Gizmo Order,61,Management,16-01-2022,05-10-2023,1500,Accepted by Vendor,42,Delivered
516,INV6543,"Gleichner, Wilderman and Lowe",Gamma Thingamajig Order,20,Software Develpoment,13-01-2022,20-05-2023,6300,Accepted by Vendor,48,Delivered
517,INV8765,"Feil, Schneider and Medhurst",Epsilon Whatchamacallit Order,79,Procurement,11-02-2022,18-04-2023,4800,Accepted by Vendor,71,Delivered
518,INV2109,"Vandervort, Baumbach and Crist",Delta Doohickey Order,29,Procurement,19-02-2022,05-06-2023,9100,Accepted by Vendor,32,Delivered
519,INV8765,"Graham, Wolf and Pollich",Delta Doohickey Order,46,Network,23-02-2022,30-06-2026,2300,Accepted by Vendor,86,Delivered
520,INV4326,Emard Group,Beta Gizmo Order,53,Procurement,23-01-2022,22-04-2025,4700,Accepted by Vendor,38,Delivered
521,INV2109,Heaney-Bayer,Beta Gizmo Order,12,Management,26-01-2022,22-03-2024,9500,Accepted by Vendor,6,Delivered
522,INV9876,Casper-McDermott,Delta Doohickey Order,27,HR,14-01-2022,12-05-2022,6900,Accepted by Vendor,90,Delivered
523,INV4321,"Hodkiewicz, Swaniawski and Mueller",Alpha Widget Order,48,Finance,07-03-2022,20-12-2026,1100,Accepted by Vendor,52,Delivered
524,INV4321,Boyle-Kuhn,Gamma Thingamajig Order,8,Management,16-02-2022,20-05-2023,1600,Accepted by Vendor,68,Delivered
525,INV4321,Hyatt-Kertzmann,Alpha Widget Order,86,Procurement,10-02-2022,25-02-2023,5200,Accepted by Vendor,59,Delivered
526,INV2109,Greenfelder and Sons,Alpha Widget Order,26,HR,30-01-2022,25-05-2024,9500,Accepted by Vendor,39,Delivered
527,INV4326,"Prohaska, Bode and Welch",Epsilon Whatchamacallit Order,61,Management,31-01-2022,30-04-2026,9800,Accepted by Vendor,60,Delivered
528,INV4321,Frami Group,Alpha Widget Order,41,Software Develpoment,27-02-2022,30-06-2026,7700,Accepted by Vendor,81,Delivered
529,INV1234,Stracke-Grimes,Alpha Widget Order,45,Software Develpoment,11-02-2022,30-08-2023,9100,Accepted by Vendor,34,Delivered
530,INV5432,"Hyatt, O'Keefe and Gerlach",Beta Gizmo Order,39,Software Develpoment,15-02-2022,10-11-2023,8500,Accepted by Vendor,86,Delivered
531,INV8761,Bruen-Reichert,Beta Gizmo Order,64,Procurement,31-01-2022,30-04-2026,6100,Accepted by Vendor,89,Delivered
532,INV0981,Nikolaus LLC,Beta Gizmo Order,20,Software Develpoment,04-02-2022,30-12-2026,6000,Accepted by Vendor,66,Delivered
533,INV6543,O'Keefe-Bernier,Beta Gizmo Order,93,HR,08-03-2022,05-08-2022,3300,Accepted by Vendor,94,Delivered
534,INV0123,Hilll-O'Reilly,Epsilon Whatchamacallit Order,18,HR,29-03-2022,25-05-2024,1150,Accepted by Vendor,99,Delivered
535,INV0987,Emmerich Inc,Epsilon Whatchamacallit Order,59,Finance,11-02-2022,20-01-2025,1900,Accepted by Vendor,65,Delivered
536,INV8765,"Walker, Nienow and DuBuque",Beta Gizmo Order,23,Network,17-03-2022,10-10-2024,2000,Accepted by Vendor,44,Delivered
537,INV8761,"Sipes, Hane and Nader",Delta Doohickey Order,7,HR,06-03-2022,10-03-2023,8500,Accepted by Vendor,33,Delivered
538,INV4321,Doyle Inc,Alpha Widget Order,67,HR,10-02-2022,10-11-2023,8400,Accepted by Vendor,23,Delivered
539,INV8765,"Collins, Reichert and O'Hara",Gamma Thingamajig Order,65,HR,06-01-2022,14-09-2023,6900,Accepted by Vendor,86,Delivered
540,INV8761,"Jacobi, Greenfelder and Pagac",Delta Doohickey Order,26,Network,28-01-2022,22-04-2025,6100,Accepted by Vendor,95,Delivered
541,INV2109,"Green, Lindgren and Block",Alpha Widget Order,100,Network,01-01-2022,10-07-2024,1250,Accepted by Vendor,89,Delivered
542,INV2109,Bechtelar Inc,Beta Gizmo Order,26,Network,26-03-2022,18-04-2023,4400,Accepted by Vendor,46,Delivered
543,INV9012,Goyette-Schowalter,Delta Doohickey Order,45,Cyber Security,04-01-2022,15-12-2026,7600,Accepted by Vendor,49,Delivered
544,INV4321,Gleason Group,Epsilon Whatchamacallit Order,16,Finance,26-01-2022,10-02-2022,7100,Accepted by Vendor,31,Delivered
545,INV6547,Boehm-Bayer,Epsilon Whatchamacallit Order,67,Cyber Security,03-01-2022,05-01-2022,1400,Accepted by Vendor,80,Delivered
546,INV8765,"Haag, Lubowitz and Ritchie",Alpha Widget Order,31,Finance,02-01-2022,15-03-2022,6400,Accepted by Vendor,93,Delivered
547,INV4326,"Romaguera, Rempel and Ledner",Alpha Widget Order,34,Management,13-01-2022,30-08-2023,7200,Accepted by Vendor,12,Delivered
548,INV8765,Cremin Group,Beta Gizmo Order,27,Finance,22-01-2022,30-12-2022,1125,Accepted by Vendor,18,Delivered
549,INV0981,Wiza-Goodwin,Gamma Thingamajig Order,29,Procurement,01-01-2022,18-04-2023,4400,Accepted by Vendor,15,Delivered
550,INV4321,Orn-Roob,Beta Gizmo Order,42,Procurement,02-01-2022,05-10-2023,5700,Accepted by Vendor,93,Delivered
551,INV2190,Borer-Koch,Gamma Thingamajig Order,49,Software Develpoment,22-02-2022,30-06-2026,7400,Accepted by Vendor,37,Delivered
552,INV8765,Daniel Inc,Delta Doohickey Order,78,Procurement,06-03-2022,05-10-2023,4200,Accepted by Vendor,60,Delivered
553,INV6543,Medhurst and Sons,Epsilon Whatchamacallit Order,49,HR,05-01-2022,25-10-2025,5700,Accepted by Vendor,52,Delivered
554,INV6543,Thompson-Kirlin,Delta Doohickey Order,37,HR,15-03-2022,20-12-2024,6800,Accepted by Vendor,45,Delivered
555,INV0981,Howell Group,Gamma Thingamajig Order,21,Network,09-02-2022,22-04-2025,2800,Accepted by Vendor,34,Delivered
556,INV8765,Harris-Donnelly,Epsilon Whatchamacallit Order,9,Management,01-03-2022,20-01-2025,6900,Accepted by Vendor,40,Delivered
557,INV4321,"Ruecker, Veum and Sawayn",Alpha Widget Order,16,HR,29-01-2022,25-05-2024,3400,Accepted by Vendor,66,Delivered
558,INV8765,"Wilkinson, Dietrich and Kub",Beta Gizmo Order,31,Software Develpoment,21-01-2022,25-02-2023,5300,Accepted by Vendor,85,Delivered
559,INV4321,"Hyatt, Veum and Bashirian",Beta Gizmo Order,97,Procurement,13-02-2022,25-12-2026,1325,Accepted by Vendor,7,Delivered
560,INV8901,Jones-Becker,Gamma Thingamajig Order,40,Cyber Security,07-03-2022,30-08-2023,5600,Accepted by Vendor,64,Delivered
561,INV0987,Mante and Sons,Alpha Widget Order,28,Finance,30-01-2022,30-01-2026,1800,Accepted by Vendor,86,Delivered
562,INV6547,"Bergstrom, Bruen and Cartwright",Beta Gizmo Order,87,Software Develpoment,11-01-2022,05-01-2022,6500,Accepted by Vendor,27,Delivered
563,INV8761,Schamberger LLC,Epsilon Whatchamacallit Order,51,Network,07-01-2022,20-05-2023,4300,Accepted by Vendor,54,Delivered
564,INV8761,"Lehner, Ruecker and VonRueden",Gamma Thingamajig Order,61,Cyber Security,13-01-2022,20-12-2024,3500,Accepted by Vendor,80,Delivered
565,INV4321,"Deckow, Altenwerth and Gorczany",Gamma Thingamajig Order,37,Procurement,18-03-2022,10-05-2026,4400,Accepted by Vendor,83,Delivered
566,INV0981,Reichel-Rippin,Epsilon Whatchamacallit Order,46,Software Develpoment,05-01-2022,30-06-2022,5600,Accepted by Vendor,77,Delivered
567,INV4321,Doyle-Hyatt,Alpha Widget Order,18,Cyber Security,07-01-2022,12-05-2022,4600,Accepted by Vendor,96,Delivered
568,INV2190,Douglas-Erdman,Beta Gizmo Order,34,Procurement,24-01-2022,10-11-2023,4900,Accepted by Vendor,67,Delivered
569,INV8765,Pacocha-Kuphal,Epsilon Whatchamacallit Order,44,Management,18-03-2022,01-11-2025,8500,Accepted by Vendor,50,Delivered
570,INV4326,"Schaefer, Sauer and Flatley",Epsilon Whatchamacallit Order,100,Network,30-03-2022,30-06-2026,7900,Accepted by Vendor,97,Delivered
571,INV2109,"Green, Bailey and Gutmann",Delta Doohickey Order,10,Network,07-01-2022,05-08-2022,6000,Accepted by Vendor,59,Delivered
572,INV4321,Denesik-Cruickshank,Epsilon Whatchamacallit Order,52,HR,14-03-2022,30-04-2026,8900,Accepted by Vendor,96,Delivered
573,INV0981,Zulauf-Sawayn,Gamma Thingamajig Order,10,Cyber Security,13-02-2022,10-07-2024,7600,Accepted by Vendor,51,Delivered
574,INV4326,Ratke-Reichert,Delta Doohickey Order,22,Management,01-01-2022,20-12-2023,7400,Accepted by Vendor,79,Delivered
575,INV2190,Hessel Inc,Epsilon Whatchamacallit Order,81,Software Develpoment,10-02-2022,30-12-2022,1300,Accepted by Vendor,30,Delivered
576,INV8901,"DuBuque, Denesik and Halvorson",Gamma Thingamajig Order,97,HR,25-03-2022,25-12-2026,6300,Accepted by Vendor,65,Delivered
577,INV8761,Fay-Crist,Delta Doohickey Order,93,Management,25-02-2022,20-05-2023,9100,Accepted by Vendor,34,Delivered
578,INV6543,"Klein, Cummerata and Christiansen",Alpha Widget Order,76,Finance,13-02-2022,25-05-2024,8200,Accepted by Vendor,97,Delivered
579,INV6547,"Lockman, Waters and Bins",Gamma Thingamajig Order,5,Software Develpoment,22-03-2022,15-03-2022,3100,Accepted by Vendor,30,Delivered
580,INV6543,Sanford Group,Beta Gizmo Order,53,Finance,12-02-2022,18-09-2022,1700,Accepted by Vendor,59,Delivered
581,INV6543,Cormier LLC,Alpha Widget Order,45,HR,18-01-2022,25-10-2025,7300,Accepted by Vendor,87,Delivered
582,INV6547,Zboncak-Dickens,Alpha Widget Order,51,HR,02-03-2022,07-07-2022,9300,Accepted by Vendor,47,Delivered
583,INV8765,Schinner-Murphy,Gamma Thingamajig Order,20,Procurement,18-01-2022,25-05-2024,5200,Accepted by Vendor,19,Delivered
584,INV2190,Conn Inc,Epsilon Whatchamacallit Order,33,Management,20-03-2022,15-11-2024,9700,Accepted by Vendor,79,Delivered
585,INV4326,Armstrong-Kuvalis,Delta Doohickey Order,93,Management,12-02-2022,15-11-2024,8300,Accepted by Vendor,61,Delivered
586,INV6547,"Skiles, Orn and Ritchie",Epsilon Whatchamacallit Order,79,Software Develpoment,26-01-2022,25-03-2026,2100,Accepted by Vendor,52,Delivered
587,INV2109,Volkman LLC,Beta Gizmo Order,4,Procurement,27-02-2022,23-11-2022,7700,Accepted by Vendor,92,Delivered
588,INV6543,"Cole, Kling and Walsh",Beta Gizmo Order,40,Finance,29-03-2022,05-06-2023,4100,Accepted by Vendor,25,Delivered
589,INV8765,"Lakin, Murray and Sipes",Delta Doohickey Order,100,Finance,15-02-2022,18-02-2026,1500,Accepted by Vendor,14,Delivered
590,INV4326,"Keeling, Ruecker and Cormier",Epsilon Whatchamacallit Order,41,Cyber Security,17-01-2022,30-12-2022,5900,Accepted by Vendor,18,Delivered
591,INV4326,Schroeder Inc,Alpha Widget Order,77,HR,27-03-2022,05-08-2022,1900,Accepted by Vendor,22,Delivered
592,INV6543,Homenick-Cartwright,Delta Doohickey Order,21,Procurement,01-01-2022,30-12-2026,4300,Accepted by Vendor,48,Delivered
593,INV4567,Brekke-Bashirian,Alpha Widget Order,24,Network,13-03-2022,18-02-2026,2500,Accepted by Vendor,25,Delivered
594,INV4321,Haley Inc,Alpha Widget Order,69,Software Develpoment,10-02-2022,30-08-2023,1250,Accepted by Vendor,96,Delivered
595,INV2109,Jaskolski-Brekke,Alpha Widget Order,37,Network,25-02-2022,15-12-2026,8200,Accepted by Vendor,29,Delivered
596,INV8761,Robel Group,Gamma Thingamajig Order,71,Network,16-02-2022,10-12-2025,4000,Accepted by Vendor,52,Delivered
597,INV2190,Legros and Sons,Gamma Thingamajig Order,68,HR,26-02-2022,20-04-2022,7200,Accepted by Vendor,16,Delivered
598,INV8765,Rohan-Effertz,Beta Gizmo Order,84,Procurement,03-01-2022,05-06-2024,4700,Accepted by Vendor,97,Delivered
599,INV0981,Stroman Group,Beta Gizmo Order,31,Procurement,01-02-2022,22-03-2024,1050,Accepted by Vendor,6,Delivered
600,INV5678,Beier LLC,Beta Gizmo Order,52,Cyber Security,16-01-2022,05-09-2024,9800,Accepted by Vendor,47,Delivered
601,INV9876,"Frami, Tremblay and Moen",Epsilon Whatchamacallit Order,13,Management,26-02-2022,14-09-2023,1700,Accepted by Vendor,91,Delivered
602,INV6547,Hettinger-Turcotte,Gamma Thingamajig Order,44,Procurement,24-02-2022,25-05-2024,2200,Accepted by Vendor,47,Delivered
603,INV4321,"Graham, Klocko and Price",Beta Gizmo Order,14,Network,22-02-2022,05-10-2023,1800,Accepted by Vendor,10,Delivered
604,INV2109,Corwin Inc,Epsilon Whatchamacallit Order,63,Finance,20-02-2022,05-08-2022,1600,Accepted by Vendor,43,Delivered
605,INV4326,"Kirlin, Lindgren and Metz",Epsilon Whatchamacallit Order,81,Procurement,13-01-2022,10-12-2025,1250,Accepted by Vendor,88,Delivered
606,INV8765,"Funk, McKenzie and Bahringer",Epsilon Whatchamacallit Order,99,Network,30-03-2022,03-12-2026,8600,Accepted by Vendor,35,Delivered
607,INV3456,"Feil, Parisian and Smitham",Gamma Thingamajig Order,35,Management,19-01-2022,25-12-2026,1250,Accepted by Vendor,90,Delivered
608,INV9012,"Wehner, Nader and Gerlach",Alpha Widget Order,78,Procurement,26-03-2022,10-11-2023,5200,Accepted by Vendor,93,Delivered
609,INV2109,Ullrich-Fahey,Gamma Thingamajig Order,77,HR,20-02-2022,25-05-2024,7300,Accepted by Vendor,22,Delivered
610,INV8761,McCullough-Pollich,Beta Gizmo Order,29,Network,27-01-2022,25-05-2025,1325,Accepted by Vendor,25,Delivered
611,INV8765,Goodwin LLC,Delta Doohickey Order,70,Network,24-03-2022,10-01-2024,6800,Accepted by Vendor,49,Delivered
612,INV8765,Nader-Kemmer,Beta Gizmo Order,22,Cyber Security,07-02-2022,01-11-2025,9900,Accepted by Vendor,98,Delivered
613,INV4326,"Dickens, Moore and Swift",Gamma Thingamajig Order,17,Network,30-01-2022,15-08-2024,4900,Accepted by Vendor,66,Delivered
614,INV4321,Bins Inc,Epsilon Whatchamacallit Order,64,Management,06-01-2022,15-03-2022,8600,Accepted by Vendor,30,Delivered
615,INV0981,Kuhic-Tromp,Epsilon Whatchamacallit Order,58,Procurement,30-03-2022,15-11-2024,1400,Accepted by Vendor,34,Delivered
616,INV6547,O'Reilly LLC,Beta Gizmo Order,47,Network,14-03-2022,30-04-2026,7800,Accepted by Vendor,9,Delivered
617,INV8765,"Gutkowski, McGlynn and Hagenes",Beta Gizmo Order,31,HR,29-01-2022,05-10-2023,8500,Accepted by Vendor,20,Delivered
618,INV6789,Stoltenberg Inc,Beta Gizmo Order,10,Procurement,30-03-2022,05-01-2022,8500,Accepted by Vendor,63,Delivered
619,INV6789,Sauer and Sons,Alpha Widget Order,39,Cyber Security,29-01-2022,10-05-2026,8000,Accepted by Vendor,33,Delivered
620,INV6543,Will Inc,Delta Doohickey Order,15,HR,08-03-2022,20-05-2023,8100,Accepted by Vendor,39,Delivered
621,INV2109,"Deckow, Cartwright and Sawayn",Alpha Widget Order,47,Procurement,23-03-2022,10-03-2023,1800,Accepted by Vendor,51,Delivered
622,INV6547,Will and Sons,Delta Doohickey Order,37,Network,29-03-2022,15-08-2024,2500,Accepted by Vendor,92,Delivered
623,INV6543,McClure-Stoltenberg,Delta Doohickey Order,34,Cyber Security,22-01-2022,25-02-2023,1700,Accepted by Vendor,32,Delivered
624,INV4321,Klein-Jacobs,Delta Doohickey Order,31,Software Develpoment,11-01-2022,05-08-2022,5200,Accepted by Vendor,31,Delivered
625,INV2190,Homenick Group,Delta Doohickey Order,38,Management,27-01-2022,18-09-2022,5800,Accepted by Vendor,77,Delivered
626,INV2109,Morar-Mohr,Beta Gizmo Order,4,Cyber Security,26-03-2022,15-03-2025,3600,Accepted by Vendor,7,Delivered
627,INV8901,Dare LLC,Epsilon Whatchamacallit Order,75,Network,14-02-2022,25-05-2024,1400,Accepted by Vendor,88,Delivered
628,INV8765,Vandervort-Ryan,Epsilon Whatchamacallit Order,73,Finance,20-02-2022,05-01-2022,9700,Accepted by Vendor,98,Delivered
629,INV0981,Gerlach Group,Gamma Thingamajig Order,29,Finance,06-03-2022,10-12-2025,2000,Accepted by Vendor,75,Delivered
630,INV0987,Kulas-Corwin,Gamma Thingamajig Order,78,Network,05-02-2022,20-05-2023,7500,Accepted by Vendor,34,Delivered
631,INV0987,Waters-Swaniawski,Epsilon Whatchamacallit Order,39,Management,10-03-2022,15-12-2026,3400,Accepted by Vendor,47,Delivered
632,INV0987,Beier Inc,Gamma Thingamajig Order,50,HR,01-03-2022,30-06-2022,7500,Accepted by Vendor,32,Delivered
633,INV8901,Predovic Inc,Delta Doohickey Order,62,Software Develpoment,15-01-2022,30-06-2022,5400,Accepted by Vendor,43,Delivered
634,INV1234,Beahan-Abernathy,Alpha Widget Order,12,Management,09-01-2022,20-05-2023,7800,Accepted by Vendor,31,Delivered
635,INV0981,Kulas Group,Epsilon Whatchamacallit Order,9,Software Develpoment,30-01-2022,28-07-2023,8200,Accepted by Vendor,87,Delivered
636,INV6543,Howe-Bosco,Gamma Thingamajig Order,85,Software Develpoment,04-03-2022,28-07-2023,8100,Accepted by Vendor,36,Delivered
637,INV4321,Kulas-VonRueden,Epsilon Whatchamacallit Order,58,Management,15-02-2022,15-12-2026,3700,Accepted by Vendor,14,Delivered
638,INV8765,Tromp LLC,Alpha Widget Order,89,Cyber Security,01-01-2022,28-07-2023,7800,Accepted by Vendor,7,Delivered
639,INV8765,Bashirian-Koss,Delta Doohickey Order,45,HR,15-03-2022,15-08-2024,8200,Accepted by Vendor,46,Delivered
640,INV8761,"Deckow, Mitchell and Quigley",Alpha Widget Order,88,Cyber Security,19-02-2022,20-01-2025,2100,Accepted by Vendor,82,Delivered
641,INV2109,Lynch-Feil,Delta Doohickey Order,84,Management,21-01-2022,15-08-2024,4800,Accepted by Vendor,62,Delivered
642,INV0981,Bogisich LLC,Gamma Thingamajig Order,82,Finance,28-01-2022,03-12-2026,4400,Accepted by Vendor,18,Delivered
643,INV4321,Lueilwitz-Gulgowski,Beta Gizmo Order,44,Management,08-02-2022,05-06-2023,9800,Accepted by Vendor,15,Delivered
644,INV1234,Lynch-Zulauf,Gamma Thingamajig Order,31,Management,19-02-2022,25-12-2026,5400,Accepted by Vendor,11,Delivered
645,INV2109,Yundt LLC,Alpha Widget Order,41,Cyber Security,21-03-2022,05-06-2023,7100,Accepted by Vendor,5,Delivered
646,INV9876,Balistreri-Erdman,Beta Gizmo Order,25,Finance,06-02-2022,10-03-2023,5100,Accepted by Vendor,51,Delivered
647,INV0987,"Beahan, Quigley and Okuneva",Gamma Thingamajig Order,9,Software Develpoment,30-03-2022,30-12-2025,1325,Accepted by Vendor,33,Delivered
648,INV6543,"Dibbert, Wehner and Krajcik",Epsilon Whatchamacallit Order,12,Procurement,24-01-2022,05-10-2023,2600,Accepted by Vendor,6,Delivered
649,INV0981,"Nienow, Huels and Bode",Alpha Widget Order,18,Software Develpoment,14-01-2022,05-06-2023,9900,Accepted by Vendor,9,Delivered
650,INV8765,Will-Ratke,Delta Doohickey Order,50,Finance,16-02-2022,15-03-2022,1400,Accepted by Vendor,75,Delivered
651,INV4326,Connelly and Sons,Delta Doohickey Order,45,Finance,01-02-2022,15-10-2022,1250,Accepted by Vendor,3,Delivered
652,INV8761,"Quigley, Romaguera and Ledner",Epsilon Whatchamacallit Order,38,Network,29-01-2022,05-08-2022,2000,Accepted by Vendor,59,Delivered
653,INV6547,Kuhic-Deckow,Epsilon Whatchamacallit Order,63,Procurement,26-03-2022,20-11-2026,5400,Accepted by Vendor,96,Delivered
654,INV6543,Senger-Blick,Epsilon Whatchamacallit Order,83,HR,05-03-2022,25-05-2025,2800,Accepted by Vendor,47,Delivered
655,INV8761,"Paucek, Howe and Wyman",Beta Gizmo Order,82,Cyber Security,07-01-2022,05-06-2023,8500,Accepted by Vendor,95,Delivered
656,INV1234,Lakin-Kulas,Delta Doohickey Order,69,Network,19-02-2022,30-12-2022,1550,Accepted by Vendor,34,Delivered
657,INV2109,"Zulauf, Powlowski and Torp",Delta Doohickey Order,37,HR,06-01-2022,20-12-2023,8600,Accepted by Vendor,11,Delivered
658,INV0981,"Lesch, Weimann and Bauch",Epsilon Whatchamacallit Order,93,Software Develpoment,19-03-2022,18-09-2022,6400,Accepted by Vendor,85,Delivered
659,INV4326,Luettgen-Schumm,Gamma Thingamajig Order,74,Finance,06-02-2022,05-08-2022,5100,Accepted by Vendor,82,Delivered
660,INV6547,"Daugherty, Breitenberg and Daugherty",Beta Gizmo Order,85,Cyber Security,16-03-2022,05-08-2022,6900,Accepted by Vendor,5,Delivered
661,INV8761,"Hintz, Hegmann and Kohler",Beta Gizmo Order,100,HR,12-02-2022,29-11-2025,6700,Accepted by Vendor,18,Delivered
662,INV6543,Kunze-Hoeger,Beta Gizmo Order,94,HR,29-03-2022,15-08-2024,1400,Accepted by Vendor,10,Delivered
663,INV6547,Robel-Runolfsdottir,Epsilon Whatchamacallit Order,46,Management,25-03-2022,22-03-2024,8800,Accepted by Vendor,42,Delivered
664,INV4326,Hermann LLC,Epsilon Whatchamacallit Order,81,Network,20-03-2022,05-06-2023,8400,Accepted by Vendor,74,Delivered
665,INV0987,"Larson, Stiedemann and Bergstrom",Epsilon Whatchamacallit Order,10,Cyber Security,15-02-2022,12-05-2022,1050,Accepted by Vendor,100,Delivered
666,INV5678,"Blick, Marks and Kuhic",Alpha Widget Order,64,Network,27-02-2022,15-01-2023,4100,Accepted by Vendor,25,Delivered
667,INV2109,Kshlerin LLC,Delta Doohickey Order,57,Cyber Security,30-03-2022,10-05-2026,10000,Accepted by Vendor,50,Delivered
668,INV6547,"Rolfson, Quitzon and Johns",Epsilon Whatchamacallit Order,12,Cyber Security,13-03-2022,30-01-2026,4400,Accepted by Vendor,84,Delivered
669,INV0981,Jacobs-Walter,Gamma Thingamajig Order,82,Network,08-02-2022,30-06-2022,4000,Accepted by Vendor,48,Delivered
670,INV2190,O'Connell LLC,Gamma Thingamajig Order,33,Network,10-02-2022,20-12-2024,1450,Accepted by Vendor,30,Delivered
671,INV5678,Gislason and Sons,Epsilon Whatchamacallit Order,65,Management,13-01-2022,25-05-2025,9000,Accepted by Vendor,63,Delivered
672,INV6543,Rowe LLC,Alpha Widget Order,56,HR,15-03-2022,20-12-2023,3600,Accepted by Vendor,90,Delivered
673,INV0981,Lesch and Sons,Delta Doohickey Order,66,Software Develpoment,20-03-2022,10-05-2026,4200,Accepted by Vendor,80,Delivered
674,INV0981,Herzog and Sons,Beta Gizmo Order,89,Cyber Security,02-01-2022,15-03-2022,1900,Accepted by Vendor,47,Delivered
675,INV8765,"Jast, Fay and Bashirian",Beta Gizmo Order,70,Software Develpoment,16-03-2022,20-01-2025,2500,Accepted by Vendor,9,Delivered
676,INV2190,Cremin-Lynch,Epsilon Whatchamacallit Order,19,Cyber Security,23-03-2022,30-08-2023,1800,Accepted by Vendor,70,Delivered
677,INV4326,Langworth Inc,Alpha Widget Order,34,Network,30-01-2022,18-02-2026,4700,Accepted by Vendor,92,Delivered
678,INV0981,"Marvin, Bashirian and Glover",Alpha Widget Order,25,Network,25-01-2022,15-03-2025,6500,Accepted by Vendor,30,Delivered
679,INV6547,Kreiger-Walker,Delta Doohickey Order,73,Cyber Security,28-01-2022,05-01-2022,9100,Accepted by Vendor,62,Delivered
680,INV2109,Lebsack-Moore,Gamma Thingamajig Order,64,Software Develpoment,27-01-2022,28-02-2025,6200,Accepted by Vendor,52,Delivered
681,INV2109,Effertz-Borer,Alpha Widget Order,59,HR,10-03-2022,30-08-2023,2700,Accepted by Vendor,63,Delivered
682,INV8765,"Kilback, Ratke and Carter",Epsilon Whatchamacallit Order,12,Finance,16-02-2022,20-05-2023,3200,Accepted by Vendor,60,Delivered
683,INV0987,"Yundt, Tremblay and Ward",Alpha Widget Order,75,Cyber Security,25-02-2022,30-06-2026,3000,Accepted by Vendor,12,Delivered
684,INV6547,"Dare, Thompson and Sawayn",Epsilon Whatchamacallit Order,15,Network,30-01-2022,10-07-2024,8300,Accepted by Vendor,92,Delivered
685,INV4567,Hahn-Roob,Epsilon Whatchamacallit Order,46,Cyber Security,02-01-2022,10-11-2023,1450,Accepted by Vendor,59,Delivered
686,INV0981,Murphy Inc,Gamma Thingamajig Order,17,Procurement,16-03-2022,10-07-2024,2200,Accepted by Vendor,62,Delivered
687,INV0981,"Nader, Raynor and Greenholt",Delta Doohickey Order,18,HR,23-01-2022,25-05-2025,1350,Accepted by Vendor,35,Delivered
688,INV0987,"Spinka, Kassulke and Cassin",Delta Doohickey Order,9,Finance,06-02-2022,15-08-2024,5800,Accepted by Vendor,91,Delivered
689,INV6547,Pfeffer-Cole,Delta Doohickey Order,38,Finance,07-02-2022,07-07-2022,6600,Accepted by Vendor,58,Delivered
690,INV0981,Bartoletti-Schroeder,Delta Doohickey Order,96,Network,18-01-2022,05-06-2023,4100,Accepted by Vendor,84,Delivered
691,INV2109,McDermott-Conn,Beta Gizmo Order,60,HR,01-03-2022,30-08-2023,7400,Accepted by Vendor,89,Delivered
692,INV4321,"Rogahn, Effertz and Hessel",Beta Gizmo Order,72,Finance,16-02-2022,15-08-2024,6400,Accepted by Vendor,54,Delivered
693,INV1234,"Emard, Kuphal and Buckridge",Gamma Thingamajig Order,10,Cyber Security,03-01-2022,15-12-2026,1225,Accepted by Vendor,3,Delivered
694,INV8765,"Koch, Blick and Crooks",Epsilon Whatchamacallit Order,92,Network,25-03-2022,05-08-2022,7500,Accepted by Vendor,93,Delivered
695,INV8765,"Morissette, McKenzie and Hand",Epsilon Whatchamacallit Order,61,Software Develpoment,28-02-2022,25-03-2026,6900,Accepted by Vendor,68,Delivered
696,INV0987,Schoen Inc,Delta Doohickey Order,27,Finance,06-01-2022,05-08-2022,4200,Accepted by Vendor,12,Delivered
697,INV4321,Rosenbaum-Lemke,Alpha Widget Order,28,Cyber Security,01-02-2022,03-12-2026,4900,Accepted by Vendor,81,Delivered
698,INV4326,Johnson and Sons,Beta Gizmo Order,96,HR,01-02-2022,25-02-2023,2900,Accepted by Vendor,70,Delivered
699,INV0981,Towne-Yost,Beta Gizmo Order,94,Finance,10-02-2022,15-11-2024,2700,Accepted by Vendor,98,Delivered
700,INV8901,"O'Hara, Gusikowski and Wiza",Epsilon Whatchamacallit Order,16,Network,22-01-2022,30-04-2026,5000,Accepted by Vendor,15,Delivered
701,INV4321,Borer Inc,Beta Gizmo Order,47,Software Develpoment,13-03-2022,15-03-2022,9700,Accepted by Vendor,30,Delivered
702,INV4326,Deckow LLC,Gamma Thingamajig Order,25,HR,24-01-2022,05-09-2025,3900,Accepted by Vendor,22,Delivered
703,INV4321,Stracke Inc,Epsilon Whatchamacallit Order,33,Cyber Security,24-02-2022,10-03-2023,6300,Accepted by Vendor,50,Delivered
704,INV6547,Treutel-Gleason,Epsilon Whatchamacallit Order,96,Procurement,07-03-2022,20-12-2024,8900,Accepted by Vendor,47,Delivered
705,INV6547,Bosco LLC,Gamma Thingamajig Order,13,Network,30-03-2022,10-05-2026,1650,Accepted by Vendor,51,Delivered
706,INV4326,Schuster-Pouros,Beta Gizmo Order,74,Procurement,28-03-2022,30-06-2022,2300,Accepted by Vendor,92,Delivered
707,INV3456,Denesik LLC,Epsilon Whatchamacallit Order,99,Software Develpoment,25-03-2022,20-04-2022,2500,Accepted by Vendor,10,Delivered
708,INV0981,"Willms, Vandervort and Koepp",Delta Doohickey Order,50,Finance,04-02-2022,10-07-2024,1350,Accepted by Vendor,54,Delivered
709,INV6543,Wisoky-Schinner,Epsilon Whatchamacallit Order,31,Software Develpoment,14-01-2022,20-04-2022,6900,Accepted by Vendor,47,Delivered
710,INV6789,Nader-Volkman,Gamma Thingamajig Order,46,Management,25-02-2022,10-12-2025,9100,Accepted by Vendor,22,Delivered
711,INV8761,King and Sons,Gamma Thingamajig Order,26,Procurement,13-01-2022,18-02-2026,1225,Accepted by Vendor,30,Delivered
712,INV2190,Donnelly-Douglas,Beta Gizmo Order,18,Network,03-02-2022,10-07-2024,2600,Accepted by Vendor,90,Delivered
713,INV8765,Weissnat Group,Gamma Thingamajig Order,49,Finance,02-02-2022,05-09-2024,6800,Accepted by Vendor,86,Delivered
714,INV0987,"Schroeder, Kreiger and Muller",Beta Gizmo Order,52,Cyber Security,04-03-2022,15-11-2024,2000,Accepted by Vendor,59,Delivered
715,INV9012,Kunze-Hermann,Alpha Widget Order,58,HR,01-03-2022,05-10-2023,4500,Accepted by Vendor,9,Delivered
716,INV4321,Halvorson-Block,Gamma Thingamajig Order,43,Management,12-01-2022,20-12-2026,6000,Accepted by Vendor,48,Delivered
717,INV0987,"Blanda, Doyle and Blanda",Alpha Widget Order,42,Software Develpoment,09-03-2022,15-11-2024,5300,Accepted by Vendor,12,Delivered
718,INV6547,"Willms, Koepp and Kuhic",Beta Gizmo Order,23,Software Develpoment,08-01-2022,28-07-2023,5100,Accepted by Vendor,61,Delivered
719,INV6547,Bednar LLC,Gamma Thingamajig Order,30,HR,21-01-2022,15-08-2024,1350,Accepted by Vendor,48,Delivered
720,INV8761,"McGlynn, Hills and Pollich",Beta Gizmo Order,76,Cyber Security,04-01-2022,05-09-2025,7300,Accepted by Vendor,11,Delivered
721,INV0987,"Zulauf, Thompson and Reinger",Delta Doohickey Order,81,HR,02-02-2022,20-12-2026,2100,Accepted by Vendor,30,Delivered
722,INV4321,Tromp-Ward,Gamma Thingamajig Order,83,Cyber Security,20-02-2022,05-09-2024,3800,Accepted by Vendor,35,Delivered
723,INV0987,McGlynn and Sons,Beta Gizmo Order,66,Network,20-02-2022,20-12-2024,3600,Accepted by Vendor,85,Delivered
724,INV4326,Ruecker-Hagenes,Epsilon Whatchamacallit Order,100,Software Develpoment,19-01-2022,30-06-2026,1550,Accepted by Vendor,38,Delivered
725,INV0987,Murphy-Koepp,Beta Gizmo Order,94,HR,10-01-2022,30-01-2026,5200,Accepted by Vendor,13,Delivered
726,INV8765,Cremin Inc,Epsilon Whatchamacallit Order,69,Cyber Security,08-02-2022,28-07-2023,8700,Accepted by Vendor,80,Delivered
727,INV0981,Mosciski-Kohler,Gamma Thingamajig Order,92,HR,23-02-2022,25-12-2026,5600,Accepted by Vendor,40,Delivered
728,INV0981,Cronin Group,Beta Gizmo Order,45,HR,07-02-2022,10-02-2022,2200,Accepted by Vendor,40,Delivered
729,INV6543,"Schmitt, Wiza and Mann",Delta Doohickey Order,94,Procurement,07-03-2022,03-12-2026,6600,Accepted by Vendor,59,Delivered
730,INV8765,Braun-Thompson,Beta Gizmo Order,42,Network,01-02-2022,12-05-2022,4700,Accepted by Vendor,77,Delivered
731,INV4321,Streich-Kuhlman,Delta Doohickey Order,89,HR,04-01-2022,05-06-2023,5700,Accepted by Vendor,65,Delivered
732,INV9012,Bergstrom and Sons,Beta Gizmo Order,100,Finance,02-03-2022,07-07-2022,6800,Accepted by Vendor,92,Delivered
733,INV0981,"Tremblay, Lind and Ullrich",Delta Doohickey Order,41,Procurement,24-01-2022,30-06-2026,5100,Accepted by Vendor,57,Delivered
734,INV0987,Turcotte Inc,Beta Gizmo Order,69,Network,05-03-2022,15-11-2024,7000,Accepted by Vendor,25,Delivered
735,INV6547,Schuppe-Rosenbaum,Epsilon Whatchamacallit Order,72,Cyber Security,18-03-2022,15-03-2025,5400,Accepted by Vendor,89,Delivered
736,INV6543,"Rippin, Kuhlman and Rempel",Epsilon Whatchamacallit Order,6,Software Develpoment,11-02-2022,22-03-2024,3400,Accepted by Vendor,69,Delivered
737,INV4321,Braun-Hintz,Gamma Thingamajig Order,50,Procurement,23-02-2022,28-02-2025,8000,Accepted by Vendor,47,Delivered
738,INV8765,"Rolfson, Bauch and Jerde",Epsilon Whatchamacallit Order,96,Network,24-01-2022,25-05-2025,7700,Accepted by Vendor,53,Delivered
739,INV0981,Jacobi LLC,Beta Gizmo Order,15,Finance,27-03-2022,10-12-2025,6300,Accepted by Vendor,61,Delivered
740,INV8765,Homenick-Monahan,Gamma Thingamajig Order,67,Finance,10-01-2022,20-12-2024,1125,Accepted by Vendor,68,Delivered
741,INV6789,McLaughlin and Sons,Gamma Thingamajig Order,51,Network,11-03-2022,05-09-2024,7800,Accepted by Vendor,68,Delivered
742,INV2109,Mante and Sons,Gamma Thingamajig Order,5,Finance,12-02-2022,22-04-2025,7900,Accepted by Vendor,28,Delivered
743,INV0981,"Roob, Sawayn and Cormier",Epsilon Whatchamacallit Order,30,Management,28-03-2022,22-04-2025,1225,Accepted by Vendor,65,Delivered
744,INV0981,Rutherford LLC,Delta Doohickey Order,17,Cyber Security,24-03-2022,05-06-2023,9000,Accepted by Vendor,12,Delivered
745,INV8761,Hoppe-Predovic,Epsilon Whatchamacallit Order,14,Procurement,06-01-2022,20-11-2026,2300,Accepted by Vendor,14,Delivered
746,INV6547,Boyle-Goldner,Epsilon Whatchamacallit Order,94,Network,16-01-2022,05-06-2023,7100,Accepted by Vendor,22,Delivered
747,INV6543,Aufderhar Group,Gamma Thingamajig Order,33,Network,14-01-2022,10-03-2023,8800,Accepted by Vendor,3,Delivered
748,INV8765,"Dibbert, Harvey and Green",Alpha Widget Order,22,Software Develpoment,07-03-2022,25-12-2026,3000,Accepted by Vendor,48,Delivered
749,INV4326,Osinski Inc,Delta Doohickey Order,15,Finance,02-02-2022,15-12-2026,1750,Accepted by Vendor,33,Delivered
750,INV0981,"Willms, Emmerich and Altenwerth",Beta Gizmo Order,5,Network,16-02-2022,10-11-2023,1900,Accepted by Vendor,51,Delivered
751,INV0123,"O'Conner, Rogahn and Schneider",Alpha Widget Order,78,HR,19-01-2022,30-06-2026,5900,Accepted by Vendor,81,Delivered
752,INV4326,Feest and Sons,Epsilon Whatchamacallit Order,35,Management,16-02-2022,30-04-2026,2600,Accepted by Vendor,27,Delivered
753,INV0987,"Dooley, Grant and Wehner",Gamma Thingamajig Order,66,Management,17-02-2022,05-06-2023,3900,Accepted by Vendor,48,Delivered
754,INV2190,Raynor Group,Gamma Thingamajig Order,55,HR,19-02-2022,28-02-2025,3500,Accepted by Vendor,10,Delivered
755,INV8761,Schiller-Kihn,Delta Doohickey Order,33,Management,30-03-2022,10-03-2023,2700,Accepted by Vendor,70,Delivered
756,INV6543,"Herzog, Bernhard and Zulauf",Delta Doohickey Order,99,Software Develpoment,16-02-2022,05-09-2024,1750,Accepted by Vendor,65,Delivered
757,INV4321,Schumm Inc,Alpha Widget Order,89,Procurement,02-02-2022,05-09-2024,9500,Accepted by Vendor,83,Delivered
758,INV2190,"Konopelski, Funk and Deckow",Epsilon Whatchamacallit Order,60,HR,20-03-2022,18-04-2023,9600,Accepted by Vendor,56,Delivered
759,INV4567,Abbott Group,Epsilon Whatchamacallit Order,80,Software Develpoment,12-02-2022,10-07-2024,5800,Accepted by Vendor,70,Delivered
760,INV6543,Koelpin-Mann,Gamma Thingamajig Order,19,HR,12-03-2022,20-05-2023,4200,Accepted by Vendor,85,Delivered
761,INV8761,Klocko Group,Delta Doohickey Order,49,Cyber Security,03-02-2022,30-01-2026,6700,Accepted by Vendor,23,Delivered
762,INV8901,Maggio-Brekke,Gamma Thingamajig Order,5,Procurement,19-01-2022,15-03-2022,8600,Accepted by Vendor,37,Delivered
763,INV4321,"Collins, Gorczany and Ziemann",Gamma Thingamajig Order,25,Finance,23-02-2022,15-03-2025,6700,Accepted by Vendor,42,Delivered
764,INV4326,Yost and Sons,Epsilon Whatchamacallit Order,77,Cyber Security,22-01-2022,05-06-2023,1450,Accepted by Vendor,62,Delivered
765,INV2109,"Legros, Langworth and D'Amore",Gamma Thingamajig Order,73,Finance,02-03-2022,22-04-2025,1225,Accepted by Vendor,37,Delivered
766,INV8765,Tremblay-Fritsch,Epsilon Whatchamacallit Order,5,HR,03-02-2022,15-12-2026,1450,Accepted by Vendor,29,Delivered
767,INV0987,Towne and Sons,Beta Gizmo Order,57,Network,21-03-2022,30-12-2026,7000,Accepted by Vendor,80,Delivered
768,INV0981,Kuhn-Cronin,Epsilon Whatchamacallit Order,24,Network,17-01-2022,15-12-2026,5300,Accepted by Vendor,78,Delivered
769,INV4326,Jaskolski and Sons,Beta Gizmo Order,71,Procurement,20-01-2022,07-07-2022,4100,Accepted by Vendor,56,Delivered
770,INV4321,"Hackett, Bergnaum and Koepp",Beta Gizmo Order,52,HR,09-03-2022,25-05-2025,9800,Accepted by Vendor,79,Delivered
771,INV2109,"Stracke, Pouros and Crona",Epsilon Whatchamacallit Order,19,Software Develpoment,19-03-2022,30-12-2022,4900,Accepted by Vendor,85,Delivered
772,INV0981,Jacobs-Smith,Epsilon Whatchamacallit Order,54,Software Develpoment,28-01-2022,20-12-2024,5600,Accepted by Vendor,93,Delivered
773,INV2109,"Zulauf, Orn and Denesik",Delta Doohickey Order,47,HR,18-02-2022,12-05-2022,8000,Accepted by Vendor,80,Delivered
774,INV8765,Ernser-O'Connell,Beta Gizmo Order,69,Cyber Security,06-02-2022,25-05-2025,8900,Accepted by Vendor,38,Delivered
775,INV2345,"O'Keefe, Dickinson and Koelpin",Beta Gizmo Order,51,Procurement,05-01-2022,18-02-2024,6000,Accepted by Vendor,39,Delivered
776,INV8761,Schowalter Inc,Alpha Widget Order,29,Procurement,27-02-2022,18-09-2022,6000,Accepted by Vendor,54,Delivered
777,INV2345,Armstrong-Schultz,Alpha Widget Order,5,Cyber Security,23-01-2022,30-06-2022,2700,Accepted by Vendor,64,Delivered
778,INV0981,"Willms, Baumbach and Nikolaus",Epsilon Whatchamacallit Order,47,Cyber Security,04-02-2022,10-12-2025,1100,Accepted by Vendor,19,Delivered
779,INV4321,Rowe-Beatty,Delta Doohickey Order,39,Procurement,11-03-2022,20-12-2024,1450,Accepted by Vendor,15,Delivered
780,INV9012,Huels LLC,Alpha Widget Order,81,Procurement,03-02-2022,07-07-2022,9400,Accepted by Vendor,91,Delivered
781,INV8765,Brakus-Johnson,Delta Doohickey Order,50,Finance,16-03-2022,30-06-2022,3500,Accepted by Vendor,71,Delivered
782,INV0981,"Torp, Abshire and Wisoky",Alpha Widget Order,5,Procurement,13-03-2022,12-05-2022,8200,Accepted by Vendor,33,Delivered
783,INV6543,Littel Inc,Epsilon Whatchamacallit Order,35,HR,05-02-2022,18-04-2023,9200,Accepted by Vendor,46,Delivered
784,INV2190,Boehm-West,Gamma Thingamajig Order,79,Finance,09-03-2022,25-12-2026,1100,Accepted by Vendor,87,Delivered
785,INV5432,"Hyatt, Ritchie and Williamson",Epsilon Whatchamacallit Order,53,Finance,26-02-2022,23-11-2022,8600,Accepted by Vendor,22,Delivered
786,INV6543,Zboncak-Howell,Epsilon Whatchamacallit Order,74,HR,07-03-2022,15-01-2023,8100,Accepted by Vendor,80,Delivered
787,INV8765,"Goldner, Olson and Gutkowski",Delta Doohickey Order,98,Finance,01-02-2022,18-02-2026,1100,Accepted by Vendor,83,Delivered
788,INV6547,"Carroll, Ward and Vandervort",Epsilon Whatchamacallit Order,50,Cyber Security,12-02-2022,22-03-2024,3500,Accepted by Vendor,20,Delivered
789,INV4321,Pfannerstill and Sons,Delta Doohickey Order,24,Software Develpoment,22-02-2022,29-11-2025,6400,Accepted by Vendor,95,Delivered
790,INV2190,Cormier LLC,Alpha Widget Order,65,Procurement,21-01-2022,05-06-2024,6500,Accepted by Vendor,79,Delivered
791,INV0987,Koss Group,Delta Doohickey Order,80,Finance,08-02-2022,18-09-2022,4700,Accepted by Vendor,67,Delivered
792,INV6547,"Windler, Boyer and Weber",Beta Gizmo Order,86,Finance,20-01-2022,30-06-2022,7000,Accepted by Vendor,78,Delivered
793,INV8761,Berge and Sons,Epsilon Whatchamacallit Order,32,HR,03-02-2022,05-06-2023,1150,Accepted by Vendor,30,Delivered
794,INV4326,"Gutkowski, Thiel and Kunze",Delta Doohickey Order,84,Network,15-03-2022,15-10-2022,9800,Accepted by Vendor,11,Delivered
795,INV8765,Weber-Herman,Delta Doohickey Order,51,Finance,31-01-2022,15-08-2024,4800,Accepted by Vendor,87,Delivered
796,INV2190,Hudson-Thompson,Epsilon Whatchamacallit Order,62,Management,07-01-2022,22-03-2024,8500,Accepted by Vendor,50,Delivered
797,INV4326,Spinka-Bergnaum,Epsilon Whatchamacallit Order,60,Cyber Security,08-01-2022,15-01-2023,7400,Accepted by Vendor,77,Delivered
798,INV0981,Quitzon Group,Epsilon Whatchamacallit Order,8,Procurement,02-01-2022,15-03-2025,4200,Accepted by Vendor,7,Delivered
799,INV0987,Jacobi Group,Epsilon Whatchamacallit Order,38,Management,06-03-2022,20-04-2022,5200,Accepted by Vendor,9,Delivered
800,INV2109,Gleichner LLC,Alpha Widget Order,65,HR,20-01-2022,10-07-2024,1750,Accepted by Vendor,79,Delivered
801,INV8761,"Zemlak, Littel and Kovacek",Delta Doohickey Order,27,HR,16-02-2022,22-04-2025,2700,Accepted by Vendor,21,Delivered
802,INV2109,Langworth-Schaden,Gamma Thingamajig Order,41,Management,21-01-2022,15-03-2022,6900,Accepted by Vendor,34,Delivered
803,INV4321,Satterfield Inc,Gamma Thingamajig Order,50,Management,24-01-2022,05-06-2023,4200,Accepted by Vendor,51,Delivered
804,INV4326,Schultz-Hermiston,Beta Gizmo Order,13,Cyber Security,18-02-2022,30-08-2023,1050,Accepted by Vendor,49,Delivered
805,INV0981,Funk LLC,Delta Doohickey Order,10,Procurement,05-03-2022,12-05-2022,2500,Accepted by Vendor,83,Delivered
806,INV0981,Rice and Sons,Epsilon Whatchamacallit Order,39,Management,25-02-2022,30-08-2023,4600,Accepted by Vendor,37,Delivered
807,INV0987,Ferry-Cole,Delta Doohickey Order,92,Cyber Security,24-02-2022,05-09-2024,1325,Accepted by Vendor,92,Delivered
808,INV0123,Moore-Brown,Gamma Thingamajig Order,94,Software Develpoment,26-02-2022,10-07-2024,5300,Accepted by Vendor,75,Delivered
809,INV8761,"Schultz, Bode and Cremin",Gamma Thingamajig Order,91,Software Develpoment,08-01-2022,30-06-2026,8500,Accepted by Vendor,92,Delivered
810,INV9012,Altenwerth LLC,Alpha Widget Order,56,Software Develpoment,06-03-2022,20-12-2024,1100,Accepted by Vendor,44,Delivered
811,INV9876,Bayer-Rodriguez,Delta Doohickey Order,3,Software Develpoment,08-02-2022,05-10-2023,7300,Accepted by Vendor,78,Delivered
812,INV8765,"Koch, O'Connell and Greenfelder",Gamma Thingamajig Order,47,Cyber Security,02-02-2022,20-12-2023,7200,Accepted by Vendor,65,Delivered
813,INV0981,Conroy-Quitzon,Alpha Widget Order,43,Network,05-02-2022,20-12-2026,7100,Accepted by Vendor,34,Delivered
814,INV8761,Hickle-Skiles,Gamma Thingamajig Order,39,Procurement,18-01-2022,30-06-2022,2200,Accepted by Vendor,93,Delivered
815,INV4321,Nienow-Ruecker,Epsilon Whatchamacallit Order,33,HR,08-01-2022,05-06-2023,5300,Accepted by Vendor,72,Delivered
816,INV0987,"Grady, Hilll and Champlin",Beta Gizmo Order,78,Finance,05-01-2022,10-07-2024,1800,Accepted by Vendor,51,Delivered
817,INV2345,Borer-Murray,Beta Gizmo Order,95,Software Develpoment,05-01-2022,25-02-2023,9400,Accepted by Vendor,92,Delivered
818,INV0987,Conroy-Schimmel,Delta Doohickey Order,14,Procurement,20-01-2022,15-12-2026,1325,Accepted by Vendor,55,Delivered
819,INV2190,"Dickens, Walsh and Medhurst",Beta Gizmo Order,18,Network,04-02-2022,20-01-2025,10000,Accepted by Vendor,75,Delivered
820,INV4326,Feeney and Sons,Delta Doohickey Order,92,HR,08-03-2022,18-09-2022,7900,Accepted by Vendor,55,Delivered
821,INV6543,Reilly Group,Alpha Widget Order,25,Procurement,20-02-2022,20-12-2023,9100,Accepted by Vendor,64,Delivered
822,INV2109,Jacobi-Schaefer,Beta Gizmo Order,9,Finance,19-03-2022,20-11-2026,6500,Accepted by Vendor,20,Delivered
823,INV6543,Williamson-Runte,Beta Gizmo Order,53,Cyber Security,16-01-2022,10-07-2024,8900,Accepted by Vendor,27,Delivered
824,INV4326,Miller-Douglas,Beta Gizmo Order,20,Procurement,17-03-2022,20-12-2026,5000,Accepted by Vendor,16,Delivered
825,INV2190,"Yundt, Graham and Ratke",Beta Gizmo Order,55,Procurement,09-02-2022,25-03-2026,1400,Accepted by Vendor,55,Delivered
826,INV0981,"Kulas, Weber and Lynch",Alpha Widget Order,72,Network,11-02-2022,30-04-2026,7700,Accepted by Vendor,57,Delivered
827,INV0981,Macejkovic-Hammes,Alpha Widget Order,31,Procurement,22-03-2022,30-08-2023,4400,Accepted by Vendor,21,Delivered
828,INV5678,Walker-Rolfson,Delta Doohickey Order,71,Network,05-01-2022,30-08-2023,8900,Accepted by Vendor,75,Delivered
829,INV1234,Keebler-Huels,Gamma Thingamajig Order,57,Procurement,19-03-2022,15-08-2024,1600,Accepted by Vendor,76,Delivered
830,INV0981,Ryan LLC,Alpha Widget Order,67,HR,18-01-2022,30-12-2026,4300,Accepted by Vendor,38,Delivered
831,INV8761,Hand and Sons,Epsilon Whatchamacallit Order,65,Finance,28-02-2022,10-07-2024,1325,Accepted by Vendor,44,Delivered
832,INV0981,"Welch, Vandervort and Simonis",Epsilon Whatchamacallit Order,20,Cyber Security,17-03-2022,20-12-2023,4500,Accepted by Vendor,73,Delivered
833,INV6543,Considine-Lubowitz,Gamma Thingamajig Order,40,Management,22-02-2022,15-06-2025,1400,Accepted by Vendor,95,Delivered
834,INV8761,West LLC,Beta Gizmo Order,52,Cyber Security,10-01-2022,15-11-2024,1750,Accepted by Vendor,88,Delivered
835,INV6543,Rath-Gleichner,Delta Doohickey Order,87,Finance,19-03-2022,05-06-2023,5100,Accepted by Vendor,16,Delivered
836,INV0981,Daniel and Sons,Alpha Widget Order,49,Procurement,24-03-2022,30-08-2023,8600,Accepted by Vendor,21,Delivered
837,INV8761,Champlin Group,Epsilon Whatchamacallit Order,41,Network,29-03-2022,28-07-2023,1300,Accepted by Vendor,25,Delivered
838,INV6789,"King, Brown and Frami",Beta Gizmo Order,31,Cyber Security,24-03-2022,03-12-2026,8900,Accepted by Vendor,33,Delivered
839,INV2109,"Stiedemann, Reichel and Stark",Delta Doohickey Order,22,Cyber Security,20-01-2022,12-05-2022,7200,Accepted by Vendor,10,Delivered
840,INV2109,"Klocko, Mitchell and Metz",Epsilon Whatchamacallit Order,68,Network,21-03-2022,30-12-2025,2100,Accepted by Vendor,47,Delivered
841,INV6543,"Schuster, Conroy and Bartell",Epsilon Whatchamacallit Order,18,Finance,29-03-2022,25-02-2023,6600,Accepted by Vendor,92,Delivered
842,INV6543,"Jast, O'Kon and Kuhic",Beta Gizmo Order,84,Finance,13-02-2022,05-09-2025,5800,Accepted by Vendor,57,Delivered
843,INV0981,Oberbrunner-Block,Delta Doohickey Order,77,Software Develpoment,29-03-2022,15-03-2022,2100,Accepted by Vendor,28,Delivered
844,INV2190,Jacobi Inc,Beta Gizmo Order,67,HR,03-03-2022,18-02-2024,7700,Accepted by Vendor,64,Delivered
845,INV8901,Jast Group,Beta Gizmo Order,72,Software Develpoment,13-02-2022,18-04-2023,1225,Accepted by Vendor,50,Delivered
846,INV0987,Schamberger-Sauer,Delta Doohickey Order,13,Management,15-03-2022,23-11-2022,9100,Accepted by Vendor,36,Delivered
847,INV2345,"Leffler, Cartwright and Kuhlman",Alpha Widget Order,17,HR,12-03-2022,10-02-2022,2000,Accepted by Vendor,37,Delivered
848,INV2190,Smith-Krajcik,Epsilon Whatchamacallit Order,99,HR,23-02-2022,07-07-2022,8600,Accepted by Vendor,65,Delivered
849,INV2109,Graham and Sons,Alpha Widget Order,92,Cyber Security,28-03-2022,05-06-2023,9100,Accepted by Vendor,64,Delivered
850,INV3456,"Bogan, Schneider and Hilll",Epsilon Whatchamacallit Order,74,HR,16-03-2022,20-12-2023,8900,Accepted by Vendor,11,Delivered
851,INV2109,"Howe, McDermott and Corwin",Epsilon Whatchamacallit Order,57,Procurement,15-03-2022,10-10-2024,1225,Accepted by Vendor,77,Delivered
852,INV4321,Price-Lebsack,Epsilon Whatchamacallit Order,78,HR,05-03-2022,29-11-2025,7300,Accepted by Vendor,76,Delivered
853,INV8761,Zemlak-Lesch,Epsilon Whatchamacallit Order,76,Network,11-02-2022,18-02-2024,9700,Accepted by Vendor,9,Delivered
854,INV7890,Huel LLC,Alpha Widget Order,49,Finance,19-01-2022,10-10-2024,7400,Accepted by Vendor,41,Delivered
855,INV0981,Hilpert-Gleason,Alpha Widget Order,75,HR,17-02-2022,29-11-2025,7800,Accepted by Vendor,46,Delivered
856,INV6547,"Kohler, Fadel and Quitzon",Alpha Widget Order,48,Management,19-02-2022,10-07-2024,1225,Accepted by Vendor,32,Delivered
857,INV2109,Bahringer-Daniel,Gamma Thingamajig Order,39,HR,17-03-2022,25-10-2025,1650,Accepted by Vendor,25,Delivered
858,INV0981,Schneider-Stoltenberg,Delta Doohickey Order,4,Cyber Security,25-03-2022,20-04-2022,1500,Accepted by Vendor,99,Delivered
859,INV8761,Daniel-Schowalter,Epsilon Whatchamacallit Order,100,Procurement,08-02-2022,03-12-2026,6500,Accepted by Vendor,21,Delivered
860,INV0981,Greenholt and Sons,Gamma Thingamajig Order,12,HR,20-02-2022,15-08-2024,3900,Accepted by Vendor,77,Delivered
861,INV6547,"Hirthe, Swaniawski and Fadel",Gamma Thingamajig Order,68,Software Develpoment,13-01-2022,20-05-2023,5800,Accepted by Vendor,23,Delivered
862,INV9012,Okuneva-Osinski,Beta Gizmo Order,14,Network,02-02-2022,20-11-2026,4200,Accepted by Vendor,57,Delivered
863,INV7890,"Hodkiewicz, Jakubowski and Howell",Alpha Widget Order,74,Finance,08-03-2022,15-12-2026,2400,Accepted by Vendor,13,Delivered
864,INV8761,"Weimann, Powlowski and MacGyver",Beta Gizmo Order,33,Network,28-02-2022,29-11-2025,8700,Accepted by Vendor,75,Delivered
865,INV2190,Frami LLC,Gamma Thingamajig Order,44,Network,09-01-2022,10-11-2023,5200,Accepted by Vendor,81,Delivered
866,INV5432,Volkman-Reilly,Epsilon Whatchamacallit Order,4,Procurement,30-03-2022,15-12-2026,4000,Accepted by Vendor,76,Delivered
867,INV0987,"Heaney, Mante and Terry",Delta Doohickey Order,93,Finance,03-02-2022,10-12-2025,8500,Accepted by Vendor,55,Delivered
868,INV6547,"Conroy, Lakin and Barton",Epsilon Whatchamacallit Order,31,Network,28-03-2022,22-03-2024,9200,Accepted by Vendor,15,Delivered
869,INV4321,Prosacco-Streich,Alpha Widget Order,61,Cyber Security,02-03-2022,18-04-2023,1500,Accepted by Vendor,5,Delivered
870,INV9876,Dibbert-Cormier,Gamma Thingamajig Order,92,HR,02-02-2022,20-12-2024,10000,Accepted by Vendor,85,Delivered
871,INV8765,Schroeder Group,Beta Gizmo Order,87,HR,07-02-2022,01-11-2025,8300,Accepted by Vendor,13,Delivered
872,INV2190,Balistreri-Zboncak,Epsilon Whatchamacallit Order,76,Software Develpoment,26-02-2022,15-04-2024,8800,Accepted by Vendor,60,Delivered
873,INV7890,"Kris, Murphy and Romaguera",Beta Gizmo Order,75,Management,17-02-2022,28-07-2023,1650,Accepted by Vendor,81,Delivered
874,INV2109,Ratke Group,Gamma Thingamajig Order,70,Management,18-01-2022,05-09-2025,7000,Accepted by Vendor,37,Delivered
875,INV8765,Medhurst-Gislason,Delta Doohickey Order,23,Procurement,16-01-2022,05-08-2022,7100,Accepted by Vendor,64,Delivered
876,INV2109,"Runte, Romaguera and Halvorson",Beta Gizmo Order,6,Cyber Security,10-03-2022,10-10-2024,2000,Accepted by Vendor,15,Delivered
877,INV4326,"Hirthe, Ebert and Mante",Gamma Thingamajig Order,45,Software Develpoment,19-02-2022,15-04-2024,5100,Accepted by Vendor,61,Delivered
878,INV0987,Buckridge Inc,Epsilon Whatchamacallit Order,50,Cyber Security,24-02-2022,23-11-2022,5400,Accepted by Vendor,34,Delivered
879,INV0123,Heidenreich and Sons,Delta Doohickey Order,58,HR,15-01-2022,12-05-2022,1400,Accepted by Vendor,7,Delivered
880,INV8765,Fisher-Schaden,Delta Doohickey Order,67,Network,22-01-2022,30-04-2026,2400,Accepted by Vendor,25,Delivered
881,INV6543,Reichert LLC,Alpha Widget Order,50,Network,02-02-2022,05-06-2024,9200,Accepted by Vendor,77,Delivered
882,INV0987,"Kuhlman, Feil and Beier",Delta Doohickey Order,92,HR,05-03-2022,18-02-2024,3100,Accepted by Vendor,19,Delivered
883,INV8761,Bahringer Inc,Gamma Thingamajig Order,72,Network,23-01-2022,15-06-2025,9600,Accepted by Vendor,53,Delivered
884,INV8765,Reynolds-Padberg,Delta Doohickey Order,43,Procurement,12-02-2022,10-01-2024,3700,Accepted by Vendor,42,Delivered
885,INV2109,Kreiger Group,Delta Doohickey Order,49,Management,06-01-2022,28-07-2023,9400,Accepted by Vendor,67,Delivered
886,INV6547,Torp-Toy,Epsilon Whatchamacallit Order,80,Finance,04-03-2022,30-06-2022,1700,Accepted by Vendor,88,Delivered
887,INV0987,Feil-Bruen,Delta Doohickey Order,79,Management,05-03-2022,30-06-2026,5500,Accepted by Vendor,26,Delivered
888,INV8765,Nikolaus-Walsh,Alpha Widget Order,35,Finance,18-02-2022,25-02-2023,5300,Accepted by Vendor,33,Delivered
889,INV0981,Cruickshank-Reichel,Delta Doohickey Order,81,Network,01-03-2022,12-05-2022,1500,Accepted by Vendor,68,Delivered
890,INV0987,"Lakin, Lockman and Leuschke",Gamma Thingamajig Order,63,Management,07-01-2022,14-09-2023,1100,Accepted by Vendor,3,Delivered
891,INV4326,Erdman LLC,Epsilon Whatchamacallit Order,59,Procurement,08-02-2022,15-06-2025,9700,Accepted by Vendor,30,Delivered
892,INV6543,"Hansen, Carroll and Lockman",Alpha Widget Order,84,Procurement,23-03-2022,30-12-2022,3500,Accepted by Vendor,82,Delivered
893,INV5432,Will Inc,Gamma Thingamajig Order,35,Cyber Security,06-01-2022,14-09-2023,3400,Accepted by Vendor,30,Delivered
894,INV5432,Swaniawski Group,Beta Gizmo Order,55,Network,04-01-2022,10-12-2025,4600,Accepted by Vendor,21,Delivered
895,INV4567,Ledner Inc,Gamma Thingamajig Order,39,Finance,28-03-2022,18-02-2026,3000,Accepted by Vendor,45,Delivered
896,INV5432,Goyette and Sons,Gamma Thingamajig Order,93,Procurement,19-03-2022,05-01-2022,5500,Accepted by Vendor,66,Delivered
897,INV6547,"Stamm, Legros and Douglas",Epsilon Whatchamacallit Order,64,HR,23-02-2022,10-10-2024,8800,Accepted by Vendor,55,Delivered
898,INV4326,Nicolas-Stroman,Beta Gizmo Order,44,Procurement,15-02-2022,05-01-2022,1900,Accepted by Vendor,35,Delivered
899,INV8761,"Jacobi, Corwin and Bins",Gamma Thingamajig Order,21,Cyber Security,06-02-2022,01-11-2025,3800,Accepted by Vendor,33,Delivered
900,INV0987,Ratke-Kiehn,Gamma Thingamajig Order,58,Management,22-01-2022,15-08-2024,9900,Accepted by Vendor,28,Delivered
901,INV8761,Keebler-Littel,Gamma Thingamajig Order,35,Network,18-03-2022,25-02-2023,9800,Accepted by Vendor,16,Delivered
902,INV3456,"Spencer, Mraz and Stanton",Alpha Widget Order,95,Management,12-03-2022,20-11-2026,1325,Accepted by Vendor,34,Delivered
903,INV0987,"Casper, Bode and West",Beta Gizmo Order,16,Finance,06-01-2022,20-04-2022,6700,Accepted by Vendor,18,Delivered
904,INV6789,Hansen-Wilkinson,Alpha Widget Order,94,Finance,05-02-2022,05-09-2025,2500,Accepted by Vendor,92,Delivered
905,INV7890,Dibbert LLC,Delta Doohickey Order,21,Finance,15-03-2022,30-04-2026,9500,Accepted by Vendor,98,Delivered
906,INV6543,Tromp-O'Keefe,Gamma Thingamajig Order,9,HR,05-03-2022,20-04-2022,6700,Accepted by Vendor,75,Delivered
907,INV6547,"Hessel, Baumbach and Leannon",Beta Gizmo Order,97,Software Develpoment,07-01-2022,20-01-2025,4400,Accepted by Vendor,40,Delivered
908,INV4326,Ward and Sons,Beta Gizmo Order,84,Network,23-02-2022,30-06-2022,3100,Accepted by Vendor,84,Delivered
909,INV0981,"O'Kon, Harber and Kautzer",Epsilon Whatchamacallit Order,4,HR,08-02-2022,15-11-2024,1650,Accepted by Vendor,16,Delivered
910,INV4567,Lebsack-Dietrich,Alpha Widget Order,92,Network,11-01-2022,30-12-2022,1150,Accepted by Vendor,14,Delivered
911,INV8765,"Yundt, Marvin and Auer",Epsilon Whatchamacallit Order,71,Network,23-01-2022,15-03-2022,8500,Accepted by Vendor,32,Delivered
912,INV4567,Lindgren Inc,Delta Doohickey Order,65,Software Develpoment,16-03-2022,15-06-2025,6500,Accepted by Vendor,26,Delivered
913,INV8765,Abshire-Bednar,Alpha Widget Order,37,Management,25-02-2022,30-01-2026,5400,Accepted by Vendor,65,Delivered
914,INV0987,"Bartoletti, Krajcik and Bartell",Beta Gizmo Order,20,Finance,01-03-2022,25-10-2025,6800,Accepted by Vendor,50,Delivered
915,INV9012,Lockman Group,Delta Doohickey Order,81,HR,06-01-2022,15-10-2022,8500,Accepted by Vendor,98,Delivered
916,INV2109,Bosco-Boyer,Beta Gizmo Order,72,Finance,15-02-2022,15-12-2026,6900,Accepted by Vendor,45,Delivered
917,INV4326,Ritchie Inc,Epsilon Whatchamacallit Order,47,Management,05-02-2022,05-01-2022,5600,Accepted by Vendor,43,Delivered
918,INV8765,Wyman Inc,Delta Doohickey Order,17,Finance,13-03-2022,15-04-2024,6500,Accepted by Vendor,18,Delivered
919,INV6543,Smith and Sons,Beta Gizmo Order,82,Management,10-02-2022,15-03-2025,4900,Accepted by Vendor,60,Delivered
920,INV0987,"Rogahn, Christiansen and Kautzer",Gamma Thingamajig Order,76,Procurement,10-02-2022,25-05-2024,4900,Accepted by Vendor,41,Delivered
921,INV7890,"Ledner, Conroy and Cassin",Alpha Widget Order,80,Management,10-02-2022,30-12-2026,8900,Accepted by Vendor,94,Delivered
922,INV6543,Predovic-Spinka,Beta Gizmo Order,91,Management,12-01-2022,23-11-2022,4400,Accepted by Vendor,13,Delivered
923,INV0987,Bergnaum-Aufderhar,Epsilon Whatchamacallit Order,10,Procurement,21-01-2022,20-12-2024,6100,Accepted by Vendor,87,Delivered
924,INV6543,Kuhn-Jacobson,Delta Doohickey Order,70,HR,29-01-2022,30-12-2025,3900,Accepted by Vendor,78,Delivered
925,INV4326,Nader LLC,Alpha Widget Order,24,Network,06-03-2022,18-09-2022,5800,Accepted by Vendor,69,Delivered
926,INV4326,"Sporer, Reinger and Buckridge",Delta Doohickey Order,28,Procurement,10-01-2022,15-11-2024,5800,Accepted by Vendor,63,Delivered
927,INV6789,Kessler LLC,Alpha Widget Order,16,Network,03-01-2022,15-04-2024,8000,Accepted by Vendor,10,Delivered
928,INV9012,Harvey-D'Amore,Epsilon Whatchamacallit Order,50,Cyber Security,02-02-2022,25-12-2026,9900,Accepted by Vendor,50,Delivered
929,INV8761,Abbott Group,Alpha Widget Order,99,Cyber Security,21-02-2022,15-12-2026,9200,Accepted by Vendor,21,Delivered
930,INV8765,Keeling and Sons,Beta Gizmo Order,63,Management,01-03-2022,25-05-2025,7900,Accepted by Vendor,96,Delivered
931,INV4326,"Howe, Goldner and Lynch",Gamma Thingamajig Order,30,Software Develpoment,22-02-2022,18-02-2026,6700,Accepted by Vendor,38,Delivered
932,INV4321,Gleason LLC,Epsilon Whatchamacallit Order,87,Finance,11-01-2022,15-01-2023,3800,Accepted by Vendor,57,Delivered
933,INV0981,"Bauch, Bednar and Kilback",Beta Gizmo Order,98,Software Develpoment,18-03-2022,30-06-2026,2100,Accepted by Vendor,20,Delivered
934,INV4326,Rath LLC,Delta Doohickey Order,13,Software Develpoment,22-02-2022,30-06-2026,3500,Accepted by Vendor,43,Delivered
935,INV4321,Schultz LLC,Beta Gizmo Order,3,Management,23-02-2022,07-07-2022,4300,Accepted by Vendor,20,Delivered
936,INV4321,Graham Group,Alpha Widget Order,27,Network,06-03-2022,10-01-2024,7700,Accepted by Vendor,86,Delivered
937,INV0981,Fritsch LLC,Gamma Thingamajig Order,28,HR,26-03-2022,23-11-2022,6700,Accepted by Vendor,42,Delivered
938,INV4326,Hartmann-Wiegand,Gamma Thingamajig Order,32,Management,20-01-2022,10-10-2024,1800,Accepted by Vendor,93,Delivered
939,INV8765,Howell-Feest,Beta Gizmo Order,67,Management,06-01-2022,10-12-2025,3500,Accepted by Vendor,86,Delivered
940,INV4326,Medhurst-Schoen,Alpha Widget Order,15,Procurement,01-03-2022,15-03-2022,1700,Accepted by Vendor,44,Delivered
941,INV0987,"Walsh, Bednar and Wiza",Alpha Widget Order,68,Software Develpoment,17-02-2022,25-02-2023,2400,Accepted by Vendor,81,Delivered
942,INV6789,Boyer Group,Epsilon Whatchamacallit Order,64,Finance,27-01-2022,28-02-2025,1200,Accepted by Vendor,77,Delivered
943,INV8765,"Kiehn, Kutch and Spencer",Gamma Thingamajig Order,35,Software Develpoment,24-01-2022,23-11-2022,7100,Accepted by Vendor,60,Delivered
944,INV6543,"Becker, Hauck and Tillman",Gamma Thingamajig Order,39,Management,20-03-2022,07-07-2022,7700,Accepted by Vendor,46,Delivered
945,INV2109,Welch Inc,Epsilon Whatchamacallit Order,18,Procurement,02-01-2022,25-02-2023,1125,Accepted by Vendor,75,Delivered
946,INV4567,Blanda-Hilpert,Epsilon Whatchamacallit Order,96,Network,12-01-2022,30-04-2026,5000,Accepted by Vendor,71,Delivered
947,INV0981,O'Kon LLC,Alpha Widget Order,75,Software Develpoment,21-01-2022,05-10-2023,9100,Accepted by Vendor,88,Delivered
948,INV4321,Lesch and Sons,Epsilon Whatchamacallit Order,43,Cyber Security,27-01-2022,10-05-2026,8500,Accepted by Vendor,37,Delivered
949,INV2109,Rodriguez-Harber,Epsilon Whatchamacallit Order,54,HR,09-02-2022,28-07-2023,8300,Accepted by Vendor,90,Delivered
950,INV6543,"Kerluke, Gulgowski and Ferry",Delta Doohickey Order,77,Procurement,09-03-2022,25-03-2026,7400,Accepted by Vendor,98,Delivered
951,INV0981,"Mitchell, Shanahan and Roberts",Gamma Thingamajig Order,74,Management,15-02-2022,05-09-2024,8900,Accepted by Vendor,31,Delivered
952,INV8765,Koss and Sons,Beta Gizmo Order,13,Network,27-01-2022,05-06-2023,2500,Accepted by Vendor,87,Delivered
953,INV0981,"O'Connell, Pfannerstill and Wehner",Alpha Widget Order,68,Network,22-01-2022,30-12-2022,2100,Accepted by Vendor,89,Delivered
954,INV0123,"Dare, Heathcote and Buckridge",Alpha Widget Order,25,Cyber Security,14-01-2022,28-02-2025,8300,Accepted by Vendor,83,Delivered
955,INV0123,"Funk, Paucek and Larson",Delta Doohickey Order,54,Management,17-02-2022,05-08-2022,10000,Accepted by Vendor,95,Delivered
956,INV8761,"Murazik, Sanford and Becker",Beta Gizmo Order,65,Network,11-01-2022,22-03-2024,4000,Accepted by Vendor,95,Delivered
957,INV0981,"Huels, Steuber and Klein",Epsilon Whatchamacallit Order,39,Finance,29-03-2022,10-11-2023,3100,Accepted by Vendor,56,Delivered
958,INV2190,"Boyer, Fadel and Wyman",Delta Doohickey Order,99,Software Develpoment,05-02-2022,30-04-2026,2200,Accepted by Vendor,26,Delivered
959,INV4326,Goldner and Sons,Gamma Thingamajig Order,31,Finance,22-03-2022,30-01-2026,3400,Accepted by Vendor,62,Delivered
960,INV6547,Boyle-Bosco,Delta Doohickey Order,72,Procurement,26-03-2022,30-04-2026,6700,Accepted by Vendor,88,Delivered
961,INV8765,Quitzon and Sons,Delta Doohickey Order,35,Cyber Security,06-01-2022,10-11-2023,7100,Accepted by Vendor,40,Delivered
962,INV4326,Swift-Hettinger,Epsilon Whatchamacallit Order,73,Procurement,05-02-2022,01-11-2025,1800,Accepted by Vendor,82,Delivered
963,INV0981,Robel and Sons,Epsilon Whatchamacallit Order,53,Cyber Security,13-02-2022,15-04-2024,8300,Accepted by Vendor,59,Delivered
964,INV3456,Bosco Inc,Alpha Widget Order,17,Network,04-01-2022,01-11-2025,8700,Accepted by Vendor,20,Delivered
965,INV0981,"Christiansen, Nader and Wiza",Delta Doohickey Order,60,Cyber Security,23-03-2022,30-01-2026,7300,Accepted by Vendor,50,Delivered
966,INV2190,"Bernier, Parker and Rutherford",Alpha Widget Order,23,Finance,26-02-2022,10-05-2026,2700,Accepted by Vendor,89,Delivered
967,INV0981,"Nienow, Kautzer and Grant",Delta Doohickey Order,52,HR,25-03-2022,05-09-2025,2300,Accepted by Vendor,51,Delivered
968,INV4321,Wisoky-Brekke,Alpha Widget Order,97,Procurement,16-01-2022,15-04-2024,3600,Accepted by Vendor,23,Delivered
969,INV8761,Braun Group,Epsilon Whatchamacallit Order,4,Software Develpoment,25-02-2022,30-06-2026,2200,Accepted by Vendor,77,Delivered
970,INV6543,Harvey-Walker,Alpha Widget Order,48,Network,09-01-2022,10-05-2026,1300,Accepted by Vendor,51,Delivered
971,INV2190,"Kris, Koch and Barrows",Alpha Widget Order,66,Cyber Security,28-03-2022,20-04-2022,4400,Accepted by Vendor,91,Delivered
972,INV2190,"Emmerich, Streich and Beatty",Alpha Widget Order,91,Procurement,21-01-2022,20-04-2022,4600,Accepted by Vendor,87,Delivered
973,INV2190,Konopelski-McCullough,Alpha Widget Order,76,Management,09-03-2022,15-04-2024,6300,Accepted by Vendor,14,Delivered
974,INV6547,"Pfannerstill, Harber and Wehner",Alpha Widget Order,9,Procurement,08-01-2022,12-05-2022,1325,Accepted by Vendor,53,Delivered
975,INV4321,"Von, Dietrich and Jacobi",Beta Gizmo Order,76,Finance,02-02-2022,05-09-2025,9200,Accepted by Vendor,52,Delivered
976,INV0981,"Nolan, Lynch and Stark",Delta Doohickey Order,45,Management,23-03-2022,30-12-2022,3800,Accepted by Vendor,86,Delivered
977,INV6547,Pfeffer-Gislason,Alpha Widget Order,60,HR,08-01-2022,15-06-2025,2200,Accepted by Vendor,44,Delivered
978,INV0987,"Balistreri, Pfeffer and Kuphal",Epsilon Whatchamacallit Order,37,Network,31-01-2022,15-12-2026,7600,Accepted by Vendor,67,Delivered
979,INV9012,Torp Inc,Epsilon Whatchamacallit Order,89,Software Develpoment,14-01-2022,15-10-2022,4700,Accepted by Vendor,61,Delivered
980,INV6543,Legros LLC,Beta Gizmo Order,97,Software Develpoment,18-02-2022,12-05-2022,5400,Accepted by Vendor,60,Delivered
981,INV8761,"Kunde, Cummerata and Reilly",Epsilon Whatchamacallit Order,96,Procurement,11-01-2022,05-08-2022,9000,Accepted by Vendor,25,Delivered
982,INV5432,"Witting, Lakin and Roob",Gamma Thingamajig Order,7,Management,05-03-2022,05-10-2023,1450,Accepted by Vendor,64,Delivered
983,INV0981,Ruecker Inc,Gamma Thingamajig Order,9,Cyber Security,05-03-2022,28-07-2023,9100,Accepted by Vendor,73,Delivered
984,INV4326,"Pollich, Jast and Jenkins",Beta Gizmo Order,3,Management,27-01-2022,20-12-2023,1050,Accepted by Vendor,33,Delivered
985,INV8765,Homenick-Steuber,Epsilon Whatchamacallit Order,88,Network,28-02-2022,25-05-2025,7900,Accepted by Vendor,66,Delivered
986,INV8761,"Considine, Jones and Herzog",Delta Doohickey Order,74,Network,27-02-2022,05-06-2024,4600,Accepted by Vendor,30,Delivered
987,INV0987,Schamberger Inc,Gamma Thingamajig Order,99,Network,07-01-2022,10-03-2023,4000,Accepted by Vendor,31,Delivered
988,INV0981,"Grant, Schumm and Stanton",Epsilon Whatchamacallit Order,5,Finance,02-02-2022,22-03-2024,1450,Accepted by Vendor,16,Delivered
989,INV8765,"Moore, Veum and Altenwerth",Gamma Thingamajig Order,28,Cyber Security,09-02-2022,23-11-2022,9900,Accepted by Vendor,11,Delivered
990,INV6547,Mante-Torp,Delta Doohickey Order,56,Finance,12-03-2022,05-06-2024,4300,Accepted by Vendor,74,Delivered
991,INV6543,"Wisoky, Becker and Lindgren",Epsilon Whatchamacallit Order,83,Finance,06-02-2022,20-04-2022,2600,Accepted by Vendor,62,Delivered
992,INV2109,Steuber Group,Delta Doohickey Order,35,Software Develpoment,12-02-2022,25-12-2026,4400,Accepted by Vendor,37,Delivered
993,INV8765,Murphy-Wuckert,Delta Doohickey Order,97,Procurement,07-01-2022,05-09-2024,7200,Accepted by Vendor,48,Delivered
994,INV0981,Lesch and Sons,Alpha Widget Order,53,Procurement,08-01-2022,15-06-2025,9600,Accepted by Vendor,41,Delivered
995,INV6543,Quigley Group,Beta Gizmo Order,29,Management,06-02-2022,05-08-2022,4100,Accepted by Vendor,68,Delivered
996,INV8765,Carter and Sons,Alpha Widget Order,8,Software Develpoment,15-01-2022,12-05-2022,3800,Accepted by Vendor,33,Delivered
997,INV6789,Pfannerstill Group,Delta Doohickey Order,20,Finance,08-02-2022,30-12-2026,4600,Accepted by Vendor,15,Delivered
998,INV6547,Nader-Macejkovic,Epsilon Whatchamacallit Order,95,Software Develpoment,12-01-2022,15-06-2025,1450,Accepted by Vendor,89,Delivered
999,INV8761,Jenkins-O'Kon,Alpha Widget Order,67,Cyber Security,02-01-2022,10-03-2023,4900,Accepted by Vendor,56,Delivered
1000,INV0981,Schaefer-Weber,Epsilon Whatchamacallit Order,53,Finance,23-02-2022,20-12-2023,7200,Accepted by Vendor,51,Delivered
