id,fullname,email,phone,role,hashed_passworrd,status
1,"Paucek, Hudson and Kulas",jarpin0@google.de,6753410538,vendor,$2b$12$HIjpK8vLypU7iUApEuFxoO4LeZLhIyUQ5dJBCXbdsVBBJCBbVcTSG,approved
2,Simonis-Bins,jsizzey1@businessinsider.com,7331432364,vendor,$2b$12$HIjpK8vLypU7iUApEuFxoO4LeZLhIyUQ5dJBCXbdsVBBJCBbVcTSG,approved
3,Dach-Hamill,dleuty2@pagesperso-orange.fr,2076469493,vendor,$2b$12$HIjpK8vLypU7iUApEuFxoO4LeZLhIyUQ5dJBCXbdsVBBJCBbVcTSG,approved
4,"Rodriguez, Cartwright and Gislason",lballingal3@google.ca,4348224234,vendor,$2b$12$HIjpK8vLypU7iUApEuFxoO4LeZLhIyUQ5dJBCXbdsVBBJCBbVcTSG,approved
5,"Hudson, Reichel and Powlowski",cpetrishchev4@xrea.com,8897380831,vendor,$2b$12$HIjpK8vLypU7iUApEuFxoO4LeZLhIyUQ5dJBCXbdsVBBJCBbVcTSG,approved
6,"Stamm, Hammes and Williamson",hkedslie5@upenn.edu,4631438253,vendor,$2b$12$HIjpK8vLypU7iUApEuFxoO4LeZLhIyUQ5dJBCXbdsVBBJCBbVcTSG,approved
7,"Harber, Donnelly and Anderson",hparfrey6@cargocollective.com,5295238635,vendor,$2b$12$HIjpK8vLypU7iUApEuFxoO4LeZLhIyUQ5dJBCXbdsVBBJCBbVcTSG,approved
8,Kuhic-Koelpin,jarrault7@imdb.com,5687298276,vendor,$2b$12$HIjpK8vLypU7iUApEuFxoO4LeZLhIyUQ5dJBCXbdsVBBJCBbVcTSG,approved
9,West and Sons,whelks8@cpanel.net,2383051544,vendor,$2b$12$HIjpK8vLypU7iUApEuFxoO4LeZLhIyUQ5dJBCXbdsVBBJCBbVcTSG,approved
10,Bogan-Jacobson,rtrigg9@odnoklassniki.ru,1275803074,vendor,$2b$12$HIjpK8vLypU7iUApEuFxoO4LeZLhIyUQ5dJBCXbdsVBBJCBbVcTSG,approved
11,Bechtelar-Swaniawski,ddonisia@exblog.jp,3436574766,vendor,$2b$12$HIjpK8vLypU7iUApEuFxoO4LeZLhIyUQ5dJBCXbdsVBBJCBbVcTSG,approved
12,"Trantow, Ledner and Mante",sdibiasib@upenn.edu,2598304598,vendor,$2b$12$HIjpK8vLypU7iUApEuFxoO4LeZLhIyUQ5dJBCXbdsVBBJCBbVcTSG,approved
13,"Sporer, Mayert and Mills",oethridgec@github.com,7928315362,vendor,$2b$12$HIjpK8vLypU7iUApEuFxoO4LeZLhIyUQ5dJBCXbdsVBBJCBbVcTSG,approved
14,Prosacco-Funk,rjeynesd@wikipedia.org,1855401209,vendor,$2b$12$HIjpK8vLypU7iUApEuFxoO4LeZLhIyUQ5dJBCXbdsVBBJCBbVcTSG,approved
15,Stamm LLC,mhuytone@mapy.cz,9868918983,vendor,$2b$12$HIjpK8vLypU7iUApEuFxoO4LeZLhIyUQ5dJBCXbdsVBBJCBbVcTSG,approved
16,Leannon Group,feccleshallf@youku.com,5131478700,vendor,$2b$12$HIjpK8vLypU7iUApEuFxoO4LeZLhIyUQ5dJBCXbdsVBBJCBbVcTSG,approved
17,Mertz and Sons,ajanatag@berkeley.edu,9197714637,vendor,$2b$12$HIjpK8vLypU7iUApEuFxoO4LeZLhIyUQ5dJBCXbdsVBBJCBbVcTSG,approved
18,O'Kon-Witting,dormistoneh@shinystat.com,3711440847,vendor,$2b$12$HIjpK8vLypU7iUApEuFxoO4LeZLhIyUQ5dJBCXbdsVBBJCBbVcTSG,approved
19,"Adams, Howell and Smitham",hohagertyi@amazonaws.com,1193441874,vendor,$2b$12$HIjpK8vLypU7iUApEuFxoO4LeZLhIyUQ5dJBCXbdsVBBJCBbVcTSG,approved
20,Hand Group,dmacevillyj@earthlink.net,6125481958,vendor,$2b$12$HIjpK8vLypU7iUApEuFxoO4LeZLhIyUQ5dJBCXbdsVBBJCBbVcTSG,approved
21,"Bailey, Stiedemann and Treutel",nrosparsk@state.tx.us,5364771819,vendor,$2b$12$HIjpK8vLypU7iUApEuFxoO4LeZLhIyUQ5dJBCXbdsVBBJCBbVcTSG,approved
22,"Monahan, Schmidt and Lubowitz",restcourtl@cisco.com,3817847431,vendor,$2b$12$HIjpK8vLypU7iUApEuFxoO4LeZLhIyUQ5dJBCXbdsVBBJCBbVcTSG,approved
23,"Veum, McGlynn and Anderson",rkellowaym@ebay.com,8985842445,vendor,$2b$12$HIjpK8vLypU7iUApEuFxoO4LeZLhIyUQ5dJBCXbdsVBBJCBbVcTSG,approved
24,Harber Group,sshippardn@census.gov,2583751330,vendor,$2b$12$HIjpK8vLypU7iUApEuFxoO4LeZLhIyUQ5dJBCXbdsVBBJCBbVcTSG,approved
25,Bruen Group,ovanyushino@infoseek.co.jp,6047587103,vendor,$2b$12$HIjpK8vLypU7iUApEuFxoO4LeZLhIyUQ5dJBCXbdsVBBJCBbVcTSG,approved
26,"Abbott, Treutel and Heaney",nokellp@ocn.ne.jp,4138538224,vendor,$2b$12$HIjpK8vLypU7iUApEuFxoO4LeZLhIyUQ5dJBCXbdsVBBJCBbVcTSG,approved
27,Davis Inc,blegrandq@tinypic.com,3008581740,vendor,$2b$12$HIjpK8vLypU7iUApEuFxoO4LeZLhIyUQ5dJBCXbdsVBBJCBbVcTSG,approved
28,Hackett-Williamson,dyerrellr@oaic.gov.au,4423254039,vendor,$2b$12$HIjpK8vLypU7iUApEuFxoO4LeZLhIyUQ5dJBCXbdsVBBJCBbVcTSG,approved
29,"Klocko, Gulgowski and Schinner",jheitzs@pen.io,4476549267,vendor,$2b$12$HIjpK8vLypU7iUApEuFxoO4LeZLhIyUQ5dJBCXbdsVBBJCBbVcTSG,approved
30,Pacocha-Purdy,bmacauleyt@usnews.com,2733553885,vendor,$2b$12$HIjpK8vLypU7iUApEuFxoO4LeZLhIyUQ5dJBCXbdsVBBJCBbVcTSG,approved
31,Brakus and Sons,saimsonu@alibaba.com,7403557313,vendor,$2b$12$HIjpK8vLypU7iUApEuFxoO4LeZLhIyUQ5dJBCXbdsVBBJCBbVcTSG,approved
32,"Kerluke, Auer and Lueilwitz",bgibbev@icio.us,2168415108,vendor,$2b$12$HIjpK8vLypU7iUApEuFxoO4LeZLhIyUQ5dJBCXbdsVBBJCBbVcTSG,approved
33,Sauer and Sons,eilyasw@eepurl.com,5234208917,vendor,$2b$12$HIjpK8vLypU7iUApEuFxoO4LeZLhIyUQ5dJBCXbdsVBBJCBbVcTSG,approved
34,Turcotte Inc,akingsnodex@virginia.edu,6128511279,vendor,$2b$12$HIjpK8vLypU7iUApEuFxoO4LeZLhIyUQ5dJBCXbdsVBBJCBbVcTSG,approved
35,Purdy-Kris,ifrilly@linkedin.com,7881426628,vendor,$2b$12$HIjpK8vLypU7iUApEuFxoO4LeZLhIyUQ5dJBCXbdsVBBJCBbVcTSG,approved
36,Lesch-Larkin,zverduinz@cpanel.net,5992418510,vendor,$2b$12$HIjpK8vLypU7iUApEuFxoO4LeZLhIyUQ5dJBCXbdsVBBJCBbVcTSG,approved
37,Leuschke-Gottlieb,mwytchard10@g.co,3751209639,vendor,$2b$12$HIjpK8vLypU7iUApEuFxoO4LeZLhIyUQ5dJBCXbdsVBBJCBbVcTSG,approved
38,"Gerlach, Friesen and Howell",ftomson11@ed.gov,1412779969,vendor,$2b$12$HIjpK8vLypU7iUApEuFxoO4LeZLhIyUQ5dJBCXbdsVBBJCBbVcTSG,approved
39,"DuBuque, Schroeder and Schaefer",thosier12@blogspot.com,4242107494,vendor,$2b$12$HIjpK8vLypU7iUApEuFxoO4LeZLhIyUQ5dJBCXbdsVBBJCBbVcTSG,approved
40,"Moen, Hermiston and Ebert",jhards13@nba.com,8198122873,vendor,$2b$12$HIjpK8vLypU7iUApEuFxoO4LeZLhIyUQ5dJBCXbdsVBBJCBbVcTSG,approved
41,Kuvalis and Sons,eevenden14@deviantart.com,3512065017,vendor,$2b$12$HIjpK8vLypU7iUApEuFxoO4LeZLhIyUQ5dJBCXbdsVBBJCBbVcTSG,approved
42,"Reinger, Johnston and Walsh",trisborough15@intel.com,5874419620,vendor,$2b$12$HIjpK8vLypU7iUApEuFxoO4LeZLhIyUQ5dJBCXbdsVBBJCBbVcTSG,approved
43,"Wilderman, Mayert and Wisozk",bbyer16@mozilla.com,5679378631,vendor,$2b$12$HIjpK8vLypU7iUApEuFxoO4LeZLhIyUQ5dJBCXbdsVBBJCBbVcTSG,approved
44,Monahan LLC,abranca17@discovery.com,1001300467,vendor,$2b$12$HIjpK8vLypU7iUApEuFxoO4LeZLhIyUQ5dJBCXbdsVBBJCBbVcTSG,approved
45,"Abernathy, Nicolas and Cummings",mlapwood18@youtube.com,1906375112,vendor,$2b$12$HIjpK8vLypU7iUApEuFxoO4LeZLhIyUQ5dJBCXbdsVBBJCBbVcTSG,approved
46,Barrows-Schroeder,glowery19@usda.gov,2134077601,vendor,$2b$12$HIjpK8vLypU7iUApEuFxoO4LeZLhIyUQ5dJBCXbdsVBBJCBbVcTSG,approved
47,"Harris, Rau and Kohler",tphil1a@senate.gov,3148755223,vendor,$2b$12$HIjpK8vLypU7iUApEuFxoO4LeZLhIyUQ5dJBCXbdsVBBJCBbVcTSG,approved
48,"Kerluke, Olson and Hyatt",spollett1b@wikipedia.org,1008080048,vendor,$2b$12$HIjpK8vLypU7iUApEuFxoO4LeZLhIyUQ5dJBCXbdsVBBJCBbVcTSG,approved
49,Kuvalis-Corwin,dfosken1c@oaic.gov.au,4627431134,vendor,$2b$12$HIjpK8vLypU7iUApEuFxoO4LeZLhIyUQ5dJBCXbdsVBBJCBbVcTSG,approved
50,"Hagenes, Veum and Deckow",rspikeings1d@amazon.co.uk,3113273647,vendor,$2b$12$HIjpK8vLypU7iUApEuFxoO4LeZLhIyUQ5dJBCXbdsVBBJCBbVcTSG,approved
51,Koss LLC,lmussard1e@rambler.ru,8551537082,vendor,$2b$12$HIjpK8vLypU7iUApEuFxoO4LeZLhIyUQ5dJBCXbdsVBBJCBbVcTSG,approved
52,"Ward, Kuphal and O'Connell",bbaudasso1f@purevolume.com,3286099245,vendor,$2b$12$HIjpK8vLypU7iUApEuFxoO4LeZLhIyUQ5dJBCXbdsVBBJCBbVcTSG,approved
53,"Jerde, Thompson and Wolff",mbullon1g@printfriendly.com,1891632892,vendor,$2b$12$HIjpK8vLypU7iUApEuFxoO4LeZLhIyUQ5dJBCXbdsVBBJCBbVcTSG,approved
54,Yost-Bogan,slonsdale1h@vimeo.com,7095563396,vendor,$2b$12$HIjpK8vLypU7iUApEuFxoO4LeZLhIyUQ5dJBCXbdsVBBJCBbVcTSG,approved
55,"Erdman, Hirthe and Luettgen",kgynne1i@sciencedaily.com,4588133623,vendor,$2b$12$HIjpK8vLypU7iUApEuFxoO4LeZLhIyUQ5dJBCXbdsVBBJCBbVcTSG,approved
56,Parisian and Sons,kbrockbank1j@cbc.ca,3859565661,vendor,$2b$12$HIjpK8vLypU7iUApEuFxoO4LeZLhIyUQ5dJBCXbdsVBBJCBbVcTSG,approved
57,Parker Inc,cblampy1k@slashdot.org,3664232992,vendor,$2b$12$HIjpK8vLypU7iUApEuFxoO4LeZLhIyUQ5dJBCXbdsVBBJCBbVcTSG,approved
58,"Prosacco, Legros and Donnelly",lcobbald1l@example.com,6276599872,vendor,$2b$12$HIjpK8vLypU7iUApEuFxoO4LeZLhIyUQ5dJBCXbdsVBBJCBbVcTSG,approved
59,Stoltenberg Group,glangston1m@boston.com,7095475094,vendor,$2b$12$HIjpK8vLypU7iUApEuFxoO4LeZLhIyUQ5dJBCXbdsVBBJCBbVcTSG,approved
60,Howe Inc,bgarlinge1n@reddit.com,2328100924,vendor,$2b$12$HIjpK8vLypU7iUApEuFxoO4LeZLhIyUQ5dJBCXbdsVBBJCBbVcTSG,approved
61,Herman-Haag,bbuggs1o@house.gov,7356766583,vendor,$2b$12$HIjpK8vLypU7iUApEuFxoO4LeZLhIyUQ5dJBCXbdsVBBJCBbVcTSG,approved
62,Dickens-Moen,mkaine1p@blogs.com,8972022209,vendor,$2b$12$HIjpK8vLypU7iUApEuFxoO4LeZLhIyUQ5dJBCXbdsVBBJCBbVcTSG,approved
63,Wolff Inc,weaseman1q@nationalgeographic.com,9478726167,vendor,$2b$12$HIjpK8vLypU7iUApEuFxoO4LeZLhIyUQ5dJBCXbdsVBBJCBbVcTSG,approved
64,Daugherty LLC,tjephcott1r@sfgate.com,9725546637,vendor,$2b$12$HIjpK8vLypU7iUApEuFxoO4LeZLhIyUQ5dJBCXbdsVBBJCBbVcTSG,approved
65,Gleichner-Walter,ceshmade1s@plala.or.jp,4855504640,vendor,$2b$12$HIjpK8vLypU7iUApEuFxoO4LeZLhIyUQ5dJBCXbdsVBBJCBbVcTSG,approved
66,Ruecker-DuBuque,wcaddick1t@scientificamerican.com,9738616284,vendor,$2b$12$HIjpK8vLypU7iUApEuFxoO4LeZLhIyUQ5dJBCXbdsVBBJCBbVcTSG,approved
67,"Deckow, Rohan and McCullough",cbelliveau1u@foxnews.com,5132944762,vendor,$2b$12$HIjpK8vLypU7iUApEuFxoO4LeZLhIyUQ5dJBCXbdsVBBJCBbVcTSG,approved
68,White Inc,tabelwhite1v@freewebs.com,4929946044,vendor,$2b$12$HIjpK8vLypU7iUApEuFxoO4LeZLhIyUQ5dJBCXbdsVBBJCBbVcTSG,approved
69,Klocko LLC,jmcvity1w@gnu.org,5662781945,vendor,$2b$12$HIjpK8vLypU7iUApEuFxoO4LeZLhIyUQ5dJBCXbdsVBBJCBbVcTSG,approved
70,"Mayert, Volkman and Kihn",cmowen1x@bbb.org,2886397452,vendor,$2b$12$HIjpK8vLypU7iUApEuFxoO4LeZLhIyUQ5dJBCXbdsVBBJCBbVcTSG,approved
71,Bruen Inc,lgrolle1y@over-blog.com,9505328641,vendor,$2b$12$HIjpK8vLypU7iUApEuFxoO4LeZLhIyUQ5dJBCXbdsVBBJCBbVcTSG,approved
72,"Dickens, Baumbach and Wintheiser",mmcnish1z@springer.com,7004945888,vendor,$2b$12$HIjpK8vLypU7iUApEuFxoO4LeZLhIyUQ5dJBCXbdsVBBJCBbVcTSG,approved
73,Fisher-Padberg,dducarel20@rambler.ru,3596421475,vendor,$2b$12$HIjpK8vLypU7iUApEuFxoO4LeZLhIyUQ5dJBCXbdsVBBJCBbVcTSG,approved
74,Champlin and Sons,azielinski21@mapy.cz,9789153189,vendor,$2b$12$HIjpK8vLypU7iUApEuFxoO4LeZLhIyUQ5dJBCXbdsVBBJCBbVcTSG,approved
75,Kozey and Sons,ehazelby22@baidu.com,9417793492,vendor,$2b$12$HIjpK8vLypU7iUApEuFxoO4LeZLhIyUQ5dJBCXbdsVBBJCBbVcTSG,approved
76,Flatley and Sons,rwhannel23@microsoft.com,1437844163,vendor,$2b$12$HIjpK8vLypU7iUApEuFxoO4LeZLhIyUQ5dJBCXbdsVBBJCBbVcTSG,approved
77,"Thiel, Kulas and Hudson",gcudby24@digg.com,1572585537,vendor,$2b$12$HIjpK8vLypU7iUApEuFxoO4LeZLhIyUQ5dJBCXbdsVBBJCBbVcTSG,approved
78,Reynolds Inc,bpavitt25@independent.co.uk,3736272837,vendor,$2b$12$HIjpK8vLypU7iUApEuFxoO4LeZLhIyUQ5dJBCXbdsVBBJCBbVcTSG,approved
79,"DuBuque, Hills and Beier",ncammidge26@friendfeed.com,1697125076,vendor,$2b$12$HIjpK8vLypU7iUApEuFxoO4LeZLhIyUQ5dJBCXbdsVBBJCBbVcTSG,approved
80,Denesik and Sons,cburlingham27@nhs.uk,9305660047,vendor,$2b$12$HIjpK8vLypU7iUApEuFxoO4LeZLhIyUQ5dJBCXbdsVBBJCBbVcTSG,approved
81,"Dietrich, Stiedemann and Fritsch",crawstron28@scientificamerican.com,5477107440,vendor,$2b$12$HIjpK8vLypU7iUApEuFxoO4LeZLhIyUQ5dJBCXbdsVBBJCBbVcTSG,approved
82,"Erdman, Nienow and Ritchie",enutt29@howstuffworks.com,2566193243,vendor,$2b$12$HIjpK8vLypU7iUApEuFxoO4LeZLhIyUQ5dJBCXbdsVBBJCBbVcTSG,approved
83,Larkin-Jacobi,jdehailes2a@themeforest.net,2276682871,vendor,$2b$12$HIjpK8vLypU7iUApEuFxoO4LeZLhIyUQ5dJBCXbdsVBBJCBbVcTSG,approved
84,"Reinger, Jerde and Kunde",dbetton2b@bizjournals.com,8006619668,vendor,$2b$12$HIjpK8vLypU7iUApEuFxoO4LeZLhIyUQ5dJBCXbdsVBBJCBbVcTSG,approved
85,Adams-Doyle,crighy2c@flavors.me,9439839826,vendor,$2b$12$HIjpK8vLypU7iUApEuFxoO4LeZLhIyUQ5dJBCXbdsVBBJCBbVcTSG,approved
86,"Bernhard, Pfannerstill and McLaughlin",aghelarducci2d@theglobeandmail.com,2705287450,vendor,$2b$12$HIjpK8vLypU7iUApEuFxoO4LeZLhIyUQ5dJBCXbdsVBBJCBbVcTSG,approved
87,Watsica LLC,sbenko2e@360.cn,5079307091,vendor,$2b$12$HIjpK8vLypU7iUApEuFxoO4LeZLhIyUQ5dJBCXbdsVBBJCBbVcTSG,approved
88,Rice-Walter,jcroix2f@indiatimes.com,5822303569,vendor,$2b$12$HIjpK8vLypU7iUApEuFxoO4LeZLhIyUQ5dJBCXbdsVBBJCBbVcTSG,approved
89,"Grimes, Sipes and Hoppe",ahassent2g@java.com,1079561764,vendor,$2b$12$HIjpK8vLypU7iUApEuFxoO4LeZLhIyUQ5dJBCXbdsVBBJCBbVcTSG,approved
90,Prohaska-Little,clangdon2h@upenn.edu,2776281194,vendor,$2b$12$HIjpK8vLypU7iUApEuFxoO4LeZLhIyUQ5dJBCXbdsVBBJCBbVcTSG,approved
91,"Senger, Macejkovic and Herman",nlightbowne2i@clickbank.net,7106689357,vendor,$2b$12$HIjpK8vLypU7iUApEuFxoO4LeZLhIyUQ5dJBCXbdsVBBJCBbVcTSG,approved
92,"Bosco, Kris and Hyatt",aandersch2j@scientificamerican.com,6376206791,vendor,$2b$12$HIjpK8vLypU7iUApEuFxoO4LeZLhIyUQ5dJBCXbdsVBBJCBbVcTSG,approved
93,"Green, Kilback and Weissnat",blandrieu2k@goodreads.com,5851277525,vendor,$2b$12$HIjpK8vLypU7iUApEuFxoO4LeZLhIyUQ5dJBCXbdsVBBJCBbVcTSG,approved
94,Bechtelar Inc,jcancutt2l@reverbnation.com,9576758411,vendor,$2b$12$HIjpK8vLypU7iUApEuFxoO4LeZLhIyUQ5dJBCXbdsVBBJCBbVcTSG,approved
95,Marks and Sons,bbretland2m@oracle.com,9353816332,vendor,$2b$12$HIjpK8vLypU7iUApEuFxoO4LeZLhIyUQ5dJBCXbdsVBBJCBbVcTSG,approved
96,"Kessler, Gibson and Trantow",rpaylor2n@loc.gov,2662060038,vendor,$2b$12$HIjpK8vLypU7iUApEuFxoO4LeZLhIyUQ5dJBCXbdsVBBJCBbVcTSG,approved
97,Turcotte-Feil,cskeats2o@latimes.com,4054351133,vendor,$2b$12$HIjpK8vLypU7iUApEuFxoO4LeZLhIyUQ5dJBCXbdsVBBJCBbVcTSG,approved
98,Hettinger Inc,dzanolli2p@sbwire.com,4772719915,vendor,$2b$12$HIjpK8vLypU7iUApEuFxoO4LeZLhIyUQ5dJBCXbdsVBBJCBbVcTSG,approved
99,Goyette Group,mswash2q@redcross.org,6645032324,vendor,$2b$12$HIjpK8vLypU7iUApEuFxoO4LeZLhIyUQ5dJBCXbdsVBBJCBbVcTSG,approved
100,Cronin Group,bmacbeth2r@mapy.cz,2004442612,vendor,$2b$12$HIjpK8vLypU7iUApEuFxoO4LeZLhIyUQ5dJBCXbdsVBBJCBbVcTSG,approved
101,Daugherty Inc,tblackborough2s@vk.com,3334937288,vendor,$2b$12$HIjpK8vLypU7iUApEuFxoO4LeZLhIyUQ5dJBCXbdsVBBJCBbVcTSG,approved
102,Corkery-Hoeger,mdymoke2t@utexas.edu,6127670873,vendor,$2b$12$HIjpK8vLypU7iUApEuFxoO4LeZLhIyUQ5dJBCXbdsVBBJCBbVcTSG,approved
103,Wunsch-Waters,aeasson2u@ox.ac.uk,9353261958,vendor,$2b$12$HIjpK8vLypU7iUApEuFxoO4LeZLhIyUQ5dJBCXbdsVBBJCBbVcTSG,approved
104,Kunde-Haley,fnaton2v@globo.com,5891642608,vendor,$2b$12$HIjpK8vLypU7iUApEuFxoO4LeZLhIyUQ5dJBCXbdsVBBJCBbVcTSG,approved
105,Swift-Wilderman,ddubbin2w@chron.com,4288588176,vendor,$2b$12$HIjpK8vLypU7iUApEuFxoO4LeZLhIyUQ5dJBCXbdsVBBJCBbVcTSG,approved
106,Legros-Pfannerstill,mbeecham2x@wikispaces.com,7147653807,vendor,$2b$12$HIjpK8vLypU7iUApEuFxoO4LeZLhIyUQ5dJBCXbdsVBBJCBbVcTSG,approved
107,Schimmel Group,budie2y@unblog.fr,2418702169,vendor,$2b$12$HIjpK8vLypU7iUApEuFxoO4LeZLhIyUQ5dJBCXbdsVBBJCBbVcTSG,approved
108,"West, Howell and Reilly",apetrello2z@apache.org,8313534077,vendor,$2b$12$HIjpK8vLypU7iUApEuFxoO4LeZLhIyUQ5dJBCXbdsVBBJCBbVcTSG,approved
109,"Abshire, Moen and Spencer",jtrencher30@reuters.com,9177986813,vendor,$2b$12$HIjpK8vLypU7iUApEuFxoO4LeZLhIyUQ5dJBCXbdsVBBJCBbVcTSG,approved
110,"Kris, Nikolaus and Sanford",kvannuccinii31@dailymail.co.uk,7783943481,vendor,$2b$12$HIjpK8vLypU7iUApEuFxoO4LeZLhIyUQ5dJBCXbdsVBBJCBbVcTSG,approved
111,Luettgen Group,jmanson32@creativecommons.org,4289549719,vendor,$2b$12$HIjpK8vLypU7iUApEuFxoO4LeZLhIyUQ5dJBCXbdsVBBJCBbVcTSG,approved
112,Runte-Lynch,ciacovino33@bloglines.com,6895702801,vendor,$2b$12$HIjpK8vLypU7iUApEuFxoO4LeZLhIyUQ5dJBCXbdsVBBJCBbVcTSG,approved
113,"Pollich, Gulgowski and Kuhlman",asmouten34@reference.com,8903770484,vendor,$2b$12$HIjpK8vLypU7iUApEuFxoO4LeZLhIyUQ5dJBCXbdsVBBJCBbVcTSG,approved
114,Kassulke-Considine,aemlen35@microsoft.com,2193933094,vendor,$2b$12$HIjpK8vLypU7iUApEuFxoO4LeZLhIyUQ5dJBCXbdsVBBJCBbVcTSG,approved
115,"Spinka, Roberts and Corwin",oboutellier36@parallels.com,2472244068,vendor,$2b$12$HIjpK8vLypU7iUApEuFxoO4LeZLhIyUQ5dJBCXbdsVBBJCBbVcTSG,approved
116,"Brekke, McKenzie and Swift",sdrakes37@miitbeian.gov.cn,2363624169,vendor,$2b$12$HIjpK8vLypU7iUApEuFxoO4LeZLhIyUQ5dJBCXbdsVBBJCBbVcTSG,approved
117,Raynor-Bashirian,hdeeprose38@csmonitor.com,8929274377,vendor,$2b$12$HIjpK8vLypU7iUApEuFxoO4LeZLhIyUQ5dJBCXbdsVBBJCBbVcTSG,approved
118,Kozey and Sons,syerson39@wired.com,4396066413,vendor,$2b$12$HIjpK8vLypU7iUApEuFxoO4LeZLhIyUQ5dJBCXbdsVBBJCBbVcTSG,approved
119,Thiel and Sons,fsnadden3a@shop-pro.jp,9264590189,vendor,$2b$12$HIjpK8vLypU7iUApEuFxoO4LeZLhIyUQ5dJBCXbdsVBBJCBbVcTSG,approved
120,Hermann Inc,hpiers3b@nytimes.com,4008040052,vendor,$2b$12$HIjpK8vLypU7iUApEuFxoO4LeZLhIyUQ5dJBCXbdsVBBJCBbVcTSG,approved
121,"Roberts, Hodkiewicz and Witting",abeaconsall3c@whitehouse.gov,2964758710,vendor,$2b$12$HIjpK8vLypU7iUApEuFxoO4LeZLhIyUQ5dJBCXbdsVBBJCBbVcTSG,approved
122,"Satterfield, Streich and Luettgen",ggabbat3d@loc.gov,4012942691,vendor,$2b$12$HIjpK8vLypU7iUApEuFxoO4LeZLhIyUQ5dJBCXbdsVBBJCBbVcTSG,approved
123,Gorczany-Davis,vhovie3e@wix.com,2908699962,vendor,$2b$12$HIjpK8vLypU7iUApEuFxoO4LeZLhIyUQ5dJBCXbdsVBBJCBbVcTSG,approved
124,Zemlak-Harvey,gpadginton3f@forbes.com,8578620734,vendor,$2b$12$HIjpK8vLypU7iUApEuFxoO4LeZLhIyUQ5dJBCXbdsVBBJCBbVcTSG,approved
125,"Rohan, Mitchell and Grimes",ewatkin3g@squarespace.com,9435291308,vendor,$2b$12$HIjpK8vLypU7iUApEuFxoO4LeZLhIyUQ5dJBCXbdsVBBJCBbVcTSG,approved
126,"Gutmann, Hilll and Koelpin",mmusslewhite3h@google.pl,8515989210,vendor,$2b$12$HIjpK8vLypU7iUApEuFxoO4LeZLhIyUQ5dJBCXbdsVBBJCBbVcTSG,approved
127,"Weber, Quitzon and Kessler",mbleazard3i@hhs.gov,3197045500,vendor,$2b$12$HIjpK8vLypU7iUApEuFxoO4LeZLhIyUQ5dJBCXbdsVBBJCBbVcTSG,approved
128,West-Herzog,mthurlow3j@bbb.org,4437184653,vendor,$2b$12$HIjpK8vLypU7iUApEuFxoO4LeZLhIyUQ5dJBCXbdsVBBJCBbVcTSG,approved
129,Wilkinson-Heathcote,blilly3k@senate.gov,8891031863,vendor,$2b$12$HIjpK8vLypU7iUApEuFxoO4LeZLhIyUQ5dJBCXbdsVBBJCBbVcTSG,approved
130,"Adams, Rolfson and Bernier",mbryning3l@networkadvertising.org,4217177781,vendor,$2b$12$HIjpK8vLypU7iUApEuFxoO4LeZLhIyUQ5dJBCXbdsVBBJCBbVcTSG,approved
131,Ryan Group,ajaskowicz3m@cargocollective.com,3038117741,vendor,$2b$12$HIjpK8vLypU7iUApEuFxoO4LeZLhIyUQ5dJBCXbdsVBBJCBbVcTSG,approved
132,Roob Inc,lsmedmoor3n@imageshack.us,7904684214,vendor,$2b$12$HIjpK8vLypU7iUApEuFxoO4LeZLhIyUQ5dJBCXbdsVBBJCBbVcTSG,approved
133,"Zemlak, Bradtke and Stark",elyvon3o@shutterfly.com,7333447008,vendor,$2b$12$HIjpK8vLypU7iUApEuFxoO4LeZLhIyUQ5dJBCXbdsVBBJCBbVcTSG,approved
134,Cruickshank-Ruecker,mstandidge3p@si.edu,5655425502,vendor,$2b$12$HIjpK8vLypU7iUApEuFxoO4LeZLhIyUQ5dJBCXbdsVBBJCBbVcTSG,approved
135,Friesen LLC,kkornalik3q@phoca.cz,2447693379,vendor,$2b$12$HIjpK8vLypU7iUApEuFxoO4LeZLhIyUQ5dJBCXbdsVBBJCBbVcTSG,approved
136,"Senger, Wisozk and Kling",smaciejewski3r@google.co.uk,9616090580,vendor,$2b$12$HIjpK8vLypU7iUApEuFxoO4LeZLhIyUQ5dJBCXbdsVBBJCBbVcTSG,approved
137,Corwin Group,phatrick3s@quantcast.com,4404595121,vendor,$2b$12$HIjpK8vLypU7iUApEuFxoO4LeZLhIyUQ5dJBCXbdsVBBJCBbVcTSG,approved
138,Kohler-Lakin,nbyars3t@washington.edu,3803163428,vendor,$2b$12$HIjpK8vLypU7iUApEuFxoO4LeZLhIyUQ5dJBCXbdsVBBJCBbVcTSG,approved
139,Kemmer-Jenkins,fapplegarth3u@acquirethisname.com,9999602017,vendor,$2b$12$HIjpK8vLypU7iUApEuFxoO4LeZLhIyUQ5dJBCXbdsVBBJCBbVcTSG,approved
140,Hahn Inc,cespinas3v@storify.com,6254151126,vendor,$2b$12$HIjpK8vLypU7iUApEuFxoO4LeZLhIyUQ5dJBCXbdsVBBJCBbVcTSG,approved
141,Wisoky-Denesik,fblackbrough3w@auda.org.au,7246348395,vendor,$2b$12$HIjpK8vLypU7iUApEuFxoO4LeZLhIyUQ5dJBCXbdsVBBJCBbVcTSG,approved
142,Hauck-Koelpin,tpyecroft3x@technorati.com,8717664968,vendor,$2b$12$HIjpK8vLypU7iUApEuFxoO4LeZLhIyUQ5dJBCXbdsVBBJCBbVcTSG,approved
143,Murazik Inc,cricks3y@addtoany.com,3708412239,vendor,$2b$12$HIjpK8vLypU7iUApEuFxoO4LeZLhIyUQ5dJBCXbdsVBBJCBbVcTSG,approved
144,Cole-Ward,wsperski3z@ustream.tv,9178905996,vendor,$2b$12$HIjpK8vLypU7iUApEuFxoO4LeZLhIyUQ5dJBCXbdsVBBJCBbVcTSG,approved
145,Rau LLC,lsimenet40@bizjournals.com,2803806574,vendor,$2b$12$HIjpK8vLypU7iUApEuFxoO4LeZLhIyUQ5dJBCXbdsVBBJCBbVcTSG,approved
146,Carter-Stanton,aargile41@linkedin.com,4521014691,vendor,$2b$12$HIjpK8vLypU7iUApEuFxoO4LeZLhIyUQ5dJBCXbdsVBBJCBbVcTSG,approved
147,Harber Group,esydney42@myspace.com,1787796311,vendor,$2b$12$HIjpK8vLypU7iUApEuFxoO4LeZLhIyUQ5dJBCXbdsVBBJCBbVcTSG,approved
148,Brekke Group,gdayes43@typepad.com,8329624275,vendor,$2b$12$HIjpK8vLypU7iUApEuFxoO4LeZLhIyUQ5dJBCXbdsVBBJCBbVcTSG,approved
149,Goyette Inc,afinlater44@amazon.de,4699607574,vendor,$2b$12$HIjpK8vLypU7iUApEuFxoO4LeZLhIyUQ5dJBCXbdsVBBJCBbVcTSG,approved
150,"Gutmann, Kautzer and Hermann",abramford45@mayoclinic.com,1693427879,vendor,$2b$12$HIjpK8vLypU7iUApEuFxoO4LeZLhIyUQ5dJBCXbdsVBBJCBbVcTSG,approved
151,Cormier-Littel,bgard46@netlog.com,9217163220,vendor,$2b$12$HIjpK8vLypU7iUApEuFxoO4LeZLhIyUQ5dJBCXbdsVBBJCBbVcTSG,approved
152,Considine Inc,oscarr47@mail.ru,2297341000,vendor,$2b$12$HIjpK8vLypU7iUApEuFxoO4LeZLhIyUQ5dJBCXbdsVBBJCBbVcTSG,approved
153,"Marquardt, Gutkowski and Kshlerin",sbing48@vk.com,5782864531,vendor,$2b$12$HIjpK8vLypU7iUApEuFxoO4LeZLhIyUQ5dJBCXbdsVBBJCBbVcTSG,approved
154,O'Connell LLC,ckobierski49@soup.io,2667642033,vendor,$2b$12$HIjpK8vLypU7iUApEuFxoO4LeZLhIyUQ5dJBCXbdsVBBJCBbVcTSG,approved
155,Klocko and Sons,areed4a@google.com.br,9073687756,vendor,$2b$12$HIjpK8vLypU7iUApEuFxoO4LeZLhIyUQ5dJBCXbdsVBBJCBbVcTSG,approved
156,Nolan-McClure,jwarner4b@gizmodo.com,7038104681,vendor,$2b$12$HIjpK8vLypU7iUApEuFxoO4LeZLhIyUQ5dJBCXbdsVBBJCBbVcTSG,approved
157,"Davis, Schoen and Schultz",gjanko4c@npr.org,1103854366,vendor,$2b$12$HIjpK8vLypU7iUApEuFxoO4LeZLhIyUQ5dJBCXbdsVBBJCBbVcTSG,approved
158,Schmeler-O'Conner,ccrimin4d@vinaora.com,2053690155,vendor,$2b$12$HIjpK8vLypU7iUApEuFxoO4LeZLhIyUQ5dJBCXbdsVBBJCBbVcTSG,approved
159,Hintz-White,sdare4e@xrea.com,2711867697,vendor,$2b$12$HIjpK8vLypU7iUApEuFxoO4LeZLhIyUQ5dJBCXbdsVBBJCBbVcTSG,approved
160,Macejkovic-Kovacek,mhyndley4f@eventbrite.com,2732059963,vendor,$2b$12$HIjpK8vLypU7iUApEuFxoO4LeZLhIyUQ5dJBCXbdsVBBJCBbVcTSG,approved
161,Bernier Inc,sabyss4g@ca.gov,2605331073,vendor,$2b$12$HIjpK8vLypU7iUApEuFxoO4LeZLhIyUQ5dJBCXbdsVBBJCBbVcTSG,approved
162,"Gibson, Wyman and Gulgowski",bmengue4h@unesco.org,2634498402,vendor,$2b$12$HIjpK8vLypU7iUApEuFxoO4LeZLhIyUQ5dJBCXbdsVBBJCBbVcTSG,approved
163,"Rowe, Kuhlman and Anderson",pwiffen4i@woothemes.com,3169483021,vendor,$2b$12$HIjpK8vLypU7iUApEuFxoO4LeZLhIyUQ5dJBCXbdsVBBJCBbVcTSG,approved
164,Kirlin and Sons,rbumphries4j@admin.ch,7159456713,vendor,$2b$12$HIjpK8vLypU7iUApEuFxoO4LeZLhIyUQ5dJBCXbdsVBBJCBbVcTSG,approved
165,Fahey Inc,aosman4k@instagram.com,7313533113,vendor,$2b$12$HIjpK8vLypU7iUApEuFxoO4LeZLhIyUQ5dJBCXbdsVBBJCBbVcTSG,approved
166,Kirlin LLC,mrosenblum4l@4shared.com,9877868937,vendor,$2b$12$HIjpK8vLypU7iUApEuFxoO4LeZLhIyUQ5dJBCXbdsVBBJCBbVcTSG,approved
167,"Hayes, Witting and Brown",tskentelbury4m@webmd.com,9026434360,vendor,$2b$12$HIjpK8vLypU7iUApEuFxoO4LeZLhIyUQ5dJBCXbdsVBBJCBbVcTSG,approved
168,"Rippin, Berge and Fisher",rluparti4n@discovery.com,7991426759,vendor,$2b$12$HIjpK8vLypU7iUApEuFxoO4LeZLhIyUQ5dJBCXbdsVBBJCBbVcTSG,approved
169,"Connelly, Lind and Murray",bgladdish4o@usatoday.com,9245647477,vendor,$2b$12$HIjpK8vLypU7iUApEuFxoO4LeZLhIyUQ5dJBCXbdsVBBJCBbVcTSG,approved
170,"Runolfsdottir, Collins and Rutherford",bkruszelnicki4p@topsy.com,3266247532,vendor,$2b$12$HIjpK8vLypU7iUApEuFxoO4LeZLhIyUQ5dJBCXbdsVBBJCBbVcTSG,approved
171,Langworth-Bergnaum,fmorecomb4q@alibaba.com,7837810376,vendor,$2b$12$HIjpK8vLypU7iUApEuFxoO4LeZLhIyUQ5dJBCXbdsVBBJCBbVcTSG,approved
172,"Maggio, Ferry and Greenfelder",jjeratt4r@cbc.ca,1006071766,vendor,$2b$12$HIjpK8vLypU7iUApEuFxoO4LeZLhIyUQ5dJBCXbdsVBBJCBbVcTSG,approved
173,Halvorson-Reilly,qdsouza4s@miitbeian.gov.cn,6754412262,vendor,$2b$12$HIjpK8vLypU7iUApEuFxoO4LeZLhIyUQ5dJBCXbdsVBBJCBbVcTSG,approved
174,Stiedemann Inc,dcaswell4t@addtoany.com,5349546022,vendor,$2b$12$HIjpK8vLypU7iUApEuFxoO4LeZLhIyUQ5dJBCXbdsVBBJCBbVcTSG,approved
175,"Leffler, Trantow and King",rmewrcik4u@google.co.uk,9225187189,vendor,$2b$12$HIjpK8vLypU7iUApEuFxoO4LeZLhIyUQ5dJBCXbdsVBBJCBbVcTSG,approved
176,Cremin-Nitzsche,abonnyson4v@geocities.com,5638781812,vendor,$2b$12$HIjpK8vLypU7iUApEuFxoO4LeZLhIyUQ5dJBCXbdsVBBJCBbVcTSG,approved
177,Ziemann Inc,ahaylock4w@mashable.com,2756330870,vendor,$2b$12$HIjpK8vLypU7iUApEuFxoO4LeZLhIyUQ5dJBCXbdsVBBJCBbVcTSG,approved
178,Wilderman-Feil,sisakovitch4x@dyndns.org,5808482408,vendor,$2b$12$HIjpK8vLypU7iUApEuFxoO4LeZLhIyUQ5dJBCXbdsVBBJCBbVcTSG,approved
179,Rempel LLC,jsteenson4y@com.com,5685134513,vendor,$2b$12$HIjpK8vLypU7iUApEuFxoO4LeZLhIyUQ5dJBCXbdsVBBJCBbVcTSG,approved
180,Aufderhar-Windler,tbromont4z@google.com.hk,2472464605,vendor,$2b$12$HIjpK8vLypU7iUApEuFxoO4LeZLhIyUQ5dJBCXbdsVBBJCBbVcTSG,approved
181,Paucek and Sons,ufarrah50@unesco.org,8069206205,vendor,$2b$12$HIjpK8vLypU7iUApEuFxoO4LeZLhIyUQ5dJBCXbdsVBBJCBbVcTSG,approved
182,"Kessler, Buckridge and Hodkiewicz",mradish51@mozilla.com,9852063245,vendor,$2b$12$HIjpK8vLypU7iUApEuFxoO4LeZLhIyUQ5dJBCXbdsVBBJCBbVcTSG,approved
183,Frami LLC,sbanton52@cbslocal.com,5403208033,vendor,$2b$12$HIjpK8vLypU7iUApEuFxoO4LeZLhIyUQ5dJBCXbdsVBBJCBbVcTSG,approved
184,"Barrows, Towne and Beahan",mhollyar53@histats.com,6619289047,vendor,$2b$12$HIjpK8vLypU7iUApEuFxoO4LeZLhIyUQ5dJBCXbdsVBBJCBbVcTSG,approved
185,Jacobi-Weber,abugbird54@issuu.com,5786977410,vendor,$2b$12$HIjpK8vLypU7iUApEuFxoO4LeZLhIyUQ5dJBCXbdsVBBJCBbVcTSG,approved
186,Tillman-Will,pblincowe55@msn.com,8138023012,vendor,$2b$12$HIjpK8vLypU7iUApEuFxoO4LeZLhIyUQ5dJBCXbdsVBBJCBbVcTSG,approved
187,"Lueilwitz, Roob and Luettgen",ledelston56@omniture.com,8431533617,vendor,$2b$12$HIjpK8vLypU7iUApEuFxoO4LeZLhIyUQ5dJBCXbdsVBBJCBbVcTSG,approved
188,Lindgren LLC,ehawker57@hubpages.com,2236956746,vendor,$2b$12$HIjpK8vLypU7iUApEuFxoO4LeZLhIyUQ5dJBCXbdsVBBJCBbVcTSG,approved
189,Kerluke Group,rsybe58@dailymotion.com,6637250910,vendor,$2b$12$HIjpK8vLypU7iUApEuFxoO4LeZLhIyUQ5dJBCXbdsVBBJCBbVcTSG,approved
190,"Rice, Kuhlman and Cummerata",bdradey59@cnbc.com,7605093743,vendor,$2b$12$HIjpK8vLypU7iUApEuFxoO4LeZLhIyUQ5dJBCXbdsVBBJCBbVcTSG,approved
191,Runolfsson-Medhurst,bedinburough5a@hibu.com,7309457850,vendor,$2b$12$HIjpK8vLypU7iUApEuFxoO4LeZLhIyUQ5dJBCXbdsVBBJCBbVcTSG,approved
192,"Connelly, Fadel and Goldner",sgunda5b@blogger.com,5084245264,vendor,$2b$12$HIjpK8vLypU7iUApEuFxoO4LeZLhIyUQ5dJBCXbdsVBBJCBbVcTSG,approved
193,"Mueller, Greenholt and Funk",jgaddesby5c@usda.gov,9422755780,vendor,$2b$12$HIjpK8vLypU7iUApEuFxoO4LeZLhIyUQ5dJBCXbdsVBBJCBbVcTSG,approved
194,Stanton LLC,dhayball5d@about.me,9007558763,vendor,$2b$12$HIjpK8vLypU7iUApEuFxoO4LeZLhIyUQ5dJBCXbdsVBBJCBbVcTSG,approved
195,"Crist, Hammes and Waelchi",fsesser5e@flavors.me,9803917170,vendor,$2b$12$HIjpK8vLypU7iUApEuFxoO4LeZLhIyUQ5dJBCXbdsVBBJCBbVcTSG,approved
196,Waters-Muller,dmcilheran5f@amazon.co.uk,7496167193,vendor,$2b$12$HIjpK8vLypU7iUApEuFxoO4LeZLhIyUQ5dJBCXbdsVBBJCBbVcTSG,approved
197,"Veum, Pfeffer and Johnston",hgarnall5g@pen.io,3703067616,vendor,$2b$12$HIjpK8vLypU7iUApEuFxoO4LeZLhIyUQ5dJBCXbdsVBBJCBbVcTSG,approved
198,Kulas Inc,bcowburn5h@samsung.com,5235562689,vendor,$2b$12$HIjpK8vLypU7iUApEuFxoO4LeZLhIyUQ5dJBCXbdsVBBJCBbVcTSG,approved
199,Langosh-Batz,mmotton5i@sciencedaily.com,4613887763,vendor,$2b$12$HIjpK8vLypU7iUApEuFxoO4LeZLhIyUQ5dJBCXbdsVBBJCBbVcTSG,approved
200,"Kulas, Brekke and Jakubowski",abischof5j@dedecms.com,8598776570,vendor,$2b$12$HIjpK8vLypU7iUApEuFxoO4LeZLhIyUQ5dJBCXbdsVBBJCBbVcTSG,approved
201,"Witting, Halvorson and Upton",afaucett5k@fc2.com,8517767041,vendor,$2b$12$HIjpK8vLypU7iUApEuFxoO4LeZLhIyUQ5dJBCXbdsVBBJCBbVcTSG,approved
202,Lehner-Dach,sborgbartolo5l@drupal.org,6494551256,vendor,$2b$12$HIjpK8vLypU7iUApEuFxoO4LeZLhIyUQ5dJBCXbdsVBBJCBbVcTSG,approved
203,Jast-Ernser,apizey5m@cornell.edu,5811421710,vendor,$2b$12$HIjpK8vLypU7iUApEuFxoO4LeZLhIyUQ5dJBCXbdsVBBJCBbVcTSG,approved
204,Veum LLC,jchristauffour5n@jiathis.com,3047379300,vendor,$2b$12$HIjpK8vLypU7iUApEuFxoO4LeZLhIyUQ5dJBCXbdsVBBJCBbVcTSG,approved
205,Raynor Group,ooxborough5o@opera.com,2211900316,vendor,$2b$12$HIjpK8vLypU7iUApEuFxoO4LeZLhIyUQ5dJBCXbdsVBBJCBbVcTSG,approved
206,"Durgan, Buckridge and Wyman",ikovacs5p@usda.gov,4968657194,vendor,$2b$12$HIjpK8vLypU7iUApEuFxoO4LeZLhIyUQ5dJBCXbdsVBBJCBbVcTSG,approved
207,Thompson and Sons,dmalone5q@cornell.edu,2989388580,vendor,$2b$12$HIjpK8vLypU7iUApEuFxoO4LeZLhIyUQ5dJBCXbdsVBBJCBbVcTSG,approved
208,"Rutherford, Daugherty and Raynor",mgreenway5r@seesaa.net,1079177492,vendor,$2b$12$HIjpK8vLypU7iUApEuFxoO4LeZLhIyUQ5dJBCXbdsVBBJCBbVcTSG,approved
209,Gutkowski LLC,amcarley5s@bluehost.com,4751288939,vendor,$2b$12$HIjpK8vLypU7iUApEuFxoO4LeZLhIyUQ5dJBCXbdsVBBJCBbVcTSG,approved
210,Turner-Lindgren,pmcruvie5t@github.com,8891023596,vendor,$2b$12$HIjpK8vLypU7iUApEuFxoO4LeZLhIyUQ5dJBCXbdsVBBJCBbVcTSG,approved
211,Bosco-Ernser,sellicott5u@facebook.com,7083942777,vendor,$2b$12$HIjpK8vLypU7iUApEuFxoO4LeZLhIyUQ5dJBCXbdsVBBJCBbVcTSG,approved
212,Rogahn-Hane,etoffoloni5v@mail.ru,4152873425,vendor,$2b$12$HIjpK8vLypU7iUApEuFxoO4LeZLhIyUQ5dJBCXbdsVBBJCBbVcTSG,approved
213,Orn-McClure,egon5w@prweb.com,3223052141,vendor,$2b$12$HIjpK8vLypU7iUApEuFxoO4LeZLhIyUQ5dJBCXbdsVBBJCBbVcTSG,approved
214,Berge-Kassulke,fhargie5x@xinhuanet.com,7906386380,vendor,$2b$12$HIjpK8vLypU7iUApEuFxoO4LeZLhIyUQ5dJBCXbdsVBBJCBbVcTSG,approved
215,Ankunding Group,blambe5y@ox.ac.uk,8788045198,vendor,$2b$12$HIjpK8vLypU7iUApEuFxoO4LeZLhIyUQ5dJBCXbdsVBBJCBbVcTSG,approved
216,Jerde-Botsford,csadlier5z@live.com,4962718392,vendor,$2b$12$HIjpK8vLypU7iUApEuFxoO4LeZLhIyUQ5dJBCXbdsVBBJCBbVcTSG,approved
217,Pfeffer LLC,cleeuwerink60@webmd.com,6784906645,vendor,$2b$12$HIjpK8vLypU7iUApEuFxoO4LeZLhIyUQ5dJBCXbdsVBBJCBbVcTSG,approved
218,Stracke-Russel,ecuvley61@i2i.jp,6115389238,vendor,$2b$12$HIjpK8vLypU7iUApEuFxoO4LeZLhIyUQ5dJBCXbdsVBBJCBbVcTSG,approved
219,Langosh LLC,omugridge62@kickstarter.com,5458166718,vendor,$2b$12$HIjpK8vLypU7iUApEuFxoO4LeZLhIyUQ5dJBCXbdsVBBJCBbVcTSG,approved
220,Bashirian LLC,rmalkie63@paypal.com,5334836904,vendor,$2b$12$HIjpK8vLypU7iUApEuFxoO4LeZLhIyUQ5dJBCXbdsVBBJCBbVcTSG,approved
221,Glover and Sons,jzaczek64@aboutads.info,9357827113,vendor,$2b$12$HIjpK8vLypU7iUApEuFxoO4LeZLhIyUQ5dJBCXbdsVBBJCBbVcTSG,approved
222,"Goodwin, Trantow and Braun",jsumers65@oaic.gov.au,4245362287,vendor,$2b$12$HIjpK8vLypU7iUApEuFxoO4LeZLhIyUQ5dJBCXbdsVBBJCBbVcTSG,approved
223,Jacobs-Leffler,dtower66@istockphoto.com,9486566975,vendor,$2b$12$HIjpK8vLypU7iUApEuFxoO4LeZLhIyUQ5dJBCXbdsVBBJCBbVcTSG,approved
224,Cremin Group,dhorburgh67@nifty.com,4716439479,vendor,$2b$12$HIjpK8vLypU7iUApEuFxoO4LeZLhIyUQ5dJBCXbdsVBBJCBbVcTSG,approved
225,"Kuhic, Raynor and Langosh",pfollet68@bravesites.com,7759382892,vendor,$2b$12$HIjpK8vLypU7iUApEuFxoO4LeZLhIyUQ5dJBCXbdsVBBJCBbVcTSG,approved
226,Heathcote-Ortiz,rdusting69@reuters.com,8979083933,vendor,$2b$12$HIjpK8vLypU7iUApEuFxoO4LeZLhIyUQ5dJBCXbdsVBBJCBbVcTSG,approved
227,Thompson-O'Hara,gfitzgeorge6a@naver.com,5276504462,vendor,$2b$12$HIjpK8vLypU7iUApEuFxoO4LeZLhIyUQ5dJBCXbdsVBBJCBbVcTSG,approved
228,"Runolfsdottir, Kertzmann and Wilkinson",tbannister6b@state.gov,2467603260,vendor,$2b$12$HIjpK8vLypU7iUApEuFxoO4LeZLhIyUQ5dJBCXbdsVBBJCBbVcTSG,approved
229,"Hermiston, Leffler and Kuhn",ctupp6c@craigslist.org,8231139221,vendor,$2b$12$HIjpK8vLypU7iUApEuFxoO4LeZLhIyUQ5dJBCXbdsVBBJCBbVcTSG,approved
230,"Ondricka, Gusikowski and Gerlach",xgasgarth6d@photobucket.com,5431883216,vendor,$2b$12$HIjpK8vLypU7iUApEuFxoO4LeZLhIyUQ5dJBCXbdsVBBJCBbVcTSG,approved
231,"Jones, Farrell and Heidenreich",lvasiliu6e@ezinearticles.com,6476101357,vendor,$2b$12$HIjpK8vLypU7iUApEuFxoO4LeZLhIyUQ5dJBCXbdsVBBJCBbVcTSG,approved
232,Rau Group,olibbe6f@thetimes.co.uk,8759933282,vendor,$2b$12$HIjpK8vLypU7iUApEuFxoO4LeZLhIyUQ5dJBCXbdsVBBJCBbVcTSG,approved
233,"Stark, Ondricka and Klocko",mbriztman6g@github.com,8278392163,vendor,$2b$12$HIjpK8vLypU7iUApEuFxoO4LeZLhIyUQ5dJBCXbdsVBBJCBbVcTSG,approved
234,Krajcik-Wisoky,nromeo6h@wordpress.org,7651277007,vendor,$2b$12$HIjpK8vLypU7iUApEuFxoO4LeZLhIyUQ5dJBCXbdsVBBJCBbVcTSG,approved
235,Senger and Sons,cswallwell6i@google.cn,3914325199,vendor,$2b$12$HIjpK8vLypU7iUApEuFxoO4LeZLhIyUQ5dJBCXbdsVBBJCBbVcTSG,approved
236,Grimes LLC,mlauthian6j@mtv.com,6144735647,vendor,$2b$12$HIjpK8vLypU7iUApEuFxoO4LeZLhIyUQ5dJBCXbdsVBBJCBbVcTSG,approved
237,Walsh and Sons,tdesantis6k@stanford.edu,8922427266,vendor,$2b$12$HIjpK8vLypU7iUApEuFxoO4LeZLhIyUQ5dJBCXbdsVBBJCBbVcTSG,approved
238,Sauer Inc,idickens6l@vinaora.com,6039709906,vendor,$2b$12$HIjpK8vLypU7iUApEuFxoO4LeZLhIyUQ5dJBCXbdsVBBJCBbVcTSG,approved
239,Connelly-Kreiger,bzukierman6m@themeforest.net,3553267210,vendor,$2b$12$HIjpK8vLypU7iUApEuFxoO4LeZLhIyUQ5dJBCXbdsVBBJCBbVcTSG,approved
240,"Bosco, Swift and Ortiz",wmoody6n@ezinearticles.com,2369181660,vendor,$2b$12$HIjpK8vLypU7iUApEuFxoO4LeZLhIyUQ5dJBCXbdsVBBJCBbVcTSG,approved
241,"Heathcote, Brekke and Mertz",bsutehall6o@1688.com,7642012148,vendor,$2b$12$HIjpK8vLypU7iUApEuFxoO4LeZLhIyUQ5dJBCXbdsVBBJCBbVcTSG,approved
242,Okuneva and Sons,hdrinkel6p@wp.com,4897088123,vendor,$2b$12$HIjpK8vLypU7iUApEuFxoO4LeZLhIyUQ5dJBCXbdsVBBJCBbVcTSG,approved
243,Ratke-Lang,ravrashin6q@blinklist.com,2162393213,vendor,$2b$12$HIjpK8vLypU7iUApEuFxoO4LeZLhIyUQ5dJBCXbdsVBBJCBbVcTSG,approved
244,Satterfield Group,lwallenger6r@xing.com,2851725817,vendor,$2b$12$HIjpK8vLypU7iUApEuFxoO4LeZLhIyUQ5dJBCXbdsVBBJCBbVcTSG,approved
245,"Carter, Collier and Moen",csymcox6s@discuz.net,2803737188,vendor,$2b$12$HIjpK8vLypU7iUApEuFxoO4LeZLhIyUQ5dJBCXbdsVBBJCBbVcTSG,approved
246,Hickle and Sons,smccarlie6t@eepurl.com,6386424435,vendor,$2b$12$HIjpK8vLypU7iUApEuFxoO4LeZLhIyUQ5dJBCXbdsVBBJCBbVcTSG,approved
247,"Mueller, Brown and Klein",ldoumerc6u@uol.com.br,5017099664,vendor,$2b$12$HIjpK8vLypU7iUApEuFxoO4LeZLhIyUQ5dJBCXbdsVBBJCBbVcTSG,approved
248,"Schimmel, Torphy and Rau",ngossage6v@sfgate.com,6122829463,vendor,$2b$12$HIjpK8vLypU7iUApEuFxoO4LeZLhIyUQ5dJBCXbdsVBBJCBbVcTSG,approved
249,Yost Inc,nbrede6w@ed.gov,8037386074,vendor,$2b$12$HIjpK8vLypU7iUApEuFxoO4LeZLhIyUQ5dJBCXbdsVBBJCBbVcTSG,approved
250,Carroll-Funk,rvilliers6x@state.gov,3028798214,vendor,$2b$12$HIjpK8vLypU7iUApEuFxoO4LeZLhIyUQ5dJBCXbdsVBBJCBbVcTSG,approved
251,"Ruecker, Schaefer and Thompson",aconrath6y@utexas.edu,3299946731,vendor,$2b$12$HIjpK8vLypU7iUApEuFxoO4LeZLhIyUQ5dJBCXbdsVBBJCBbVcTSG,approved
252,Harvey Group,dfoxworthy6z@comsenz.com,3115248547,vendor,$2b$12$HIjpK8vLypU7iUApEuFxoO4LeZLhIyUQ5dJBCXbdsVBBJCBbVcTSG,approved
253,Mills-Ferry,wiacoboni70@digg.com,2673123851,vendor,$2b$12$HIjpK8vLypU7iUApEuFxoO4LeZLhIyUQ5dJBCXbdsVBBJCBbVcTSG,approved
254,Kuhn LLC,calltimes71@bbc.co.uk,9411547824,vendor,$2b$12$HIjpK8vLypU7iUApEuFxoO4LeZLhIyUQ5dJBCXbdsVBBJCBbVcTSG,approved
255,"Murazik, Paucek and Kuhic",ghuleatt72@zdnet.com,1266785547,vendor,$2b$12$HIjpK8vLypU7iUApEuFxoO4LeZLhIyUQ5dJBCXbdsVBBJCBbVcTSG,approved
256,"Glover, Hane and Collier",nseeviour73@chronoengine.com,9173533545,vendor,$2b$12$HIjpK8vLypU7iUApEuFxoO4LeZLhIyUQ5dJBCXbdsVBBJCBbVcTSG,approved
257,Cummings and Sons,hswancott74@bloomberg.com,8247789094,vendor,$2b$12$HIjpK8vLypU7iUApEuFxoO4LeZLhIyUQ5dJBCXbdsVBBJCBbVcTSG,approved
258,Cartwright-Bechtelar,rrosenthal75@opera.com,1136143640,vendor,$2b$12$HIjpK8vLypU7iUApEuFxoO4LeZLhIyUQ5dJBCXbdsVBBJCBbVcTSG,approved
259,Ernser-Mraz,gleadley76@liveinternet.ru,3866753141,vendor,$2b$12$HIjpK8vLypU7iUApEuFxoO4LeZLhIyUQ5dJBCXbdsVBBJCBbVcTSG,approved
260,Carroll-Lemke,kcallicott77@ft.com,1663274179,vendor,$2b$12$HIjpK8vLypU7iUApEuFxoO4LeZLhIyUQ5dJBCXbdsVBBJCBbVcTSG,approved
261,Stark-Schimmel,sdallison78@comsenz.com,5335920070,vendor,$2b$12$HIjpK8vLypU7iUApEuFxoO4LeZLhIyUQ5dJBCXbdsVBBJCBbVcTSG,approved
262,Fritsch-Kassulke,aspivie79@homestead.com,5591974814,vendor,$2b$12$HIjpK8vLypU7iUApEuFxoO4LeZLhIyUQ5dJBCXbdsVBBJCBbVcTSG,approved
263,Stehr-Littel,sdmitrovic7a@dell.com,6022427972,vendor,$2b$12$HIjpK8vLypU7iUApEuFxoO4LeZLhIyUQ5dJBCXbdsVBBJCBbVcTSG,approved
264,Lakin-Christiansen,mmackey7b@shutterfly.com,1271715153,vendor,$2b$12$HIjpK8vLypU7iUApEuFxoO4LeZLhIyUQ5dJBCXbdsVBBJCBbVcTSG,approved
265,Funk-Bauch,ashirrell7c@cyberchimps.com,2814992007,vendor,$2b$12$HIjpK8vLypU7iUApEuFxoO4LeZLhIyUQ5dJBCXbdsVBBJCBbVcTSG,approved
266,Blick-Bednar,bmardle7d@sbwire.com,1797866113,vendor,$2b$12$HIjpK8vLypU7iUApEuFxoO4LeZLhIyUQ5dJBCXbdsVBBJCBbVcTSG,approved
267,Daugherty Group,kmckeeman7e@latimes.com,5155590002,vendor,$2b$12$HIjpK8vLypU7iUApEuFxoO4LeZLhIyUQ5dJBCXbdsVBBJCBbVcTSG,approved
268,Stiedemann-Ratke,craubheim7f@netlog.com,4141702870,vendor,$2b$12$HIjpK8vLypU7iUApEuFxoO4LeZLhIyUQ5dJBCXbdsVBBJCBbVcTSG,approved
269,"Swaniawski, Kessler and Mosciski",mreubens7g@about.me,5298240467,vendor,$2b$12$HIjpK8vLypU7iUApEuFxoO4LeZLhIyUQ5dJBCXbdsVBBJCBbVcTSG,approved
270,Sanford-Wisozk,jpaynton7h@nature.com,1708976140,vendor,$2b$12$HIjpK8vLypU7iUApEuFxoO4LeZLhIyUQ5dJBCXbdsVBBJCBbVcTSG,approved
271,"Bogan, Mosciski and Stracke",kohogan7i@photobucket.com,9173674533,vendor,$2b$12$HIjpK8vLypU7iUApEuFxoO4LeZLhIyUQ5dJBCXbdsVBBJCBbVcTSG,approved
272,"Gusikowski, Zboncak and Weissnat",wgreenrde7j@reference.com,9752383969,vendor,$2b$12$HIjpK8vLypU7iUApEuFxoO4LeZLhIyUQ5dJBCXbdsVBBJCBbVcTSG,approved
273,"Price, Swaniawski and Graham",alindner7k@cocolog-nifty.com,1709695398,vendor,$2b$12$HIjpK8vLypU7iUApEuFxoO4LeZLhIyUQ5dJBCXbdsVBBJCBbVcTSG,approved
274,Kutch-Mertz,smcglaughn7l@edublogs.org,7995989773,vendor,$2b$12$HIjpK8vLypU7iUApEuFxoO4LeZLhIyUQ5dJBCXbdsVBBJCBbVcTSG,approved
275,"Prosacco, Bode and Wehner",arossi7m@rakuten.co.jp,4108824958,vendor,$2b$12$HIjpK8vLypU7iUApEuFxoO4LeZLhIyUQ5dJBCXbdsVBBJCBbVcTSG,approved
276,"Brakus, Mosciski and Homenick",kripon7n@omniture.com,7599952359,vendor,$2b$12$HIjpK8vLypU7iUApEuFxoO4LeZLhIyUQ5dJBCXbdsVBBJCBbVcTSG,approved
277,Paucek and Sons,emasser7o@bloomberg.com,6239014594,vendor,$2b$12$HIjpK8vLypU7iUApEuFxoO4LeZLhIyUQ5dJBCXbdsVBBJCBbVcTSG,approved
278,Schiller and Sons,rbriskey7p@hhs.gov,3206726661,vendor,$2b$12$HIjpK8vLypU7iUApEuFxoO4LeZLhIyUQ5dJBCXbdsVBBJCBbVcTSG,approved
279,"Stokes, Koch and Leuschke",arenshell7q@house.gov,2962505775,vendor,$2b$12$HIjpK8vLypU7iUApEuFxoO4LeZLhIyUQ5dJBCXbdsVBBJCBbVcTSG,approved
280,Rowe LLC,ghaddick7r@tripod.com,2044088584,vendor,$2b$12$HIjpK8vLypU7iUApEuFxoO4LeZLhIyUQ5dJBCXbdsVBBJCBbVcTSG,approved
281,"Reynolds, Walsh and MacGyver",bgepp7s@usatoday.com,7568758369,vendor,$2b$12$HIjpK8vLypU7iUApEuFxoO4LeZLhIyUQ5dJBCXbdsVBBJCBbVcTSG,approved
282,"Block, Crist and Zieme",djessard7t@sun.com,2523280502,vendor,$2b$12$HIjpK8vLypU7iUApEuFxoO4LeZLhIyUQ5dJBCXbdsVBBJCBbVcTSG,approved
283,Becker and Sons,pbitten7u@furl.net,3906912038,vendor,$2b$12$HIjpK8vLypU7iUApEuFxoO4LeZLhIyUQ5dJBCXbdsVBBJCBbVcTSG,approved
284,Marquardt Inc,jstickels7v@marriott.com,7064956186,vendor,$2b$12$HIjpK8vLypU7iUApEuFxoO4LeZLhIyUQ5dJBCXbdsVBBJCBbVcTSG,approved
285,Pfeffer Group,mstilling7w@cdc.gov,5053620603,vendor,$2b$12$HIjpK8vLypU7iUApEuFxoO4LeZLhIyUQ5dJBCXbdsVBBJCBbVcTSG,approved
286,Jacobson-Pfannerstill,kbelward7x@netscape.com,3686227387,vendor,$2b$12$HIjpK8vLypU7iUApEuFxoO4LeZLhIyUQ5dJBCXbdsVBBJCBbVcTSG,approved
287,Kemmer-Rowe,apickup7y@oracle.com,4231526642,vendor,$2b$12$HIjpK8vLypU7iUApEuFxoO4LeZLhIyUQ5dJBCXbdsVBBJCBbVcTSG,approved
288,Bednar Group,epetersen7z@fotki.com,5134288036,vendor,$2b$12$HIjpK8vLypU7iUApEuFxoO4LeZLhIyUQ5dJBCXbdsVBBJCBbVcTSG,approved
289,Mueller Group,fhardbattle80@php.net,3689629852,vendor,$2b$12$HIjpK8vLypU7iUApEuFxoO4LeZLhIyUQ5dJBCXbdsVBBJCBbVcTSG,approved
290,Balistreri LLC,lreah81@shop-pro.jp,4453440941,vendor,$2b$12$HIjpK8vLypU7iUApEuFxoO4LeZLhIyUQ5dJBCXbdsVBBJCBbVcTSG,approved
291,Hermann-Brown,hplank82@hostgator.com,9236622928,vendor,$2b$12$HIjpK8vLypU7iUApEuFxoO4LeZLhIyUQ5dJBCXbdsVBBJCBbVcTSG,approved
292,"Little, Boyle and Hermiston",lgrinishin83@example.com,7824700208,vendor,$2b$12$HIjpK8vLypU7iUApEuFxoO4LeZLhIyUQ5dJBCXbdsVBBJCBbVcTSG,approved
293,"Wilderman, Walter and Mante",vgiacobilio84@addthis.com,4807595346,vendor,$2b$12$HIjpK8vLypU7iUApEuFxoO4LeZLhIyUQ5dJBCXbdsVBBJCBbVcTSG,approved
294,Mraz-Schamberger,tdewsnap85@youtu.be,9759941290,vendor,$2b$12$HIjpK8vLypU7iUApEuFxoO4LeZLhIyUQ5dJBCXbdsVBBJCBbVcTSG,approved
295,Hudson-Kertzmann,vfiddiman86@1688.com,7765378845,vendor,$2b$12$HIjpK8vLypU7iUApEuFxoO4LeZLhIyUQ5dJBCXbdsVBBJCBbVcTSG,approved
296,"Dietrich, Spinka and Barton",bspelman87@arizona.edu,6825422405,vendor,$2b$12$HIjpK8vLypU7iUApEuFxoO4LeZLhIyUQ5dJBCXbdsVBBJCBbVcTSG,approved
297,Mraz-Bernier,tkless88@jiathis.com,6306421943,vendor,$2b$12$HIjpK8vLypU7iUApEuFxoO4LeZLhIyUQ5dJBCXbdsVBBJCBbVcTSG,approved
298,Mueller-Harris,kbolden89@scribd.com,4033751754,vendor,$2b$12$HIjpK8vLypU7iUApEuFxoO4LeZLhIyUQ5dJBCXbdsVBBJCBbVcTSG,approved
299,D'Amore-Jerde,kshillaker8a@macromedia.com,8541898224,vendor,$2b$12$HIjpK8vLypU7iUApEuFxoO4LeZLhIyUQ5dJBCXbdsVBBJCBbVcTSG,approved
300,O'Kon-Lehner,estreater8b@aboutads.info,2114229714,vendor,$2b$12$HIjpK8vLypU7iUApEuFxoO4LeZLhIyUQ5dJBCXbdsVBBJCBbVcTSG,approved
301,Conroy Group,adrains8c@storify.com,2436991104,vendor,$2b$12$HIjpK8vLypU7iUApEuFxoO4LeZLhIyUQ5dJBCXbdsVBBJCBbVcTSG,approved
302,Maggio-Tremblay,cgonthier8d@constantcontact.com,4955819760,vendor,$2b$12$HIjpK8vLypU7iUApEuFxoO4LeZLhIyUQ5dJBCXbdsVBBJCBbVcTSG,approved
303,Boyer-Erdman,lfearns8e@skyrock.com,1153851020,vendor,$2b$12$HIjpK8vLypU7iUApEuFxoO4LeZLhIyUQ5dJBCXbdsVBBJCBbVcTSG,approved
304,Lueilwitz-Hermiston,bkenworthey8f@alexa.com,6509542165,vendor,$2b$12$HIjpK8vLypU7iUApEuFxoO4LeZLhIyUQ5dJBCXbdsVBBJCBbVcTSG,approved
305,Huels-Romaguera,oerickson8g@paginegialle.it,5709146939,vendor,$2b$12$HIjpK8vLypU7iUApEuFxoO4LeZLhIyUQ5dJBCXbdsVBBJCBbVcTSG,approved
306,"Deckow, Oberbrunner and Keeling",gkreber8h@yandex.ru,9665412423,vendor,$2b$12$HIjpK8vLypU7iUApEuFxoO4LeZLhIyUQ5dJBCXbdsVBBJCBbVcTSG,approved
307,Bergnaum-Conn,wswinyard8i@de.vu,6969805298,vendor,$2b$12$HIjpK8vLypU7iUApEuFxoO4LeZLhIyUQ5dJBCXbdsVBBJCBbVcTSG,approved
308,"Parker, Daniel and Gibson",rvasyukhnov8j@ezinearticles.com,7506730099,vendor,$2b$12$HIjpK8vLypU7iUApEuFxoO4LeZLhIyUQ5dJBCXbdsVBBJCBbVcTSG,approved
309,Osinski and Sons,btorrie8k@furl.net,4943882720,vendor,$2b$12$HIjpK8vLypU7iUApEuFxoO4LeZLhIyUQ5dJBCXbdsVBBJCBbVcTSG,approved
310,Considine and Sons,rbarfoot8l@umich.edu,4724176485,vendor,$2b$12$HIjpK8vLypU7iUApEuFxoO4LeZLhIyUQ5dJBCXbdsVBBJCBbVcTSG,approved
311,Kunde-Schinner,arobottham8m@free.fr,4047644267,vendor,$2b$12$HIjpK8vLypU7iUApEuFxoO4LeZLhIyUQ5dJBCXbdsVBBJCBbVcTSG,approved
312,"Huels, Hermiston and Roob",jpillinger8n@homestead.com,9067032058,vendor,$2b$12$HIjpK8vLypU7iUApEuFxoO4LeZLhIyUQ5dJBCXbdsVBBJCBbVcTSG,approved
313,"Daniel, Mayert and Vandervort",vdowson8o@salon.com,1919782286,vendor,$2b$12$HIjpK8vLypU7iUApEuFxoO4LeZLhIyUQ5dJBCXbdsVBBJCBbVcTSG,approved
314,Yost Group,jbirtwell8p@com.com,8383401895,vendor,$2b$12$HIjpK8vLypU7iUApEuFxoO4LeZLhIyUQ5dJBCXbdsVBBJCBbVcTSG,approved
315,"Fisher, West and Simonis",mmatitiaho8q@odnoklassniki.ru,7811022368,vendor,$2b$12$HIjpK8vLypU7iUApEuFxoO4LeZLhIyUQ5dJBCXbdsVBBJCBbVcTSG,approved
316,Orn-Batz,ohicken8r@aol.com,7065534185,vendor,$2b$12$HIjpK8vLypU7iUApEuFxoO4LeZLhIyUQ5dJBCXbdsVBBJCBbVcTSG,approved
317,Adams-Schaden,mbowstead8s@twitter.com,2765181616,vendor,$2b$12$HIjpK8vLypU7iUApEuFxoO4LeZLhIyUQ5dJBCXbdsVBBJCBbVcTSG,approved
318,Marks and Sons,ssoaper8t@mac.com,8363278744,vendor,$2b$12$HIjpK8vLypU7iUApEuFxoO4LeZLhIyUQ5dJBCXbdsVBBJCBbVcTSG,approved
319,Torp-Heaney,sabbay8u@google.co.uk,4114106305,vendor,$2b$12$HIjpK8vLypU7iUApEuFxoO4LeZLhIyUQ5dJBCXbdsVBBJCBbVcTSG,approved
320,Conn-Hamill,fspinnace8v@exblog.jp,3337465093,vendor,$2b$12$HIjpK8vLypU7iUApEuFxoO4LeZLhIyUQ5dJBCXbdsVBBJCBbVcTSG,approved
321,Ward and Sons,srosbrough8w@w3.org,6449502846,vendor,$2b$12$HIjpK8vLypU7iUApEuFxoO4LeZLhIyUQ5dJBCXbdsVBBJCBbVcTSG,approved
322,Jones-Gislason,rappleton8x@comsenz.com,4702225437,vendor,$2b$12$HIjpK8vLypU7iUApEuFxoO4LeZLhIyUQ5dJBCXbdsVBBJCBbVcTSG,approved
323,Oberbrunner Inc,mnore8y@lycos.com,9251560709,vendor,$2b$12$HIjpK8vLypU7iUApEuFxoO4LeZLhIyUQ5dJBCXbdsVBBJCBbVcTSG,approved
324,Simonis and Sons,mdedantesie8z@4shared.com,7818218255,vendor,$2b$12$HIjpK8vLypU7iUApEuFxoO4LeZLhIyUQ5dJBCXbdsVBBJCBbVcTSG,approved
325,"Gusikowski, Upton and Bauch",agricks90@cloudflare.com,9267759786,vendor,$2b$12$HIjpK8vLypU7iUApEuFxoO4LeZLhIyUQ5dJBCXbdsVBBJCBbVcTSG,approved
326,Dickens Group,nrubes91@nih.gov,9624918583,vendor,$2b$12$HIjpK8vLypU7iUApEuFxoO4LeZLhIyUQ5dJBCXbdsVBBJCBbVcTSG,approved
327,Zieme Group,nmaccambridge92@businesswire.com,2741694933,vendor,$2b$12$HIjpK8vLypU7iUApEuFxoO4LeZLhIyUQ5dJBCXbdsVBBJCBbVcTSG,approved
328,"Reinger, Jerde and Hauck",martingstall93@diigo.com,3066041267,vendor,$2b$12$HIjpK8vLypU7iUApEuFxoO4LeZLhIyUQ5dJBCXbdsVBBJCBbVcTSG,approved
329,Wolff Inc,bcellone94@ca.gov,9684240662,vendor,$2b$12$HIjpK8vLypU7iUApEuFxoO4LeZLhIyUQ5dJBCXbdsVBBJCBbVcTSG,approved
330,"Ortiz, Stoltenberg and Morar",ksturzaker95@ftc.gov,1454608993,vendor,$2b$12$HIjpK8vLypU7iUApEuFxoO4LeZLhIyUQ5dJBCXbdsVBBJCBbVcTSG,approved
331,"Auer, Turcotte and Wolf",kdudson96@biglobe.ne.jp,7527138166,vendor,$2b$12$HIjpK8vLypU7iUApEuFxoO4LeZLhIyUQ5dJBCXbdsVBBJCBbVcTSG,approved
332,Yundt-Lind,plarvent97@sfgate.com,7475149804,vendor,$2b$12$HIjpK8vLypU7iUApEuFxoO4LeZLhIyUQ5dJBCXbdsVBBJCBbVcTSG,approved
333,"Hilll, Swift and Swaniawski",dglassard98@indiatimes.com,2101653093,vendor,$2b$12$HIjpK8vLypU7iUApEuFxoO4LeZLhIyUQ5dJBCXbdsVBBJCBbVcTSG,approved
334,Roberts Inc,mniset99@noaa.gov,7037908238,vendor,$2b$12$HIjpK8vLypU7iUApEuFxoO4LeZLhIyUQ5dJBCXbdsVBBJCBbVcTSG,approved
335,Heaney and Sons,dcoleiro9a@telegraph.co.uk,4977365748,vendor,$2b$12$HIjpK8vLypU7iUApEuFxoO4LeZLhIyUQ5dJBCXbdsVBBJCBbVcTSG,approved
336,Sipes-Kautzer,jjon9b@discuz.net,5377751283,vendor,$2b$12$HIjpK8vLypU7iUApEuFxoO4LeZLhIyUQ5dJBCXbdsVBBJCBbVcTSG,approved
337,Haley-Stanton,galonso9c@ameblo.jp,3363409539,vendor,$2b$12$HIjpK8vLypU7iUApEuFxoO4LeZLhIyUQ5dJBCXbdsVBBJCBbVcTSG,approved
338,"Morar, Jacobson and Beer",mcastagno9d@linkedin.com,9872233111,vendor,$2b$12$HIjpK8vLypU7iUApEuFxoO4LeZLhIyUQ5dJBCXbdsVBBJCBbVcTSG,approved
339,Beer Inc,dbeedham9e@archive.org,1077308460,vendor,$2b$12$HIjpK8vLypU7iUApEuFxoO4LeZLhIyUQ5dJBCXbdsVBBJCBbVcTSG,approved
340,Bartoletti-Bogan,mduncan9f@yellowpages.com,1566683732,vendor,$2b$12$HIjpK8vLypU7iUApEuFxoO4LeZLhIyUQ5dJBCXbdsVBBJCBbVcTSG,approved
341,Morar Group,wwinship9g@is.gd,7943879630,vendor,$2b$12$HIjpK8vLypU7iUApEuFxoO4LeZLhIyUQ5dJBCXbdsVBBJCBbVcTSG,approved
342,Koch and Sons,bcearley9h@nymag.com,1187950089,vendor,$2b$12$HIjpK8vLypU7iUApEuFxoO4LeZLhIyUQ5dJBCXbdsVBBJCBbVcTSG,approved
343,Boyle-Herman,mhackett9i@lycos.com,8269912701,vendor,$2b$12$HIjpK8vLypU7iUApEuFxoO4LeZLhIyUQ5dJBCXbdsVBBJCBbVcTSG,approved
344,"Mitchell, Bode and Heller",ceede9j@economist.com,6538382439,vendor,$2b$12$HIjpK8vLypU7iUApEuFxoO4LeZLhIyUQ5dJBCXbdsVBBJCBbVcTSG,approved
345,Walsh-Hoppe,mboone9k@pcworld.com,3763280998,vendor,$2b$12$HIjpK8vLypU7iUApEuFxoO4LeZLhIyUQ5dJBCXbdsVBBJCBbVcTSG,approved
346,"Kihn, Koch and Christiansen",erisborough9l@marriott.com,2415481016,vendor,$2b$12$HIjpK8vLypU7iUApEuFxoO4LeZLhIyUQ5dJBCXbdsVBBJCBbVcTSG,approved
347,Donnelly LLC,gkillshaw9m@cnn.com,2032306370,vendor,$2b$12$HIjpK8vLypU7iUApEuFxoO4LeZLhIyUQ5dJBCXbdsVBBJCBbVcTSG,approved
348,Flatley-Kub,rmuzzlewhite9n@usnews.com,8007994324,vendor,$2b$12$HIjpK8vLypU7iUApEuFxoO4LeZLhIyUQ5dJBCXbdsVBBJCBbVcTSG,approved
349,"Durgan, Bednar and Bins",nconnue9o@google.pl,3688978117,vendor,$2b$12$HIjpK8vLypU7iUApEuFxoO4LeZLhIyUQ5dJBCXbdsVBBJCBbVcTSG,approved
350,"Buckridge, Lang and Armstrong",dpownall9p@biblegateway.com,1327429724,vendor,$2b$12$HIjpK8vLypU7iUApEuFxoO4LeZLhIyUQ5dJBCXbdsVBBJCBbVcTSG,approved
351,"Heller, Ferry and Becker",sbittany9q@vimeo.com,7758405940,vendor,$2b$12$HIjpK8vLypU7iUApEuFxoO4LeZLhIyUQ5dJBCXbdsVBBJCBbVcTSG,approved
352,Simonis LLC,wgartery9r@adobe.com,1733262037,vendor,$2b$12$HIjpK8vLypU7iUApEuFxoO4LeZLhIyUQ5dJBCXbdsVBBJCBbVcTSG,approved
353,Considine-Howe,hkitchingman9s@weather.com,1479473534,vendor,$2b$12$HIjpK8vLypU7iUApEuFxoO4LeZLhIyUQ5dJBCXbdsVBBJCBbVcTSG,approved
354,Herman-Walker,aheimann9t@unicef.org,7457788932,vendor,$2b$12$HIjpK8vLypU7iUApEuFxoO4LeZLhIyUQ5dJBCXbdsVBBJCBbVcTSG,approved
355,"Dare, Senger and Quitzon",uvardy9u@who.int,7722029771,vendor,$2b$12$HIjpK8vLypU7iUApEuFxoO4LeZLhIyUQ5dJBCXbdsVBBJCBbVcTSG,approved
356,Ward Inc,amarval9v@google.co.jp,7292927176,vendor,$2b$12$HIjpK8vLypU7iUApEuFxoO4LeZLhIyUQ5dJBCXbdsVBBJCBbVcTSG,approved
357,"Franecki, Kassulke and Nienow",akenewel9w@xing.com,1117015858,vendor,$2b$12$HIjpK8vLypU7iUApEuFxoO4LeZLhIyUQ5dJBCXbdsVBBJCBbVcTSG,approved
358,Harber and Sons,msproul9x@xrea.com,9586101532,vendor,$2b$12$HIjpK8vLypU7iUApEuFxoO4LeZLhIyUQ5dJBCXbdsVBBJCBbVcTSG,approved
359,Kerluke-Roob,kgarter9y@taobao.com,4283689860,vendor,$2b$12$HIjpK8vLypU7iUApEuFxoO4LeZLhIyUQ5dJBCXbdsVBBJCBbVcTSG,approved
360,Dooley-Hahn,moglethorpe9z@linkedin.com,4741798094,vendor,$2b$12$HIjpK8vLypU7iUApEuFxoO4LeZLhIyUQ5dJBCXbdsVBBJCBbVcTSG,approved
361,Predovic Group,kyurikova0@simplemachines.org,2733148831,vendor,$2b$12$HIjpK8vLypU7iUApEuFxoO4LeZLhIyUQ5dJBCXbdsVBBJCBbVcTSG,approved
362,Schoen Group,bpatsalla1@umn.edu,8519894076,vendor,$2b$12$HIjpK8vLypU7iUApEuFxoO4LeZLhIyUQ5dJBCXbdsVBBJCBbVcTSG,approved
363,"Quitzon, Towne and Kiehn",twardlea2@craigslist.org,6365092534,vendor,$2b$12$HIjpK8vLypU7iUApEuFxoO4LeZLhIyUQ5dJBCXbdsVBBJCBbVcTSG,approved
364,Gerlach-Langosh,amcdualla3@mlb.com,9296667910,vendor,$2b$12$HIjpK8vLypU7iUApEuFxoO4LeZLhIyUQ5dJBCXbdsVBBJCBbVcTSG,approved
365,Shields-Kunze,emelbourna4@qq.com,9564313074,vendor,$2b$12$HIjpK8vLypU7iUApEuFxoO4LeZLhIyUQ5dJBCXbdsVBBJCBbVcTSG,approved
366,Robel Group,gdolohuntya5@businessweek.com,3797387120,vendor,$2b$12$HIjpK8vLypU7iUApEuFxoO4LeZLhIyUQ5dJBCXbdsVBBJCBbVcTSG,approved
367,Bruen and Sons,grawnea6@odnoklassniki.ru,5627594778,vendor,$2b$12$HIjpK8vLypU7iUApEuFxoO4LeZLhIyUQ5dJBCXbdsVBBJCBbVcTSG,approved
368,Stanton LLC,vcodya7@trellian.com,5136097700,vendor,$2b$12$HIjpK8vLypU7iUApEuFxoO4LeZLhIyUQ5dJBCXbdsVBBJCBbVcTSG,approved
369,Daniel Group,snorvela8@ted.com,5576489790,vendor,$2b$12$HIjpK8vLypU7iUApEuFxoO4LeZLhIyUQ5dJBCXbdsVBBJCBbVcTSG,approved
370,Buckridge Group,myakuntzova9@wikia.com,9261001776,vendor,$2b$12$HIjpK8vLypU7iUApEuFxoO4LeZLhIyUQ5dJBCXbdsVBBJCBbVcTSG,approved
371,"Hammes, Klocko and Schowalter",bcushionaa@so-net.ne.jp,4394246147,vendor,$2b$12$HIjpK8vLypU7iUApEuFxoO4LeZLhIyUQ5dJBCXbdsVBBJCBbVcTSG,approved
372,Rohan-Moore,mgoldingayab@mediafire.com,9811531746,vendor,$2b$12$HIjpK8vLypU7iUApEuFxoO4LeZLhIyUQ5dJBCXbdsVBBJCBbVcTSG,approved
373,Ledner LLC,kmacrierieac@macromedia.com,2298730547,vendor,$2b$12$HIjpK8vLypU7iUApEuFxoO4LeZLhIyUQ5dJBCXbdsVBBJCBbVcTSG,approved
374,Hintz-Nicolas,dspurgead@smh.com.au,1504542133,vendor,$2b$12$HIjpK8vLypU7iUApEuFxoO4LeZLhIyUQ5dJBCXbdsVBBJCBbVcTSG,approved
375,Beier-O'Kon,gmiddleditchae@washington.edu,9555907000,vendor,$2b$12$HIjpK8vLypU7iUApEuFxoO4LeZLhIyUQ5dJBCXbdsVBBJCBbVcTSG,approved
376,Dare-Schinner,alindberghaf@1und1.de,8324503858,vendor,$2b$12$HIjpK8vLypU7iUApEuFxoO4LeZLhIyUQ5dJBCXbdsVBBJCBbVcTSG,approved
377,"Cruickshank, Hayes and Hyatt",apassyag@loc.gov,6214252931,vendor,$2b$12$HIjpK8vLypU7iUApEuFxoO4LeZLhIyUQ5dJBCXbdsVBBJCBbVcTSG,approved
378,Krajcik-Wolf,pdronsfieldah@auda.org.au,4964828083,vendor,$2b$12$HIjpK8vLypU7iUApEuFxoO4LeZLhIyUQ5dJBCXbdsVBBJCBbVcTSG,approved
379,"Considine, Shanahan and Nicolas",shyattai@ca.gov,5872988127,vendor,$2b$12$HIjpK8vLypU7iUApEuFxoO4LeZLhIyUQ5dJBCXbdsVBBJCBbVcTSG,approved
380,Walsh LLC,clelliottaj@fda.gov,8982330520,vendor,$2b$12$HIjpK8vLypU7iUApEuFxoO4LeZLhIyUQ5dJBCXbdsVBBJCBbVcTSG,approved
381,"Deckow, Koelpin and Rau",rharrildak@google.it,2946989488,vendor,$2b$12$HIjpK8vLypU7iUApEuFxoO4LeZLhIyUQ5dJBCXbdsVBBJCBbVcTSG,approved
382,Kuhlman Group,hrettieal@ca.gov,7955553153,vendor,$2b$12$HIjpK8vLypU7iUApEuFxoO4LeZLhIyUQ5dJBCXbdsVBBJCBbVcTSG,approved
383,Lynch-Blick,jvalerioam@google.pl,4669524850,vendor,$2b$12$HIjpK8vLypU7iUApEuFxoO4LeZLhIyUQ5dJBCXbdsVBBJCBbVcTSG,approved
384,"Schimmel, Hermiston and Cruickshank",lbatesonan@rakuten.co.jp,7041742023,vendor,$2b$12$HIjpK8vLypU7iUApEuFxoO4LeZLhIyUQ5dJBCXbdsVBBJCBbVcTSG,approved
385,"Wilderman, Rau and Fay",atrewinnardao@forbes.com,1024075655,vendor,$2b$12$HIjpK8vLypU7iUApEuFxoO4LeZLhIyUQ5dJBCXbdsVBBJCBbVcTSG,approved
386,Jaskolski Inc,kboxhillap@deliciousdays.com,8032760483,vendor,$2b$12$HIjpK8vLypU7iUApEuFxoO4LeZLhIyUQ5dJBCXbdsVBBJCBbVcTSG,approved
387,"Klocko, Carter and Kessler",mlovelockaq@google.com.br,6991067591,vendor,$2b$12$HIjpK8vLypU7iUApEuFxoO4LeZLhIyUQ5dJBCXbdsVBBJCBbVcTSG,approved
388,Pacocha-Schroeder,jcollingar@youtu.be,2015767796,vendor,$2b$12$HIjpK8vLypU7iUApEuFxoO4LeZLhIyUQ5dJBCXbdsVBBJCBbVcTSG,approved
389,Shields-Gulgowski,gpetrovicas@psu.edu,2796548120,vendor,$2b$12$HIjpK8vLypU7iUApEuFxoO4LeZLhIyUQ5dJBCXbdsVBBJCBbVcTSG,approved
390,Walsh Group,cmuslimat@chronoengine.com,2814115035,vendor,$2b$12$HIjpK8vLypU7iUApEuFxoO4LeZLhIyUQ5dJBCXbdsVBBJCBbVcTSG,approved
391,"Pfannerstill, Stoltenberg and Lakin",gharrillau@google.com.br,3297953203,vendor,$2b$12$HIjpK8vLypU7iUApEuFxoO4LeZLhIyUQ5dJBCXbdsVBBJCBbVcTSG,approved
392,"Hills, Labadie and Conroy",cfaldoeav@sakura.ne.jp,2482159530,vendor,$2b$12$HIjpK8vLypU7iUApEuFxoO4LeZLhIyUQ5dJBCXbdsVBBJCBbVcTSG,approved
393,"Kilback, Kiehn and Daugherty",nlutyaw@comsenz.com,5951984937,vendor,$2b$12$HIjpK8vLypU7iUApEuFxoO4LeZLhIyUQ5dJBCXbdsVBBJCBbVcTSG,approved
394,Medhurst-Schiller,gkirmanax@slideshare.net,1541971610,vendor,$2b$12$HIjpK8vLypU7iUApEuFxoO4LeZLhIyUQ5dJBCXbdsVBBJCBbVcTSG,approved
395,"Runolfsdottir, Legros and Grady",acowanay@columbia.edu,2825103296,vendor,$2b$12$HIjpK8vLypU7iUApEuFxoO4LeZLhIyUQ5dJBCXbdsVBBJCBbVcTSG,approved
396,"VonRueden, Ortiz and Borer",ispenclayaz@about.me,1081418764,vendor,$2b$12$HIjpK8vLypU7iUApEuFxoO4LeZLhIyUQ5dJBCXbdsVBBJCBbVcTSG,approved
397,"Lueilwitz, Hayes and Bartoletti",hnewcombb0@discovery.com,6169672489,vendor,$2b$12$HIjpK8vLypU7iUApEuFxoO4LeZLhIyUQ5dJBCXbdsVBBJCBbVcTSG,approved
398,Witting Inc,apoacherb1@themeforest.net,7818104705,vendor,$2b$12$HIjpK8vLypU7iUApEuFxoO4LeZLhIyUQ5dJBCXbdsVBBJCBbVcTSG,approved
399,Pfannerstill-Medhurst,jchiplenb2@economist.com,4552239033,vendor,$2b$12$HIjpK8vLypU7iUApEuFxoO4LeZLhIyUQ5dJBCXbdsVBBJCBbVcTSG,approved
400,"Lynch, Runolfsson and Blanda",gboutellierb3@acquirethisname.com,1719381427,vendor,$2b$12$HIjpK8vLypU7iUApEuFxoO4LeZLhIyUQ5dJBCXbdsVBBJCBbVcTSG,approved
401,Aufderhar LLC,jdymottb4@digg.com,1515583226,vendor,$2b$12$HIjpK8vLypU7iUApEuFxoO4LeZLhIyUQ5dJBCXbdsVBBJCBbVcTSG,approved
402,"Romaguera, Jaskolski and Shields",mhanseb5@so-net.ne.jp,5627513031,vendor,$2b$12$HIjpK8vLypU7iUApEuFxoO4LeZLhIyUQ5dJBCXbdsVBBJCBbVcTSG,approved
403,O'Keefe-Steuber,avonasekb6@dedecms.com,6789589106,vendor,$2b$12$HIjpK8vLypU7iUApEuFxoO4LeZLhIyUQ5dJBCXbdsVBBJCBbVcTSG,approved
404,Weissnat-Bogisich,ibaudouxb7@zdnet.com,2795949317,vendor,$2b$12$HIjpK8vLypU7iUApEuFxoO4LeZLhIyUQ5dJBCXbdsVBBJCBbVcTSG,approved
405,Bradtke LLC,yasquithb8@bloglines.com,1462508077,vendor,$2b$12$HIjpK8vLypU7iUApEuFxoO4LeZLhIyUQ5dJBCXbdsVBBJCBbVcTSG,approved
406,Dickinson and Sons,mshelmardineb9@wordpress.org,9813519568,vendor,$2b$12$HIjpK8vLypU7iUApEuFxoO4LeZLhIyUQ5dJBCXbdsVBBJCBbVcTSG,approved
407,Gulgowski-Wolff,fravensba@phoca.cz,1197506670,vendor,$2b$12$HIjpK8vLypU7iUApEuFxoO4LeZLhIyUQ5dJBCXbdsVBBJCBbVcTSG,approved
408,Towne and Sons,kacremanbb@nyu.edu,7283849745,vendor,$2b$12$HIjpK8vLypU7iUApEuFxoO4LeZLhIyUQ5dJBCXbdsVBBJCBbVcTSG,approved
409,"Moen, Runte and Nienow",bpreistbc@people.com.cn,2181766310,vendor,$2b$12$HIjpK8vLypU7iUApEuFxoO4LeZLhIyUQ5dJBCXbdsVBBJCBbVcTSG,approved
410,Labadie LLC,sbartrapbd@sakura.ne.jp,9127042977,vendor,$2b$12$HIjpK8vLypU7iUApEuFxoO4LeZLhIyUQ5dJBCXbdsVBBJCBbVcTSG,approved
411,Ortiz-Senger,cgriefbe@networkadvertising.org,5291139861,vendor,$2b$12$HIjpK8vLypU7iUApEuFxoO4LeZLhIyUQ5dJBCXbdsVBBJCBbVcTSG,approved
412,Kunze-Wilderman,ragglionebf@technorati.com,1451135946,vendor,$2b$12$HIjpK8vLypU7iUApEuFxoO4LeZLhIyUQ5dJBCXbdsVBBJCBbVcTSG,approved
413,"Schmitt, Sawayn and Beatty",hobeebg@wikimedia.org,9623219235,vendor,$2b$12$HIjpK8vLypU7iUApEuFxoO4LeZLhIyUQ5dJBCXbdsVBBJCBbVcTSG,approved
414,"Collier, Kihn and Rau",pschenfischbh@wordpress.org,2615132825,vendor,$2b$12$HIjpK8vLypU7iUApEuFxoO4LeZLhIyUQ5dJBCXbdsVBBJCBbVcTSG,approved
415,Walsh LLC,nbattersbi@edublogs.org,8664448341,vendor,$2b$12$HIjpK8vLypU7iUApEuFxoO4LeZLhIyUQ5dJBCXbdsVBBJCBbVcTSG,approved
416,Effertz-Hessel,cbesterbj@gov.uk,5374310628,vendor,$2b$12$HIjpK8vLypU7iUApEuFxoO4LeZLhIyUQ5dJBCXbdsVBBJCBbVcTSG,approved
417,"Denesik, Harber and D'Amore",bcorterbk@free.fr,4239553376,vendor,$2b$12$HIjpK8vLypU7iUApEuFxoO4LeZLhIyUQ5dJBCXbdsVBBJCBbVcTSG,approved
418,Goodwin-Wolf,bscoullerbl@wikipedia.org,1992076475,vendor,$2b$12$HIjpK8vLypU7iUApEuFxoO4LeZLhIyUQ5dJBCXbdsVBBJCBbVcTSG,approved
419,Ritchie Inc,ptremathickbm@jugem.jp,5196154576,vendor,$2b$12$HIjpK8vLypU7iUApEuFxoO4LeZLhIyUQ5dJBCXbdsVBBJCBbVcTSG,approved
420,Mosciski-Green,erudsdalebn@instagram.com,8783327334,vendor,$2b$12$HIjpK8vLypU7iUApEuFxoO4LeZLhIyUQ5dJBCXbdsVBBJCBbVcTSG,approved
421,Will-Bergnaum,dperuttobo@archive.org,5448218786,vendor,$2b$12$HIjpK8vLypU7iUApEuFxoO4LeZLhIyUQ5dJBCXbdsVBBJCBbVcTSG,approved
422,Donnelly-Stroman,mpearsonbp@bigcartel.com,1496717588,vendor,$2b$12$HIjpK8vLypU7iUApEuFxoO4LeZLhIyUQ5dJBCXbdsVBBJCBbVcTSG,approved
423,"Abernathy, Yost and Gibson",horwinbq@walmart.com,3807370726,vendor,$2b$12$HIjpK8vLypU7iUApEuFxoO4LeZLhIyUQ5dJBCXbdsVBBJCBbVcTSG,approved
424,"Cremin, Brakus and Ernser",elambellbr@amazon.co.jp,9745262664,vendor,$2b$12$HIjpK8vLypU7iUApEuFxoO4LeZLhIyUQ5dJBCXbdsVBBJCBbVcTSG,approved
425,Schowalter-Strosin,jpettefordbs@senate.gov,3667017721,vendor,$2b$12$HIjpK8vLypU7iUApEuFxoO4LeZLhIyUQ5dJBCXbdsVBBJCBbVcTSG,approved
426,Stoltenberg Group,naloigibt@hexun.com,7554646801,vendor,$2b$12$HIjpK8vLypU7iUApEuFxoO4LeZLhIyUQ5dJBCXbdsVBBJCBbVcTSG,approved
427,"Wilderman, Orn and Weissnat",rhaddletonbu@last.fm,9713527257,vendor,$2b$12$HIjpK8vLypU7iUApEuFxoO4LeZLhIyUQ5dJBCXbdsVBBJCBbVcTSG,approved
428,Roob Inc,bcolicotbv@blog.com,8222249899,vendor,$2b$12$HIjpK8vLypU7iUApEuFxoO4LeZLhIyUQ5dJBCXbdsVBBJCBbVcTSG,approved
429,"MacGyver, Farrell and Turner",lworvillbw@blogspot.com,8637450125,vendor,$2b$12$HIjpK8vLypU7iUApEuFxoO4LeZLhIyUQ5dJBCXbdsVBBJCBbVcTSG,approved
430,Koch-Bins,rhebdenbx@cnbc.com,9941819304,vendor,$2b$12$HIjpK8vLypU7iUApEuFxoO4LeZLhIyUQ5dJBCXbdsVBBJCBbVcTSG,approved
431,Pagac and Sons,nmulqueenyby@vistaprint.com,3818541632,vendor,$2b$12$HIjpK8vLypU7iUApEuFxoO4LeZLhIyUQ5dJBCXbdsVBBJCBbVcTSG,approved
432,"Runolfsson, Runte and Lowe",bpickancebz@ft.com,4651667974,vendor,$2b$12$HIjpK8vLypU7iUApEuFxoO4LeZLhIyUQ5dJBCXbdsVBBJCBbVcTSG,approved
433,"Wiza, Pollich and Marquardt",fbacchusc0@nsw.gov.au,3085013857,vendor,$2b$12$HIjpK8vLypU7iUApEuFxoO4LeZLhIyUQ5dJBCXbdsVBBJCBbVcTSG,approved
434,Dicki-Mayert,ddoorec1@slate.com,2167060537,vendor,$2b$12$HIjpK8vLypU7iUApEuFxoO4LeZLhIyUQ5dJBCXbdsVBBJCBbVcTSG,approved
435,Smitham Group,kdabbesc2@opera.com,9185342820,vendor,$2b$12$HIjpK8vLypU7iUApEuFxoO4LeZLhIyUQ5dJBCXbdsVBBJCBbVcTSG,approved
436,Cruickshank-Trantow,cfewtrellc3@washingtonpost.com,6932275091,vendor,$2b$12$HIjpK8vLypU7iUApEuFxoO4LeZLhIyUQ5dJBCXbdsVBBJCBbVcTSG,approved
437,Leuschke and Sons,jvannozziic4@berkeley.edu,5374029306,vendor,$2b$12$HIjpK8vLypU7iUApEuFxoO4LeZLhIyUQ5dJBCXbdsVBBJCBbVcTSG,approved
438,Watsica-Kuhlman,pmardlingc5@blogspot.com,8854692143,vendor,$2b$12$HIjpK8vLypU7iUApEuFxoO4LeZLhIyUQ5dJBCXbdsVBBJCBbVcTSG,approved
439,Champlin and Sons,ggrindrodc6@guardian.co.uk,1019737712,vendor,$2b$12$HIjpK8vLypU7iUApEuFxoO4LeZLhIyUQ5dJBCXbdsVBBJCBbVcTSG,approved
440,Becker and Sons,gcrownc7@pen.io,5691933001,vendor,$2b$12$HIjpK8vLypU7iUApEuFxoO4LeZLhIyUQ5dJBCXbdsVBBJCBbVcTSG,approved
441,Von Inc,nposthillc8@spotify.com,5791018677,vendor,$2b$12$HIjpK8vLypU7iUApEuFxoO4LeZLhIyUQ5dJBCXbdsVBBJCBbVcTSG,approved
442,Wunsch and Sons,akorbc9@surveymonkey.com,9722591511,vendor,$2b$12$HIjpK8vLypU7iUApEuFxoO4LeZLhIyUQ5dJBCXbdsVBBJCBbVcTSG,approved
443,"Leuschke, Schroeder and Mraz",pflemingca@prnewswire.com,9077706191,vendor,$2b$12$HIjpK8vLypU7iUApEuFxoO4LeZLhIyUQ5dJBCXbdsVBBJCBbVcTSG,approved
444,Sipes-Robel,mhankinscb@1688.com,2646169854,vendor,$2b$12$HIjpK8vLypU7iUApEuFxoO4LeZLhIyUQ5dJBCXbdsVBBJCBbVcTSG,approved
445,Muller-Grant,efotheringhamcc@imdb.com,1325606266,vendor,$2b$12$HIjpK8vLypU7iUApEuFxoO4LeZLhIyUQ5dJBCXbdsVBBJCBbVcTSG,approved
446,Ward-Predovic,blisciandrocd@nih.gov,3526917147,vendor,$2b$12$HIjpK8vLypU7iUApEuFxoO4LeZLhIyUQ5dJBCXbdsVBBJCBbVcTSG,approved
447,Dare LLC,bmacshiriece@opensource.org,1474806467,vendor,$2b$12$HIjpK8vLypU7iUApEuFxoO4LeZLhIyUQ5dJBCXbdsVBBJCBbVcTSG,approved
448,Emard-Howell,kratecf@theglobeandmail.com,4045819956,vendor,$2b$12$HIjpK8vLypU7iUApEuFxoO4LeZLhIyUQ5dJBCXbdsVBBJCBbVcTSG,approved
449,Nader Group,cspaincg@so-net.ne.jp,9708301658,vendor,$2b$12$HIjpK8vLypU7iUApEuFxoO4LeZLhIyUQ5dJBCXbdsVBBJCBbVcTSG,approved
450,Towne-Pacocha,edevinech@princeton.edu,5794833426,vendor,$2b$12$HIjpK8vLypU7iUApEuFxoO4LeZLhIyUQ5dJBCXbdsVBBJCBbVcTSG,approved
451,Emmerich Group,mramageci@sina.com.cn,2448630231,vendor,$2b$12$HIjpK8vLypU7iUApEuFxoO4LeZLhIyUQ5dJBCXbdsVBBJCBbVcTSG,approved
452,Schaefer-Doyle,kcrunkhorncj@sciencedaily.com,6359899205,vendor,$2b$12$HIjpK8vLypU7iUApEuFxoO4LeZLhIyUQ5dJBCXbdsVBBJCBbVcTSG,approved
453,"Prosacco, Beatty and Terry",tlyvonck@sciencedirect.com,8772181123,vendor,$2b$12$HIjpK8vLypU7iUApEuFxoO4LeZLhIyUQ5dJBCXbdsVBBJCBbVcTSG,approved
454,Treutel Inc,hseedmancl@ucsd.edu,7476193317,vendor,$2b$12$HIjpK8vLypU7iUApEuFxoO4LeZLhIyUQ5dJBCXbdsVBBJCBbVcTSG,approved
455,"Gleason, Okuneva and Shanahan",jmcclarencecm@columbia.edu,3272672930,vendor,$2b$12$HIjpK8vLypU7iUApEuFxoO4LeZLhIyUQ5dJBCXbdsVBBJCBbVcTSG,approved
456,"Schamberger, MacGyver and Kertzmann",ddartcn@clickbank.net,3933003367,vendor,$2b$12$HIjpK8vLypU7iUApEuFxoO4LeZLhIyUQ5dJBCXbdsVBBJCBbVcTSG,approved
457,Homenick Inc,achopinco@ted.com,6071051218,vendor,$2b$12$HIjpK8vLypU7iUApEuFxoO4LeZLhIyUQ5dJBCXbdsVBBJCBbVcTSG,approved
458,"Tillman, Hackett and Hessel",agrattoncp@gnu.org,2889307121,vendor,$2b$12$HIjpK8vLypU7iUApEuFxoO4LeZLhIyUQ5dJBCXbdsVBBJCBbVcTSG,approved
459,Sawayn-Moen,bgustickecq@latimes.com,8886265061,vendor,$2b$12$HIjpK8vLypU7iUApEuFxoO4LeZLhIyUQ5dJBCXbdsVBBJCBbVcTSG,approved
460,"Heathcote, Keeling and Jast",smartinovskycr@macromedia.com,9349533143,vendor,$2b$12$HIjpK8vLypU7iUApEuFxoO4LeZLhIyUQ5dJBCXbdsVBBJCBbVcTSG,approved
461,Runolfsson Inc,emallabycs@sciencedaily.com,4949711598,vendor,$2b$12$HIjpK8vLypU7iUApEuFxoO4LeZLhIyUQ5dJBCXbdsVBBJCBbVcTSG,approved
462,"Tremblay, Nicolas and Hodkiewicz",mbargect@cargocollective.com,8481350860,vendor,$2b$12$HIjpK8vLypU7iUApEuFxoO4LeZLhIyUQ5dJBCXbdsVBBJCBbVcTSG,approved
463,"Kertzmann, Abernathy and Leannon",blilioncu@slideshare.net,7095616012,vendor,$2b$12$HIjpK8vLypU7iUApEuFxoO4LeZLhIyUQ5dJBCXbdsVBBJCBbVcTSG,approved
464,Hahn-Stracke,ksaunderscv@discovery.com,5066974259,vendor,$2b$12$HIjpK8vLypU7iUApEuFxoO4LeZLhIyUQ5dJBCXbdsVBBJCBbVcTSG,approved
465,"Bernhard, Quitzon and Schultz",gburnappcw@google.ca,6557817521,vendor,$2b$12$HIjpK8vLypU7iUApEuFxoO4LeZLhIyUQ5dJBCXbdsVBBJCBbVcTSG,approved
466,Hackett Group,vfeldmuscx@arizona.edu,1316604828,vendor,$2b$12$HIjpK8vLypU7iUApEuFxoO4LeZLhIyUQ5dJBCXbdsVBBJCBbVcTSG,approved
467,"Powlowski, Farrell and Walker",lkennioncy@china.com.cn,9428593409,vendor,$2b$12$HIjpK8vLypU7iUApEuFxoO4LeZLhIyUQ5dJBCXbdsVBBJCBbVcTSG,approved
468,"Mayert, Sanford and Ledner",mfairbracecz@myspace.com,9584270908,vendor,$2b$12$HIjpK8vLypU7iUApEuFxoO4LeZLhIyUQ5dJBCXbdsVBBJCBbVcTSG,approved
469,Ritchie-Haley,jneisingd0@rambler.ru,5274747831,vendor,$2b$12$HIjpK8vLypU7iUApEuFxoO4LeZLhIyUQ5dJBCXbdsVBBJCBbVcTSG,approved
470,Koelpin LLC,ffyalld1@deliciousdays.com,9401925651,vendor,$2b$12$HIjpK8vLypU7iUApEuFxoO4LeZLhIyUQ5dJBCXbdsVBBJCBbVcTSG,approved
471,"Bode, Mohr and Mann",bfolshomd2@europa.eu,8716392117,vendor,$2b$12$HIjpK8vLypU7iUApEuFxoO4LeZLhIyUQ5dJBCXbdsVBBJCBbVcTSG,approved
472,Bruen-Torphy,heffemyd3@opera.com,7516886275,vendor,$2b$12$HIjpK8vLypU7iUApEuFxoO4LeZLhIyUQ5dJBCXbdsVBBJCBbVcTSG,approved
473,Bernier-Luettgen,agasparrod4@samsung.com,9396821095,vendor,$2b$12$HIjpK8vLypU7iUApEuFxoO4LeZLhIyUQ5dJBCXbdsVBBJCBbVcTSG,approved
474,Jerde-Ryan,valdind5@networksolutions.com,5824000675,vendor,$2b$12$HIjpK8vLypU7iUApEuFxoO4LeZLhIyUQ5dJBCXbdsVBBJCBbVcTSG,approved
475,Klein-O'Connell,egaunsond6@yelp.com,8282673614,vendor,$2b$12$HIjpK8vLypU7iUApEuFxoO4LeZLhIyUQ5dJBCXbdsVBBJCBbVcTSG,approved
476,Thiel-Abbott,cwadsworthd7@pbs.org,3738385264,vendor,$2b$12$HIjpK8vLypU7iUApEuFxoO4LeZLhIyUQ5dJBCXbdsVBBJCBbVcTSG,approved
477,"Windler, Langosh and Hamill",ibroseked8@naver.com,4333327196,vendor,$2b$12$HIjpK8vLypU7iUApEuFxoO4LeZLhIyUQ5dJBCXbdsVBBJCBbVcTSG,approved
478,"Barrows, Kunze and Stracke",epepperdd9@gov.uk,2623740154,vendor,$2b$12$HIjpK8vLypU7iUApEuFxoO4LeZLhIyUQ5dJBCXbdsVBBJCBbVcTSG,approved
479,"Miller, Christiansen and Gorczany",kdefriesda@woothemes.com,1668057191,vendor,$2b$12$HIjpK8vLypU7iUApEuFxoO4LeZLhIyUQ5dJBCXbdsVBBJCBbVcTSG,approved
480,Rolfson-Fisher,hsalandb@businesswire.com,6204480302,vendor,$2b$12$HIjpK8vLypU7iUApEuFxoO4LeZLhIyUQ5dJBCXbdsVBBJCBbVcTSG,approved
481,"Jast, Greenfelder and Runolfsdottir",bharbererdc@pcworld.com,4634462984,vendor,$2b$12$HIjpK8vLypU7iUApEuFxoO4LeZLhIyUQ5dJBCXbdsVBBJCBbVcTSG,approved
482,Grimes and Sons,hspringdd@techcrunch.com,8847480815,vendor,$2b$12$HIjpK8vLypU7iUApEuFxoO4LeZLhIyUQ5dJBCXbdsVBBJCBbVcTSG,approved
483,Satterfield and Sons,cbridsonde@tiny.cc,9768497307,vendor,$2b$12$HIjpK8vLypU7iUApEuFxoO4LeZLhIyUQ5dJBCXbdsVBBJCBbVcTSG,approved
484,Deckow-Boehm,llapidesdf@a8.net,7554381871,vendor,$2b$12$HIjpK8vLypU7iUApEuFxoO4LeZLhIyUQ5dJBCXbdsVBBJCBbVcTSG,approved
485,Schmitt-Steuber,igresswelldg@unicef.org,8354732438,vendor,$2b$12$HIjpK8vLypU7iUApEuFxoO4LeZLhIyUQ5dJBCXbdsVBBJCBbVcTSG,approved
486,Paucek-Stokes,vcrookshankdh@nymag.com,7941022749,vendor,$2b$12$HIjpK8vLypU7iUApEuFxoO4LeZLhIyUQ5dJBCXbdsVBBJCBbVcTSG,approved
487,"Haag, Larson and Satterfield",odedhamdi@nyu.edu,8204163127,vendor,$2b$12$HIjpK8vLypU7iUApEuFxoO4LeZLhIyUQ5dJBCXbdsVBBJCBbVcTSG,approved
488,Watsica LLC,frideoutdj@dyndns.org,9367326452,vendor,$2b$12$HIjpK8vLypU7iUApEuFxoO4LeZLhIyUQ5dJBCXbdsVBBJCBbVcTSG,approved
489,King Group,jaludk@wix.com,8137918391,vendor,$2b$12$HIjpK8vLypU7iUApEuFxoO4LeZLhIyUQ5dJBCXbdsVBBJCBbVcTSG,approved
490,Lynch Group,omennithorpdl@phpbb.com,2416102688,vendor,$2b$12$HIjpK8vLypU7iUApEuFxoO4LeZLhIyUQ5dJBCXbdsVBBJCBbVcTSG,approved
491,"Casper, Kuhlman and Balistreri",pdewidm@umich.edu,8934434625,vendor,$2b$12$HIjpK8vLypU7iUApEuFxoO4LeZLhIyUQ5dJBCXbdsVBBJCBbVcTSG,approved
492,Baumbach-Gleichner,dpinnigardn@wunderground.com,3152366686,vendor,$2b$12$HIjpK8vLypU7iUApEuFxoO4LeZLhIyUQ5dJBCXbdsVBBJCBbVcTSG,approved
493,"Greenholt, Beier and Metz",ntimmonsdo@usda.gov,1416047472,vendor,$2b$12$HIjpK8vLypU7iUApEuFxoO4LeZLhIyUQ5dJBCXbdsVBBJCBbVcTSG,approved
494,"Dickens, Hickle and Raynor",mcandishdp@ibm.com,7041760769,vendor,$2b$12$HIjpK8vLypU7iUApEuFxoO4LeZLhIyUQ5dJBCXbdsVBBJCBbVcTSG,approved
495,"Tillman, Pfannerstill and Koch",dcrunkhurndq@wikipedia.org,3291725277,vendor,$2b$12$HIjpK8vLypU7iUApEuFxoO4LeZLhIyUQ5dJBCXbdsVBBJCBbVcTSG,approved
496,Bruen LLC,bganiforddr@zdnet.com,5831954831,vendor,$2b$12$HIjpK8vLypU7iUApEuFxoO4LeZLhIyUQ5dJBCXbdsVBBJCBbVcTSG,approved
497,"Rau, Farrell and Johnson",blohrensends@163.com,2367157390,vendor,$2b$12$HIjpK8vLypU7iUApEuFxoO4LeZLhIyUQ5dJBCXbdsVBBJCBbVcTSG,approved
498,"McKenzie, Rogahn and Ryan",kcanbydt@google.ca,9222714588,vendor,$2b$12$HIjpK8vLypU7iUApEuFxoO4LeZLhIyUQ5dJBCXbdsVBBJCBbVcTSG,approved
499,"Klein, Nader and Gutmann",mcahalindu@ovh.net,4407227851,vendor,$2b$12$HIjpK8vLypU7iUApEuFxoO4LeZLhIyUQ5dJBCXbdsVBBJCBbVcTSG,approved
500,O'Kon-Runolfsdottir,rsellorsdv@usatoday.com,6468385132,vendor,$2b$12$HIjpK8vLypU7iUApEuFxoO4LeZLhIyUQ5dJBCXbdsVBBJCBbVcTSG,approved
501,Streich Inc,strevilliondw@spiegel.de,9171619865,vendor,$2b$12$HIjpK8vLypU7iUApEuFxoO4LeZLhIyUQ5dJBCXbdsVBBJCBbVcTSG,approved
502,Grimes-Thiel,bwhyliedx@timesonline.co.uk,6868403429,vendor,$2b$12$HIjpK8vLypU7iUApEuFxoO4LeZLhIyUQ5dJBCXbdsVBBJCBbVcTSG,approved
503,"Kuhlman, Friesen and Stracke",jmcclintondy@forbes.com,6378989549,vendor,$2b$12$HIjpK8vLypU7iUApEuFxoO4LeZLhIyUQ5dJBCXbdsVBBJCBbVcTSG,approved
504,Herman LLC,cvannedz@wp.com,9235153527,vendor,$2b$12$HIjpK8vLypU7iUApEuFxoO4LeZLhIyUQ5dJBCXbdsVBBJCBbVcTSG,approved
505,Konopelski-Franecki,ggevere0@intel.com,4603823373,vendor,$2b$12$HIjpK8vLypU7iUApEuFxoO4LeZLhIyUQ5dJBCXbdsVBBJCBbVcTSG,approved
506,Ferry and Sons,vmortene1@cbslocal.com,3812578708,vendor,$2b$12$HIjpK8vLypU7iUApEuFxoO4LeZLhIyUQ5dJBCXbdsVBBJCBbVcTSG,approved
507,Goldner-Shanahan,vivanenkoe2@go.com,3113178803,vendor,$2b$12$HIjpK8vLypU7iUApEuFxoO4LeZLhIyUQ5dJBCXbdsVBBJCBbVcTSG,approved
508,"Gislason, Doyle and Kassulke",sjiroudeke3@addtoany.com,1471349862,vendor,$2b$12$HIjpK8vLypU7iUApEuFxoO4LeZLhIyUQ5dJBCXbdsVBBJCBbVcTSG,approved
509,"Lueilwitz, Hackett and Daugherty",alambise4@so-net.ne.jp,4616815269,vendor,$2b$12$HIjpK8vLypU7iUApEuFxoO4LeZLhIyUQ5dJBCXbdsVBBJCBbVcTSG,approved
510,Becker-Miller,mcrosscombee5@istockphoto.com,9988604579,vendor,$2b$12$HIjpK8vLypU7iUApEuFxoO4LeZLhIyUQ5dJBCXbdsVBBJCBbVcTSG,approved
511,O'Reilly-Howe,ggilstine6@mapquest.com,4998921272,vendor,$2b$12$HIjpK8vLypU7iUApEuFxoO4LeZLhIyUQ5dJBCXbdsVBBJCBbVcTSG,approved
512,Kub LLC,mpennellse7@elpais.com,7904189213,vendor,$2b$12$HIjpK8vLypU7iUApEuFxoO4LeZLhIyUQ5dJBCXbdsVBBJCBbVcTSG,approved
513,Hoeger-Braun,ieddicotte8@github.io,1416401355,vendor,$2b$12$HIjpK8vLypU7iUApEuFxoO4LeZLhIyUQ5dJBCXbdsVBBJCBbVcTSG,approved
514,Hermiston LLC,dmccastere9@feedburner.com,5678058084,vendor,$2b$12$HIjpK8vLypU7iUApEuFxoO4LeZLhIyUQ5dJBCXbdsVBBJCBbVcTSG,approved
515,Terry Group,ajaanea@slideshare.net,2826942461,vendor,$2b$12$HIjpK8vLypU7iUApEuFxoO4LeZLhIyUQ5dJBCXbdsVBBJCBbVcTSG,approved
516,"Gleichner, Wilderman and Lowe",mhallaseb@rakuten.co.jp,5931731947,vendor,$2b$12$HIjpK8vLypU7iUApEuFxoO4LeZLhIyUQ5dJBCXbdsVBBJCBbVcTSG,approved
517,"Feil, Schneider and Medhurst",opercifullec@jigsy.com,2424393603,vendor,$2b$12$HIjpK8vLypU7iUApEuFxoO4LeZLhIyUQ5dJBCXbdsVBBJCBbVcTSG,approved
518,"Vandervort, Baumbach and Crist",eromeufed@51.la,3295499900,vendor,$2b$12$HIjpK8vLypU7iUApEuFxoO4LeZLhIyUQ5dJBCXbdsVBBJCBbVcTSG,approved
519,"Graham, Wolf and Pollich",hsilverstoneee@ca.gov,4952139475,vendor,$2b$12$HIjpK8vLypU7iUApEuFxoO4LeZLhIyUQ5dJBCXbdsVBBJCBbVcTSG,approved
520,Emard Group,zcranefieldef@globo.com,9875633069,vendor,$2b$12$HIjpK8vLypU7iUApEuFxoO4LeZLhIyUQ5dJBCXbdsVBBJCBbVcTSG,approved
521,Heaney-Bayer,fbassameg@purevolume.com,2356501138,vendor,$2b$12$HIjpK8vLypU7iUApEuFxoO4LeZLhIyUQ5dJBCXbdsVBBJCBbVcTSG,approved
522,Casper-McDermott,lveldeh@bloglovin.com,3672610566,vendor,$2b$12$HIjpK8vLypU7iUApEuFxoO4LeZLhIyUQ5dJBCXbdsVBBJCBbVcTSG,approved
523,"Hodkiewicz, Swaniawski and Mueller",ecuddei@digg.com,9623600683,vendor,$2b$12$HIjpK8vLypU7iUApEuFxoO4LeZLhIyUQ5dJBCXbdsVBBJCBbVcTSG,approved
524,Boyle-Kuhn,mpretoej@state.gov,1286525618,vendor,$2b$12$HIjpK8vLypU7iUApEuFxoO4LeZLhIyUQ5dJBCXbdsVBBJCBbVcTSG,approved
525,Hyatt-Kertzmann,dwhitecrossek@state.gov,1986884219,vendor,$2b$12$HIjpK8vLypU7iUApEuFxoO4LeZLhIyUQ5dJBCXbdsVBBJCBbVcTSG,approved
526,Greenfelder and Sons,knewsonel@godaddy.com,9014991947,vendor,$2b$12$HIjpK8vLypU7iUApEuFxoO4LeZLhIyUQ5dJBCXbdsVBBJCBbVcTSG,approved
527,"Prohaska, Bode and Welch",omaccrackenem@harvard.edu,1213493554,vendor,$2b$12$HIjpK8vLypU7iUApEuFxoO4LeZLhIyUQ5dJBCXbdsVBBJCBbVcTSG,approved
528,Frami Group,sjuggingen@bloglovin.com,8287390757,vendor,$2b$12$HIjpK8vLypU7iUApEuFxoO4LeZLhIyUQ5dJBCXbdsVBBJCBbVcTSG,approved
529,Stracke-Grimes,aedworthyeeo@cafepress.com,6967683563,vendor,$2b$12$HIjpK8vLypU7iUApEuFxoO4LeZLhIyUQ5dJBCXbdsVBBJCBbVcTSG,approved
530,"Hyatt, O'Keefe and Gerlach",nnoakesep@aol.com,5229932503,vendor,$2b$12$HIjpK8vLypU7iUApEuFxoO4LeZLhIyUQ5dJBCXbdsVBBJCBbVcTSG,approved
531,Bruen-Reichert,echivertoneq@gizmodo.com,5204304398,vendor,$2b$12$HIjpK8vLypU7iUApEuFxoO4LeZLhIyUQ5dJBCXbdsVBBJCBbVcTSG,approved
532,Nikolaus LLC,wgladweller@dagondesign.com,3721246024,vendor,$2b$12$HIjpK8vLypU7iUApEuFxoO4LeZLhIyUQ5dJBCXbdsVBBJCBbVcTSG,approved
533,O'Keefe-Bernier,kadanes@artisteer.com,3162834032,vendor,$2b$12$HIjpK8vLypU7iUApEuFxoO4LeZLhIyUQ5dJBCXbdsVBBJCBbVcTSG,approved
534,Hilll-O'Reilly,ehammet@redcross.org,1569978071,vendor,$2b$12$HIjpK8vLypU7iUApEuFxoO4LeZLhIyUQ5dJBCXbdsVBBJCBbVcTSG,approved
535,Emmerich Inc,ctudgeeu@slashdot.org,8335956277,vendor,$2b$12$HIjpK8vLypU7iUApEuFxoO4LeZLhIyUQ5dJBCXbdsVBBJCBbVcTSG,approved
536,"Walker, Nienow and DuBuque",esteptowev@indiatimes.com,4675826868,vendor,$2b$12$HIjpK8vLypU7iUApEuFxoO4LeZLhIyUQ5dJBCXbdsVBBJCBbVcTSG,approved
537,"Sipes, Hane and Nader",csaltew@histats.com,2308245039,vendor,$2b$12$HIjpK8vLypU7iUApEuFxoO4LeZLhIyUQ5dJBCXbdsVBBJCBbVcTSG,approved
538,Doyle Inc,dofficerex@canalblog.com,9527483415,vendor,$2b$12$HIjpK8vLypU7iUApEuFxoO4LeZLhIyUQ5dJBCXbdsVBBJCBbVcTSG,approved
539,"Collins, Reichert and O'Hara",cwarbysey@de.vu,6691063385,vendor,$2b$12$HIjpK8vLypU7iUApEuFxoO4LeZLhIyUQ5dJBCXbdsVBBJCBbVcTSG,approved
540,"Jacobi, Greenfelder and Pagac",fkennefordez@uol.com.br,6571268423,vendor,$2b$12$HIjpK8vLypU7iUApEuFxoO4LeZLhIyUQ5dJBCXbdsVBBJCBbVcTSG,approved
541,"Green, Lindgren and Block",chonackf0@google.com.br,1389064634,vendor,$2b$12$HIjpK8vLypU7iUApEuFxoO4LeZLhIyUQ5dJBCXbdsVBBJCBbVcTSG,approved
542,Bechtelar Inc,mpickersailf1@webs.com,6151247081,vendor,$2b$12$HIjpK8vLypU7iUApEuFxoO4LeZLhIyUQ5dJBCXbdsVBBJCBbVcTSG,approved
543,Goyette-Schowalter,bclaesensf2@upenn.edu,2037746408,vendor,$2b$12$HIjpK8vLypU7iUApEuFxoO4LeZLhIyUQ5dJBCXbdsVBBJCBbVcTSG,approved
544,Gleason Group,dferridayf3@privacy.gov.au,9731002183,vendor,$2b$12$HIjpK8vLypU7iUApEuFxoO4LeZLhIyUQ5dJBCXbdsVBBJCBbVcTSG,approved
545,Boehm-Bayer,maizikovf4@webnode.com,7206178919,vendor,$2b$12$HIjpK8vLypU7iUApEuFxoO4LeZLhIyUQ5dJBCXbdsVBBJCBbVcTSG,approved
546,"Haag, Lubowitz and Ritchie",mmallabarf5@ucoz.com,6881860858,vendor,$2b$12$HIjpK8vLypU7iUApEuFxoO4LeZLhIyUQ5dJBCXbdsVBBJCBbVcTSG,approved
547,"Romaguera, Rempel and Ledner",abellenyf6@tripod.com,1064634861,vendor,$2b$12$HIjpK8vLypU7iUApEuFxoO4LeZLhIyUQ5dJBCXbdsVBBJCBbVcTSG,approved
548,Cremin Group,ahargf7@cbsnews.com,3901559301,vendor,$2b$12$HIjpK8vLypU7iUApEuFxoO4LeZLhIyUQ5dJBCXbdsVBBJCBbVcTSG,approved
549,Wiza-Goodwin,kgowansonf8@baidu.com,2463170800,vendor,$2b$12$HIjpK8vLypU7iUApEuFxoO4LeZLhIyUQ5dJBCXbdsVBBJCBbVcTSG,approved
550,Orn-Roob,memeneyf9@economist.com,1221497442,vendor,$2b$12$HIjpK8vLypU7iUApEuFxoO4LeZLhIyUQ5dJBCXbdsVBBJCBbVcTSG,approved
551,Borer-Koch,solagenfa@sun.com,7842527989,vendor,$2b$12$HIjpK8vLypU7iUApEuFxoO4LeZLhIyUQ5dJBCXbdsVBBJCBbVcTSG,approved
552,Daniel Inc,emccrackenfb@yolasite.com,8865334653,vendor,$2b$12$HIjpK8vLypU7iUApEuFxoO4LeZLhIyUQ5dJBCXbdsVBBJCBbVcTSG,approved
553,Medhurst and Sons,lbarffordfc@photobucket.com,5473724224,vendor,$2b$12$HIjpK8vLypU7iUApEuFxoO4LeZLhIyUQ5dJBCXbdsVBBJCBbVcTSG,approved
554,Thompson-Kirlin,fmasonfd@instagram.com,4818783634,vendor,$2b$12$HIjpK8vLypU7iUApEuFxoO4LeZLhIyUQ5dJBCXbdsVBBJCBbVcTSG,approved
555,Howell Group,kcolbertfe@utexas.edu,4105682255,vendor,$2b$12$HIjpK8vLypU7iUApEuFxoO4LeZLhIyUQ5dJBCXbdsVBBJCBbVcTSG,approved
556,Harris-Donnelly,jroscoeff@rambler.ru,3908789147,vendor,$2b$12$HIjpK8vLypU7iUApEuFxoO4LeZLhIyUQ5dJBCXbdsVBBJCBbVcTSG,approved
557,"Ruecker, Veum and Sawayn",bbanfieldfg@edublogs.org,2641500477,vendor,$2b$12$HIjpK8vLypU7iUApEuFxoO4LeZLhIyUQ5dJBCXbdsVBBJCBbVcTSG,approved
558,"Wilkinson, Dietrich and Kub",cheinekenfh@elpais.com,2239498601,vendor,$2b$12$HIjpK8vLypU7iUApEuFxoO4LeZLhIyUQ5dJBCXbdsVBBJCBbVcTSG,approved
559,"Hyatt, Veum and Bashirian",dwisefi@networksolutions.com,1306489814,vendor,$2b$12$HIjpK8vLypU7iUApEuFxoO4LeZLhIyUQ5dJBCXbdsVBBJCBbVcTSG,approved
560,Jones-Becker,mborleasefj@cafepress.com,4373821089,vendor,$2b$12$HIjpK8vLypU7iUApEuFxoO4LeZLhIyUQ5dJBCXbdsVBBJCBbVcTSG,approved
561,Mante and Sons,lchittemfk@histats.com,6308253454,vendor,$2b$12$HIjpK8vLypU7iUApEuFxoO4LeZLhIyUQ5dJBCXbdsVBBJCBbVcTSG,approved
562,"Bergstrom, Bruen and Cartwright",jtottmanfl@mayoclinic.com,8088410681,vendor,$2b$12$HIjpK8vLypU7iUApEuFxoO4LeZLhIyUQ5dJBCXbdsVBBJCBbVcTSG,approved
563,Schamberger LLC,ttownsonfm@scientificamerican.com,9791282596,vendor,$2b$12$HIjpK8vLypU7iUApEuFxoO4LeZLhIyUQ5dJBCXbdsVBBJCBbVcTSG,approved
564,"Lehner, Ruecker and VonRueden",tstarcksfn@msn.com,9405566176,vendor,$2b$12$HIjpK8vLypU7iUApEuFxoO4LeZLhIyUQ5dJBCXbdsVBBJCBbVcTSG,approved
565,"Deckow, Altenwerth and Gorczany",bquantickfo@ovh.net,6716237374,vendor,$2b$12$HIjpK8vLypU7iUApEuFxoO4LeZLhIyUQ5dJBCXbdsVBBJCBbVcTSG,approved
566,Reichel-Rippin,yburnsydefp@amazon.co.uk,3384920736,vendor,$2b$12$HIjpK8vLypU7iUApEuFxoO4LeZLhIyUQ5dJBCXbdsVBBJCBbVcTSG,approved
567,Doyle-Hyatt,nsmithemanfq@harvard.edu,6544867307,vendor,$2b$12$HIjpK8vLypU7iUApEuFxoO4LeZLhIyUQ5dJBCXbdsVBBJCBbVcTSG,approved
568,Douglas-Erdman,dleavoldfr@surveymonkey.com,2895180317,vendor,$2b$12$HIjpK8vLypU7iUApEuFxoO4LeZLhIyUQ5dJBCXbdsVBBJCBbVcTSG,approved
569,Pacocha-Kuphal,mchatenetfs@marketwatch.com,1735045998,vendor,$2b$12$HIjpK8vLypU7iUApEuFxoO4LeZLhIyUQ5dJBCXbdsVBBJCBbVcTSG,approved
570,"Schaefer, Sauer and Flatley",araubenheimft@youku.com,8216347323,vendor,$2b$12$HIjpK8vLypU7iUApEuFxoO4LeZLhIyUQ5dJBCXbdsVBBJCBbVcTSG,approved
571,"Green, Bailey and Gutmann",preochfu@reddit.com,7809064205,vendor,$2b$12$HIjpK8vLypU7iUApEuFxoO4LeZLhIyUQ5dJBCXbdsVBBJCBbVcTSG,approved
572,Denesik-Cruickshank,gcalamfv@dion.ne.jp,1257700739,vendor,$2b$12$HIjpK8vLypU7iUApEuFxoO4LeZLhIyUQ5dJBCXbdsVBBJCBbVcTSG,approved
573,Zulauf-Sawayn,gmadelinfw@tuttocitta.it,9286948692,vendor,$2b$12$HIjpK8vLypU7iUApEuFxoO4LeZLhIyUQ5dJBCXbdsVBBJCBbVcTSG,approved
574,Ratke-Reichert,dchatfx@tripod.com,4306425828,vendor,$2b$12$HIjpK8vLypU7iUApEuFxoO4LeZLhIyUQ5dJBCXbdsVBBJCBbVcTSG,approved
575,Hessel Inc,tblumsonfy@geocities.jp,1023094344,vendor,$2b$12$HIjpK8vLypU7iUApEuFxoO4LeZLhIyUQ5dJBCXbdsVBBJCBbVcTSG,approved
576,"DuBuque, Denesik and Halvorson",bboughtflowerfz@icio.us,9334129321,vendor,$2b$12$HIjpK8vLypU7iUApEuFxoO4LeZLhIyUQ5dJBCXbdsVBBJCBbVcTSG,approved
577,Fay-Crist,felksg0@dot.gov,8184771135,vendor,$2b$12$HIjpK8vLypU7iUApEuFxoO4LeZLhIyUQ5dJBCXbdsVBBJCBbVcTSG,approved
578,"Klein, Cummerata and Christiansen",mcarreckg1@oaic.gov.au,6321891035,vendor,$2b$12$HIjpK8vLypU7iUApEuFxoO4LeZLhIyUQ5dJBCXbdsVBBJCBbVcTSG,approved
579,"Lockman, Waters and Bins",wcampag2@posterous.com,7528991890,vendor,$2b$12$HIjpK8vLypU7iUApEuFxoO4LeZLhIyUQ5dJBCXbdsVBBJCBbVcTSG,approved
580,Sanford Group,lallibong3@earthlink.net,9071169781,vendor,$2b$12$HIjpK8vLypU7iUApEuFxoO4LeZLhIyUQ5dJBCXbdsVBBJCBbVcTSG,approved
581,Cormier LLC,wmasdeng4@bbc.co.uk,3704844855,vendor,$2b$12$HIjpK8vLypU7iUApEuFxoO4LeZLhIyUQ5dJBCXbdsVBBJCBbVcTSG,approved
582,Zboncak-Dickens,lfootg5@omniture.com,6537276959,vendor,$2b$12$HIjpK8vLypU7iUApEuFxoO4LeZLhIyUQ5dJBCXbdsVBBJCBbVcTSG,approved
583,Schinner-Murphy,akempsong6@uol.com.br,4362088688,vendor,$2b$12$HIjpK8vLypU7iUApEuFxoO4LeZLhIyUQ5dJBCXbdsVBBJCBbVcTSG,approved
584,Conn Inc,aebertsg7@slideshare.net,6386510538,vendor,$2b$12$HIjpK8vLypU7iUApEuFxoO4LeZLhIyUQ5dJBCXbdsVBBJCBbVcTSG,approved
585,Armstrong-Kuvalis,oioselevg8@people.com.cn,9083116580,vendor,$2b$12$HIjpK8vLypU7iUApEuFxoO4LeZLhIyUQ5dJBCXbdsVBBJCBbVcTSG,approved
586,"Skiles, Orn and Ritchie",cteekg9@cpanel.net,5099347753,vendor,$2b$12$HIjpK8vLypU7iUApEuFxoO4LeZLhIyUQ5dJBCXbdsVBBJCBbVcTSG,approved
587,Volkman LLC,paldousga@virginia.edu,5907016008,vendor,$2b$12$HIjpK8vLypU7iUApEuFxoO4LeZLhIyUQ5dJBCXbdsVBBJCBbVcTSG,approved
588,"Cole, Kling and Walsh",sclausengb@google.ru,9202038858,vendor,$2b$12$HIjpK8vLypU7iUApEuFxoO4LeZLhIyUQ5dJBCXbdsVBBJCBbVcTSG,approved
589,"Lakin, Murray and Sipes",adirkingc@hp.com,9204078242,vendor,$2b$12$HIjpK8vLypU7iUApEuFxoO4LeZLhIyUQ5dJBCXbdsVBBJCBbVcTSG,approved
590,"Keeling, Ruecker and Cormier",cbadergd@sourceforge.net,9618746889,vendor,$2b$12$HIjpK8vLypU7iUApEuFxoO4LeZLhIyUQ5dJBCXbdsVBBJCBbVcTSG,approved
591,Schroeder Inc,cfonteynege@state.tx.us,6868390863,vendor,$2b$12$HIjpK8vLypU7iUApEuFxoO4LeZLhIyUQ5dJBCXbdsVBBJCBbVcTSG,approved
592,Homenick-Cartwright,farrowsmithgf@nbcnews.com,9844708870,vendor,$2b$12$HIjpK8vLypU7iUApEuFxoO4LeZLhIyUQ5dJBCXbdsVBBJCBbVcTSG,approved
593,Brekke-Bashirian,bnowellgg@phoca.cz,3203164206,vendor,$2b$12$HIjpK8vLypU7iUApEuFxoO4LeZLhIyUQ5dJBCXbdsVBBJCBbVcTSG,approved
594,Haley Inc,ocaccavarigh@issuu.com,9809285893,vendor,$2b$12$HIjpK8vLypU7iUApEuFxoO4LeZLhIyUQ5dJBCXbdsVBBJCBbVcTSG,approved
595,Jaskolski-Brekke,ccallejagi@usnews.com,9002072353,vendor,$2b$12$HIjpK8vLypU7iUApEuFxoO4LeZLhIyUQ5dJBCXbdsVBBJCBbVcTSG,approved
596,Robel Group,lplastowgj@microsoft.com,2961634828,vendor,$2b$12$HIjpK8vLypU7iUApEuFxoO4LeZLhIyUQ5dJBCXbdsVBBJCBbVcTSG,approved
597,Legros and Sons,broylegk@is.gd,7138511690,vendor,$2b$12$HIjpK8vLypU7iUApEuFxoO4LeZLhIyUQ5dJBCXbdsVBBJCBbVcTSG,approved
598,Rohan-Effertz,pingarfillgl@privacy.gov.au,5492136169,vendor,$2b$12$HIjpK8vLypU7iUApEuFxoO4LeZLhIyUQ5dJBCXbdsVBBJCBbVcTSG,approved
599,Stroman Group,rrowlandsgm@yale.edu,1213415609,vendor,$2b$12$HIjpK8vLypU7iUApEuFxoO4LeZLhIyUQ5dJBCXbdsVBBJCBbVcTSG,approved
600,Beier LLC,tpolkinhorngn@craigslist.org,1654410877,vendor,$2b$12$HIjpK8vLypU7iUApEuFxoO4LeZLhIyUQ5dJBCXbdsVBBJCBbVcTSG,approved
601,"Frami, Tremblay and Moen",nlongsongo@delicious.com,2886348898,vendor,$2b$12$HIjpK8vLypU7iUApEuFxoO4LeZLhIyUQ5dJBCXbdsVBBJCBbVcTSG,approved
602,Hettinger-Turcotte,sdangerfieldgp@kickstarter.com,5559326489,vendor,$2b$12$HIjpK8vLypU7iUApEuFxoO4LeZLhIyUQ5dJBCXbdsVBBJCBbVcTSG,approved
603,"Graham, Klocko and Price",chaglintongq@blogtalkradio.com,1369166727,vendor,$2b$12$HIjpK8vLypU7iUApEuFxoO4LeZLhIyUQ5dJBCXbdsVBBJCBbVcTSG,approved
604,Corwin Inc,bwigelsworthgr@biglobe.ne.jp,3379918572,vendor,$2b$12$HIjpK8vLypU7iUApEuFxoO4LeZLhIyUQ5dJBCXbdsVBBJCBbVcTSG,approved
605,"Kirlin, Lindgren and Metz",edodlegs@list-manage.com,7312089992,vendor,$2b$12$HIjpK8vLypU7iUApEuFxoO4LeZLhIyUQ5dJBCXbdsVBBJCBbVcTSG,approved
606,"Funk, McKenzie and Bahringer",cmanaghgt@acquirethisname.com,2025430989,vendor,$2b$12$HIjpK8vLypU7iUApEuFxoO4LeZLhIyUQ5dJBCXbdsVBBJCBbVcTSG,approved
607,"Feil, Parisian and Smitham",mblackledgegu@flavors.me,3209434004,vendor,$2b$12$HIjpK8vLypU7iUApEuFxoO4LeZLhIyUQ5dJBCXbdsVBBJCBbVcTSG,approved
608,"Wehner, Nader and Gerlach",tpasleygv@ucsd.edu,1134550403,vendor,$2b$12$HIjpK8vLypU7iUApEuFxoO4LeZLhIyUQ5dJBCXbdsVBBJCBbVcTSG,approved
609,Ullrich-Fahey,ccallgw@alibaba.com,6241650538,vendor,$2b$12$HIjpK8vLypU7iUApEuFxoO4LeZLhIyUQ5dJBCXbdsVBBJCBbVcTSG,approved
610,McCullough-Pollich,acallwaygx@theglobeandmail.com,8668461918,vendor,$2b$12$HIjpK8vLypU7iUApEuFxoO4LeZLhIyUQ5dJBCXbdsVBBJCBbVcTSG,approved
611,Goodwin LLC,zodempseygy@so-net.ne.jp,6363329280,vendor,$2b$12$HIjpK8vLypU7iUApEuFxoO4LeZLhIyUQ5dJBCXbdsVBBJCBbVcTSG,approved
612,Nader-Kemmer,aniemiecgz@photobucket.com,9029229941,vendor,$2b$12$HIjpK8vLypU7iUApEuFxoO4LeZLhIyUQ5dJBCXbdsVBBJCBbVcTSG,approved
613,"Dickens, Moore and Swift",cscinellih0@last.fm,5244731135,vendor,$2b$12$HIjpK8vLypU7iUApEuFxoO4LeZLhIyUQ5dJBCXbdsVBBJCBbVcTSG,approved
614,Bins Inc,akeenleysideh1@timesonline.co.uk,3409612792,vendor,$2b$12$HIjpK8vLypU7iUApEuFxoO4LeZLhIyUQ5dJBCXbdsVBBJCBbVcTSG,approved
615,Kuhic-Tromp,elowndesh2@delicious.com,2141857475,vendor,$2b$12$HIjpK8vLypU7iUApEuFxoO4LeZLhIyUQ5dJBCXbdsVBBJCBbVcTSG,approved
616,O'Reilly LLC,smagorh3@csmonitor.com,9162937305,vendor,$2b$12$HIjpK8vLypU7iUApEuFxoO4LeZLhIyUQ5dJBCXbdsVBBJCBbVcTSG,approved
617,"Gutkowski, McGlynn and Hagenes",dwynrahameh4@uol.com.br,9929446515,vendor,$2b$12$HIjpK8vLypU7iUApEuFxoO4LeZLhIyUQ5dJBCXbdsVBBJCBbVcTSG,approved
618,Stoltenberg Inc,tgagesh5@goo.ne.jp,7632355991,vendor,$2b$12$HIjpK8vLypU7iUApEuFxoO4LeZLhIyUQ5dJBCXbdsVBBJCBbVcTSG,approved
619,Sauer and Sons,dziemensh6@yellowbook.com,5389232142,vendor,$2b$12$HIjpK8vLypU7iUApEuFxoO4LeZLhIyUQ5dJBCXbdsVBBJCBbVcTSG,approved
620,Will Inc,rbatth7@china.com.cn,4888492568,vendor,$2b$12$HIjpK8vLypU7iUApEuFxoO4LeZLhIyUQ5dJBCXbdsVBBJCBbVcTSG,approved
621,"Deckow, Cartwright and Sawayn",bwoolvinh8@ycombinator.com,1111550401,vendor,$2b$12$HIjpK8vLypU7iUApEuFxoO4LeZLhIyUQ5dJBCXbdsVBBJCBbVcTSG,approved
622,Will and Sons,dwolseyh9@1und1.de,2577917895,vendor,$2b$12$HIjpK8vLypU7iUApEuFxoO4LeZLhIyUQ5dJBCXbdsVBBJCBbVcTSG,approved
623,McClure-Stoltenberg,gjanickiha@businesswire.com,2167305771,vendor,$2b$12$HIjpK8vLypU7iUApEuFxoO4LeZLhIyUQ5dJBCXbdsVBBJCBbVcTSG,approved
624,Klein-Jacobs,kcobbinhb@fotki.com,3413363035,vendor,$2b$12$HIjpK8vLypU7iUApEuFxoO4LeZLhIyUQ5dJBCXbdsVBBJCBbVcTSG,approved
625,Homenick Group,frawlinhc@house.gov,6979961273,vendor,$2b$12$HIjpK8vLypU7iUApEuFxoO4LeZLhIyUQ5dJBCXbdsVBBJCBbVcTSG,approved
626,Morar-Mohr,rcorbetthd@mayoclinic.com,9127893590,vendor,$2b$12$HIjpK8vLypU7iUApEuFxoO4LeZLhIyUQ5dJBCXbdsVBBJCBbVcTSG,approved
627,Dare LLC,mtregunnahe@163.com,1822840925,vendor,$2b$12$HIjpK8vLypU7iUApEuFxoO4LeZLhIyUQ5dJBCXbdsVBBJCBbVcTSG,approved
628,Vandervort-Ryan,relmarhf@gnu.org,3336048384,vendor,$2b$12$HIjpK8vLypU7iUApEuFxoO4LeZLhIyUQ5dJBCXbdsVBBJCBbVcTSG,approved
629,Gerlach Group,agriswoodhg@163.com,1574319404,vendor,$2b$12$HIjpK8vLypU7iUApEuFxoO4LeZLhIyUQ5dJBCXbdsVBBJCBbVcTSG,approved
630,Kulas-Corwin,slelandhh@xing.com,7528703998,vendor,$2b$12$HIjpK8vLypU7iUApEuFxoO4LeZLhIyUQ5dJBCXbdsVBBJCBbVcTSG,approved
631,Waters-Swaniawski,nlambahi@nymag.com,6536690724,vendor,$2b$12$HIjpK8vLypU7iUApEuFxoO4LeZLhIyUQ5dJBCXbdsVBBJCBbVcTSG,approved
632,Beier Inc,lpeeryhj@cloudflare.com,2798816504,vendor,$2b$12$HIjpK8vLypU7iUApEuFxoO4LeZLhIyUQ5dJBCXbdsVBBJCBbVcTSG,approved
633,Predovic Inc,acamiliohk@linkedin.com,9886655433,vendor,$2b$12$HIjpK8vLypU7iUApEuFxoO4LeZLhIyUQ5dJBCXbdsVBBJCBbVcTSG,approved
634,Beahan-Abernathy,jkiendlhl@slate.com,9709477688,vendor,$2b$12$HIjpK8vLypU7iUApEuFxoO4LeZLhIyUQ5dJBCXbdsVBBJCBbVcTSG,approved
635,Kulas Group,jtomickihm@soundcloud.com,1781339574,vendor,$2b$12$HIjpK8vLypU7iUApEuFxoO4LeZLhIyUQ5dJBCXbdsVBBJCBbVcTSG,approved
636,Howe-Bosco,msarsonshn@abc.net.au,5817317874,vendor,$2b$12$HIjpK8vLypU7iUApEuFxoO4LeZLhIyUQ5dJBCXbdsVBBJCBbVcTSG,approved
637,Kulas-VonRueden,jgyverho@uol.com.br,8511929694,vendor,$2b$12$HIjpK8vLypU7iUApEuFxoO4LeZLhIyUQ5dJBCXbdsVBBJCBbVcTSG,approved
638,Tromp LLC,acolquitthp@microsoft.com,6912122527,vendor,$2b$12$HIjpK8vLypU7iUApEuFxoO4LeZLhIyUQ5dJBCXbdsVBBJCBbVcTSG,approved
639,Bashirian-Koss,astaffhq@ustream.tv,7428409361,vendor,$2b$12$HIjpK8vLypU7iUApEuFxoO4LeZLhIyUQ5dJBCXbdsVBBJCBbVcTSG,approved
640,"Deckow, Mitchell and Quigley",kfawdriehr@google.pl,6592490996,vendor,$2b$12$HIjpK8vLypU7iUApEuFxoO4LeZLhIyUQ5dJBCXbdsVBBJCBbVcTSG,approved
641,Lynch-Feil,kspybeyhs@washingtonpost.com,7036856691,vendor,$2b$12$HIjpK8vLypU7iUApEuFxoO4LeZLhIyUQ5dJBCXbdsVBBJCBbVcTSG,approved
642,Bogisich LLC,glaydonht@wordpress.org,8462475560,vendor,$2b$12$HIjpK8vLypU7iUApEuFxoO4LeZLhIyUQ5dJBCXbdsVBBJCBbVcTSG,approved
643,Lueilwitz-Gulgowski,mgoodayhu@liveinternet.ru,1399150569,vendor,$2b$12$HIjpK8vLypU7iUApEuFxoO4LeZLhIyUQ5dJBCXbdsVBBJCBbVcTSG,approved
644,Lynch-Zulauf,ebrumbiehv@squarespace.com,1789879449,vendor,$2b$12$HIjpK8vLypU7iUApEuFxoO4LeZLhIyUQ5dJBCXbdsVBBJCBbVcTSG,approved
645,Yundt LLC,bterrazzohw@google.it,9129215748,vendor,$2b$12$HIjpK8vLypU7iUApEuFxoO4LeZLhIyUQ5dJBCXbdsVBBJCBbVcTSG,approved
646,Balistreri-Erdman,iperigohx@live.com,1778819172,vendor,$2b$12$HIjpK8vLypU7iUApEuFxoO4LeZLhIyUQ5dJBCXbdsVBBJCBbVcTSG,approved
647,"Beahan, Quigley and Okuneva",sgodmarhy@amazonaws.com,5002607369,vendor,$2b$12$HIjpK8vLypU7iUApEuFxoO4LeZLhIyUQ5dJBCXbdsVBBJCBbVcTSG,approved
648,"Dibbert, Wehner and Krajcik",ttemplemanhz@bluehost.com,8603170135,vendor,$2b$12$HIjpK8vLypU7iUApEuFxoO4LeZLhIyUQ5dJBCXbdsVBBJCBbVcTSG,approved
649,"Nienow, Huels and Bode",pkeileyi0@zimbio.com,7204275625,vendor,$2b$12$HIjpK8vLypU7iUApEuFxoO4LeZLhIyUQ5dJBCXbdsVBBJCBbVcTSG,approved
650,Will-Ratke,phosburni1@mozilla.com,4706014623,vendor,$2b$12$HIjpK8vLypU7iUApEuFxoO4LeZLhIyUQ5dJBCXbdsVBBJCBbVcTSG,approved
651,Connelly and Sons,ktitcheni2@goo.ne.jp,1394307091,vendor,$2b$12$HIjpK8vLypU7iUApEuFxoO4LeZLhIyUQ5dJBCXbdsVBBJCBbVcTSG,approved
652,"Quigley, Romaguera and Ledner",ppidgini3@plala.or.jp,8274155559,vendor,$2b$12$HIjpK8vLypU7iUApEuFxoO4LeZLhIyUQ5dJBCXbdsVBBJCBbVcTSG,approved
653,Kuhic-Deckow,ccosterdi4@eepurl.com,6746324415,vendor,$2b$12$HIjpK8vLypU7iUApEuFxoO4LeZLhIyUQ5dJBCXbdsVBBJCBbVcTSG,approved
654,Senger-Blick,habramovitzi5@newsvine.com,3626981421,vendor,$2b$12$HIjpK8vLypU7iUApEuFxoO4LeZLhIyUQ5dJBCXbdsVBBJCBbVcTSG,approved
655,"Paucek, Howe and Wyman",docosgrai6@umn.edu,4039937511,vendor,$2b$12$HIjpK8vLypU7iUApEuFxoO4LeZLhIyUQ5dJBCXbdsVBBJCBbVcTSG,approved
656,Lakin-Kulas,ceykelhofi7@blinklist.com,5287869462,vendor,$2b$12$HIjpK8vLypU7iUApEuFxoO4LeZLhIyUQ5dJBCXbdsVBBJCBbVcTSG,approved
657,"Zulauf, Powlowski and Torp",gskulleti8@prnewswire.com,9554543047,vendor,$2b$12$HIjpK8vLypU7iUApEuFxoO4LeZLhIyUQ5dJBCXbdsVBBJCBbVcTSG,approved
658,"Lesch, Weimann and Bauch",blemerchanti9@instagram.com,5532644569,vendor,$2b$12$HIjpK8vLypU7iUApEuFxoO4LeZLhIyUQ5dJBCXbdsVBBJCBbVcTSG,approved
659,Luettgen-Schumm,lgrogonoia@springer.com,5711071558,vendor,$2b$12$HIjpK8vLypU7iUApEuFxoO4LeZLhIyUQ5dJBCXbdsVBBJCBbVcTSG,approved
660,"Daugherty, Breitenberg and Daugherty",sbewshireib@wunderground.com,9313979647,vendor,$2b$12$HIjpK8vLypU7iUApEuFxoO4LeZLhIyUQ5dJBCXbdsVBBJCBbVcTSG,approved
661,"Hintz, Hegmann and Kohler",gquinnellic@thetimes.co.uk,7137148976,vendor,$2b$12$HIjpK8vLypU7iUApEuFxoO4LeZLhIyUQ5dJBCXbdsVBBJCBbVcTSG,approved
662,Kunze-Hoeger,ldeardenid@wikimedia.org,7707863862,vendor,$2b$12$HIjpK8vLypU7iUApEuFxoO4LeZLhIyUQ5dJBCXbdsVBBJCBbVcTSG,approved
663,Robel-Runolfsdottir,psouthcottie@usda.gov,2103945582,vendor,$2b$12$HIjpK8vLypU7iUApEuFxoO4LeZLhIyUQ5dJBCXbdsVBBJCBbVcTSG,approved
664,Hermann LLC,kjackalinif@google.it,2153439027,vendor,$2b$12$HIjpK8vLypU7iUApEuFxoO4LeZLhIyUQ5dJBCXbdsVBBJCBbVcTSG,approved
665,"Larson, Stiedemann and Bergstrom",jspykinsig@unblog.fr,6171880589,vendor,$2b$12$HIjpK8vLypU7iUApEuFxoO4LeZLhIyUQ5dJBCXbdsVBBJCBbVcTSG,approved
666,"Blick, Marks and Kuhic",hbarthelih@github.io,7624016617,vendor,$2b$12$HIjpK8vLypU7iUApEuFxoO4LeZLhIyUQ5dJBCXbdsVBBJCBbVcTSG,approved
667,Kshlerin LLC,edekeyserii@addthis.com,6269338371,vendor,$2b$12$HIjpK8vLypU7iUApEuFxoO4LeZLhIyUQ5dJBCXbdsVBBJCBbVcTSG,approved
668,"Rolfson, Quitzon and Johns",mjanuij@unblog.fr,9674482379,vendor,$2b$12$HIjpK8vLypU7iUApEuFxoO4LeZLhIyUQ5dJBCXbdsVBBJCBbVcTSG,approved
669,Jacobs-Walter,dducarneik@webeden.co.uk,9037305019,vendor,$2b$12$HIjpK8vLypU7iUApEuFxoO4LeZLhIyUQ5dJBCXbdsVBBJCBbVcTSG,approved
670,O'Connell LLC,jpostlewhiteil@oracle.com,9435729309,vendor,$2b$12$HIjpK8vLypU7iUApEuFxoO4LeZLhIyUQ5dJBCXbdsVBBJCBbVcTSG,approved
671,Gislason and Sons,mbabonim@weibo.com,4077808840,vendor,$2b$12$HIjpK8vLypU7iUApEuFxoO4LeZLhIyUQ5dJBCXbdsVBBJCBbVcTSG,approved
672,Rowe LLC,bbaynamin@behance.net,8691744433,vendor,$2b$12$HIjpK8vLypU7iUApEuFxoO4LeZLhIyUQ5dJBCXbdsVBBJCBbVcTSG,approved
673,Lesch and Sons,rcragheadio@booking.com,3366921342,vendor,$2b$12$HIjpK8vLypU7iUApEuFxoO4LeZLhIyUQ5dJBCXbdsVBBJCBbVcTSG,approved
674,Herzog and Sons,lcockshttip@wordpress.com,8317014408,vendor,$2b$12$HIjpK8vLypU7iUApEuFxoO4LeZLhIyUQ5dJBCXbdsVBBJCBbVcTSG,approved
675,"Jast, Fay and Bashirian",bwindousiq@economist.com,6558346111,vendor,$2b$12$HIjpK8vLypU7iUApEuFxoO4LeZLhIyUQ5dJBCXbdsVBBJCBbVcTSG,approved
676,Cremin-Lynch,cjakobssonir@sbwire.com,9546384895,vendor,$2b$12$HIjpK8vLypU7iUApEuFxoO4LeZLhIyUQ5dJBCXbdsVBBJCBbVcTSG,approved
677,Langworth Inc,ejagiellois@statcounter.com,9563527388,vendor,$2b$12$HIjpK8vLypU7iUApEuFxoO4LeZLhIyUQ5dJBCXbdsVBBJCBbVcTSG,approved
678,"Marvin, Bashirian and Glover",lmartiit@imdb.com,4188241753,vendor,$2b$12$HIjpK8vLypU7iUApEuFxoO4LeZLhIyUQ5dJBCXbdsVBBJCBbVcTSG,approved
679,Kreiger-Walker,ktripconyiu@naver.com,5779726698,vendor,$2b$12$HIjpK8vLypU7iUApEuFxoO4LeZLhIyUQ5dJBCXbdsVBBJCBbVcTSG,approved
680,Lebsack-Moore,thawkiv@instagram.com,4871576865,vendor,$2b$12$HIjpK8vLypU7iUApEuFxoO4LeZLhIyUQ5dJBCXbdsVBBJCBbVcTSG,approved
681,Effertz-Borer,sattrilliw@hostgator.com,7178690021,vendor,$2b$12$HIjpK8vLypU7iUApEuFxoO4LeZLhIyUQ5dJBCXbdsVBBJCBbVcTSG,approved
682,"Kilback, Ratke and Carter",blinsteadix@blogs.com,1257779246,vendor,$2b$12$HIjpK8vLypU7iUApEuFxoO4LeZLhIyUQ5dJBCXbdsVBBJCBbVcTSG,approved
683,"Yundt, Tremblay and Ward",edigiacomoiy@google.ru,8052628788,vendor,$2b$12$HIjpK8vLypU7iUApEuFxoO4LeZLhIyUQ5dJBCXbdsVBBJCBbVcTSG,approved
684,"Dare, Thompson and Sawayn",jbrandiiz@thetimes.co.uk,5191503170,vendor,$2b$12$HIjpK8vLypU7iUApEuFxoO4LeZLhIyUQ5dJBCXbdsVBBJCBbVcTSG,approved
685,Hahn-Roob,kbankej0@msn.com,8329280388,vendor,$2b$12$HIjpK8vLypU7iUApEuFxoO4LeZLhIyUQ5dJBCXbdsVBBJCBbVcTSG,approved
686,Murphy Inc,bgrimsdellj1@deliciousdays.com,7995382249,vendor,$2b$12$HIjpK8vLypU7iUApEuFxoO4LeZLhIyUQ5dJBCXbdsVBBJCBbVcTSG,approved
687,"Nader, Raynor and Greenholt",agellionj2@google.co.uk,3603936658,vendor,$2b$12$HIjpK8vLypU7iUApEuFxoO4LeZLhIyUQ5dJBCXbdsVBBJCBbVcTSG,approved
688,"Spinka, Kassulke and Cassin",jturfreyj3@godaddy.com,3443164653,vendor,$2b$12$HIjpK8vLypU7iUApEuFxoO4LeZLhIyUQ5dJBCXbdsVBBJCBbVcTSG,approved
689,Pfeffer-Cole,npitwayj4@blinklist.com,9286064704,vendor,$2b$12$HIjpK8vLypU7iUApEuFxoO4LeZLhIyUQ5dJBCXbdsVBBJCBbVcTSG,approved
690,Bartoletti-Schroeder,afalconarj5@squarespace.com,8787820810,vendor,$2b$12$HIjpK8vLypU7iUApEuFxoO4LeZLhIyUQ5dJBCXbdsVBBJCBbVcTSG,approved
691,McDermott-Conn,jobyj6@prlog.org,9699594245,vendor,$2b$12$HIjpK8vLypU7iUApEuFxoO4LeZLhIyUQ5dJBCXbdsVBBJCBbVcTSG,approved
692,"Rogahn, Effertz and Hessel",ddanzigj7@chron.com,8061304644,vendor,$2b$12$HIjpK8vLypU7iUApEuFxoO4LeZLhIyUQ5dJBCXbdsVBBJCBbVcTSG,approved
693,"Emard, Kuphal and Buckridge",cmonshallj8@thetimes.co.uk,6397356273,vendor,$2b$12$HIjpK8vLypU7iUApEuFxoO4LeZLhIyUQ5dJBCXbdsVBBJCBbVcTSG,approved
694,"Koch, Blick and Crooks",swhiskerj9@eventbrite.com,3535942523,vendor,$2b$12$HIjpK8vLypU7iUApEuFxoO4LeZLhIyUQ5dJBCXbdsVBBJCBbVcTSG,approved
695,"Morissette, McKenzie and Hand",sdowbigginja@ucsd.edu,1911834237,vendor,$2b$12$HIjpK8vLypU7iUApEuFxoO4LeZLhIyUQ5dJBCXbdsVBBJCBbVcTSG,approved
696,Schoen Inc,chrishchenkojb@creativecommons.org,5904128558,vendor,$2b$12$HIjpK8vLypU7iUApEuFxoO4LeZLhIyUQ5dJBCXbdsVBBJCBbVcTSG,approved
697,Rosenbaum-Lemke,htodarijc@google.de,5987841853,vendor,$2b$12$HIjpK8vLypU7iUApEuFxoO4LeZLhIyUQ5dJBCXbdsVBBJCBbVcTSG,approved
698,Johnson and Sons,asiddonsjd@webmd.com,8947874345,vendor,$2b$12$HIjpK8vLypU7iUApEuFxoO4LeZLhIyUQ5dJBCXbdsVBBJCBbVcTSG,approved
699,Towne-Yost,segdalje@ow.ly,5397724920,vendor,$2b$12$HIjpK8vLypU7iUApEuFxoO4LeZLhIyUQ5dJBCXbdsVBBJCBbVcTSG,approved
700,"O'Hara, Gusikowski and Wiza",nmeaddowcroftjf@sciencedaily.com,6868693142,vendor,$2b$12$HIjpK8vLypU7iUApEuFxoO4LeZLhIyUQ5dJBCXbdsVBBJCBbVcTSG,approved
701,Borer Inc,mjephcotejg@aboutads.info,8578270168,vendor,$2b$12$HIjpK8vLypU7iUApEuFxoO4LeZLhIyUQ5dJBCXbdsVBBJCBbVcTSG,approved
702,Deckow LLC,crappsjh@multiply.com,8495787052,vendor,$2b$12$HIjpK8vLypU7iUApEuFxoO4LeZLhIyUQ5dJBCXbdsVBBJCBbVcTSG,approved
703,Stracke Inc,etumininiji@squidoo.com,1937388226,vendor,$2b$12$HIjpK8vLypU7iUApEuFxoO4LeZLhIyUQ5dJBCXbdsVBBJCBbVcTSG,approved
704,Treutel-Gleason,lscandwrightjj@rakuten.co.jp,8271331493,vendor,$2b$12$HIjpK8vLypU7iUApEuFxoO4LeZLhIyUQ5dJBCXbdsVBBJCBbVcTSG,approved
705,Bosco LLC,pfurssejk@springer.com,9845191176,vendor,$2b$12$HIjpK8vLypU7iUApEuFxoO4LeZLhIyUQ5dJBCXbdsVBBJCBbVcTSG,approved
706,Schuster-Pouros,gscandwrightjl@comsenz.com,5964616094,vendor,$2b$12$HIjpK8vLypU7iUApEuFxoO4LeZLhIyUQ5dJBCXbdsVBBJCBbVcTSG,approved
707,Denesik LLC,kdiggelljm@arizona.edu,7363759239,vendor,$2b$12$HIjpK8vLypU7iUApEuFxoO4LeZLhIyUQ5dJBCXbdsVBBJCBbVcTSG,approved
708,"Willms, Vandervort and Koepp",bvigrassjn@usa.gov,7171233200,vendor,$2b$12$HIjpK8vLypU7iUApEuFxoO4LeZLhIyUQ5dJBCXbdsVBBJCBbVcTSG,approved
709,Wisoky-Schinner,lmilburnjo@mail.ru,7243672145,vendor,$2b$12$HIjpK8vLypU7iUApEuFxoO4LeZLhIyUQ5dJBCXbdsVBBJCBbVcTSG,approved
710,Nader-Volkman,fmaultbyjp@example.com,8487171716,vendor,$2b$12$HIjpK8vLypU7iUApEuFxoO4LeZLhIyUQ5dJBCXbdsVBBJCBbVcTSG,approved
711,King and Sons,bpettitjq@flavors.me,6245001002,vendor,$2b$12$HIjpK8vLypU7iUApEuFxoO4LeZLhIyUQ5dJBCXbdsVBBJCBbVcTSG,approved
712,Donnelly-Douglas,asmorthitjr@google.nl,3832281872,vendor,$2b$12$HIjpK8vLypU7iUApEuFxoO4LeZLhIyUQ5dJBCXbdsVBBJCBbVcTSG,approved
713,Weissnat Group,cbaignardjs@earthlink.net,4473200607,vendor,$2b$12$HIjpK8vLypU7iUApEuFxoO4LeZLhIyUQ5dJBCXbdsVBBJCBbVcTSG,approved
714,"Schroeder, Kreiger and Muller",mjemisonjt@phoca.cz,1014229231,vendor,$2b$12$HIjpK8vLypU7iUApEuFxoO4LeZLhIyUQ5dJBCXbdsVBBJCBbVcTSG,approved
715,Kunze-Hermann,blipscombeju@soundcloud.com,7118392596,vendor,$2b$12$HIjpK8vLypU7iUApEuFxoO4LeZLhIyUQ5dJBCXbdsVBBJCBbVcTSG,approved
716,Halvorson-Block,emcgooganjv@msn.com,1296386165,vendor,$2b$12$HIjpK8vLypU7iUApEuFxoO4LeZLhIyUQ5dJBCXbdsVBBJCBbVcTSG,approved
717,"Blanda, Doyle and Blanda",lwardlejw@icq.com,8199181105,vendor,$2b$12$HIjpK8vLypU7iUApEuFxoO4LeZLhIyUQ5dJBCXbdsVBBJCBbVcTSG,approved
718,"Willms, Koepp and Kuhic",rtarnjx@telegraph.co.uk,5368536929,vendor,$2b$12$HIjpK8vLypU7iUApEuFxoO4LeZLhIyUQ5dJBCXbdsVBBJCBbVcTSG,approved
719,Bednar LLC,pdaillyjy@macromedia.com,1364416807,vendor,$2b$12$HIjpK8vLypU7iUApEuFxoO4LeZLhIyUQ5dJBCXbdsVBBJCBbVcTSG,approved
720,"McGlynn, Hills and Pollich",enadenjz@wunderground.com,3716203626,vendor,$2b$12$HIjpK8vLypU7iUApEuFxoO4LeZLhIyUQ5dJBCXbdsVBBJCBbVcTSG,approved
721,"Zulauf, Thompson and Reinger",dcorbiek0@dot.gov,8742223643,vendor,$2b$12$HIjpK8vLypU7iUApEuFxoO4LeZLhIyUQ5dJBCXbdsVBBJCBbVcTSG,approved
722,Tromp-Ward,ganersenk1@disqus.com,7028754195,vendor,$2b$12$HIjpK8vLypU7iUApEuFxoO4LeZLhIyUQ5dJBCXbdsVBBJCBbVcTSG,approved
723,McGlynn and Sons,gtrittenk2@latimes.com,5366962679,vendor,$2b$12$HIjpK8vLypU7iUApEuFxoO4LeZLhIyUQ5dJBCXbdsVBBJCBbVcTSG,approved
724,Ruecker-Hagenes,mstollsteinerk3@salon.com,5996618538,vendor,$2b$12$HIjpK8vLypU7iUApEuFxoO4LeZLhIyUQ5dJBCXbdsVBBJCBbVcTSG,approved
725,Murphy-Koepp,tsaullk4@hud.gov,4757420891,vendor,$2b$12$HIjpK8vLypU7iUApEuFxoO4LeZLhIyUQ5dJBCXbdsVBBJCBbVcTSG,approved
726,Cremin Inc,kheditchk5@tumblr.com,6189021307,vendor,$2b$12$HIjpK8vLypU7iUApEuFxoO4LeZLhIyUQ5dJBCXbdsVBBJCBbVcTSG,approved
727,Mosciski-Kohler,blinkink6@acquirethisname.com,3985666774,vendor,$2b$12$HIjpK8vLypU7iUApEuFxoO4LeZLhIyUQ5dJBCXbdsVBBJCBbVcTSG,approved
728,Cronin Group,tfelminghamk7@etsy.com,2022292329,vendor,$2b$12$HIjpK8vLypU7iUApEuFxoO4LeZLhIyUQ5dJBCXbdsVBBJCBbVcTSG,approved
729,"Schmitt, Wiza and Mann",phammettk8@tiny.cc,7168706010,vendor,$2b$12$HIjpK8vLypU7iUApEuFxoO4LeZLhIyUQ5dJBCXbdsVBBJCBbVcTSG,approved
730,Braun-Thompson,iohernk9@usda.gov,9835187337,vendor,$2b$12$HIjpK8vLypU7iUApEuFxoO4LeZLhIyUQ5dJBCXbdsVBBJCBbVcTSG,approved
731,Streich-Kuhlman,lchampkenka@nps.gov,9089547865,vendor,$2b$12$HIjpK8vLypU7iUApEuFxoO4LeZLhIyUQ5dJBCXbdsVBBJCBbVcTSG,approved
732,Bergstrom and Sons,mbeckinghamkb@eepurl.com,4924835606,vendor,$2b$12$HIjpK8vLypU7iUApEuFxoO4LeZLhIyUQ5dJBCXbdsVBBJCBbVcTSG,approved
733,"Tremblay, Lind and Ullrich",ivaggerskc@prnewswire.com,8341119744,vendor,$2b$12$HIjpK8vLypU7iUApEuFxoO4LeZLhIyUQ5dJBCXbdsVBBJCBbVcTSG,approved
734,Turcotte Inc,afarnhillkd@accuweather.com,4041317239,vendor,$2b$12$HIjpK8vLypU7iUApEuFxoO4LeZLhIyUQ5dJBCXbdsVBBJCBbVcTSG,approved
735,Schuppe-Rosenbaum,cgrubeyke@bloglovin.com,4876666453,vendor,$2b$12$HIjpK8vLypU7iUApEuFxoO4LeZLhIyUQ5dJBCXbdsVBBJCBbVcTSG,approved
736,"Rippin, Kuhlman and Rempel",cpolgreenkf@rediff.com,1171555733,vendor,$2b$12$HIjpK8vLypU7iUApEuFxoO4LeZLhIyUQ5dJBCXbdsVBBJCBbVcTSG,approved
737,Braun-Hintz,hbrownsillkg@spiegel.de,7242329407,vendor,$2b$12$HIjpK8vLypU7iUApEuFxoO4LeZLhIyUQ5dJBCXbdsVBBJCBbVcTSG,approved
738,"Rolfson, Bauch and Jerde",blambregtskh@miitbeian.gov.cn,7399599684,vendor,$2b$12$HIjpK8vLypU7iUApEuFxoO4LeZLhIyUQ5dJBCXbdsVBBJCBbVcTSG,approved
739,Jacobi LLC,loholleganki@blogspot.com,6698144124,vendor,$2b$12$HIjpK8vLypU7iUApEuFxoO4LeZLhIyUQ5dJBCXbdsVBBJCBbVcTSG,approved
740,Homenick-Monahan,kocassidykj@ebay.com,9211256805,vendor,$2b$12$HIjpK8vLypU7iUApEuFxoO4LeZLhIyUQ5dJBCXbdsVBBJCBbVcTSG,approved
741,McLaughlin and Sons,aackenheadkk@alexa.com,6421284654,vendor,$2b$12$HIjpK8vLypU7iUApEuFxoO4LeZLhIyUQ5dJBCXbdsVBBJCBbVcTSG,approved
742,Mante and Sons,mrayekl@sogou.com,9716118334,vendor,$2b$12$HIjpK8vLypU7iUApEuFxoO4LeZLhIyUQ5dJBCXbdsVBBJCBbVcTSG,approved
743,"Roob, Sawayn and Cormier",ubonnarkm@freewebs.com,6678244825,vendor,$2b$12$HIjpK8vLypU7iUApEuFxoO4LeZLhIyUQ5dJBCXbdsVBBJCBbVcTSG,approved
744,Rutherford LLC,abulfootkn@netscape.com,3002429623,vendor,$2b$12$HIjpK8vLypU7iUApEuFxoO4LeZLhIyUQ5dJBCXbdsVBBJCBbVcTSG,approved
745,Hoppe-Predovic,cfronzekko@tmall.com,3588856536,vendor,$2b$12$HIjpK8vLypU7iUApEuFxoO4LeZLhIyUQ5dJBCXbdsVBBJCBbVcTSG,approved
746,Boyle-Goldner,hspeddingkp@eventbrite.com,2375109066,vendor,$2b$12$HIjpK8vLypU7iUApEuFxoO4LeZLhIyUQ5dJBCXbdsVBBJCBbVcTSG,approved
747,Aufderhar Group,lsturneykq@xinhuanet.com,1666550602,vendor,$2b$12$HIjpK8vLypU7iUApEuFxoO4LeZLhIyUQ5dJBCXbdsVBBJCBbVcTSG,approved
748,"Dibbert, Harvey and Green",vcorykr@g.co,9661933397,vendor,$2b$12$HIjpK8vLypU7iUApEuFxoO4LeZLhIyUQ5dJBCXbdsVBBJCBbVcTSG,approved
749,Osinski Inc,rcoltanks@ucoz.com,7326059223,vendor,$2b$12$HIjpK8vLypU7iUApEuFxoO4LeZLhIyUQ5dJBCXbdsVBBJCBbVcTSG,approved
750,"Willms, Emmerich and Altenwerth",florykt@wix.com,2677616830,vendor,$2b$12$HIjpK8vLypU7iUApEuFxoO4LeZLhIyUQ5dJBCXbdsVBBJCBbVcTSG,approved
751,"O'Conner, Rogahn and Schneider",akalinskyku@macromedia.com,4231647450,vendor,$2b$12$HIjpK8vLypU7iUApEuFxoO4LeZLhIyUQ5dJBCXbdsVBBJCBbVcTSG,approved
752,Feest and Sons,dhackwellkv@vk.com,9505772952,vendor,$2b$12$HIjpK8vLypU7iUApEuFxoO4LeZLhIyUQ5dJBCXbdsVBBJCBbVcTSG,approved
753,"Dooley, Grant and Wehner",ebrunescokw@berkeley.edu,3533054970,vendor,$2b$12$HIjpK8vLypU7iUApEuFxoO4LeZLhIyUQ5dJBCXbdsVBBJCBbVcTSG,approved
754,Raynor Group,afernantkx@yahoo.com,8286604465,vendor,$2b$12$HIjpK8vLypU7iUApEuFxoO4LeZLhIyUQ5dJBCXbdsVBBJCBbVcTSG,approved
755,Schiller-Kihn,adruittky@discovery.com,6167850352,vendor,$2b$12$HIjpK8vLypU7iUApEuFxoO4LeZLhIyUQ5dJBCXbdsVBBJCBbVcTSG,approved
756,"Herzog, Bernhard and Zulauf",lgustuskz@webmd.com,3037876474,vendor,$2b$12$HIjpK8vLypU7iUApEuFxoO4LeZLhIyUQ5dJBCXbdsVBBJCBbVcTSG,approved
757,Schumm Inc,dkleebornl0@opera.com,5305549131,vendor,$2b$12$HIjpK8vLypU7iUApEuFxoO4LeZLhIyUQ5dJBCXbdsVBBJCBbVcTSG,approved
758,"Konopelski, Funk and Deckow",csollowayl1@wordpress.org,5593274652,vendor,$2b$12$HIjpK8vLypU7iUApEuFxoO4LeZLhIyUQ5dJBCXbdsVBBJCBbVcTSG,approved
759,Abbott Group,lridesl2@facebook.com,3042120377,vendor,$2b$12$HIjpK8vLypU7iUApEuFxoO4LeZLhIyUQ5dJBCXbdsVBBJCBbVcTSG,approved
760,Koelpin-Mann,hraglesl3@twitpic.com,8799175605,vendor,$2b$12$HIjpK8vLypU7iUApEuFxoO4LeZLhIyUQ5dJBCXbdsVBBJCBbVcTSG,approved
761,Klocko Group,bhowlel4@skype.com,8453975829,vendor,$2b$12$HIjpK8vLypU7iUApEuFxoO4LeZLhIyUQ5dJBCXbdsVBBJCBbVcTSG,approved
762,Maggio-Brekke,dwoolensl5@scribd.com,4583269446,vendor,$2b$12$HIjpK8vLypU7iUApEuFxoO4LeZLhIyUQ5dJBCXbdsVBBJCBbVcTSG,approved
763,"Collins, Gorczany and Ziemann",wisaakl6@forbes.com,9701474314,vendor,$2b$12$HIjpK8vLypU7iUApEuFxoO4LeZLhIyUQ5dJBCXbdsVBBJCBbVcTSG,approved
764,Yost and Sons,cpuntonl7@irs.gov,5142419809,vendor,$2b$12$HIjpK8vLypU7iUApEuFxoO4LeZLhIyUQ5dJBCXbdsVBBJCBbVcTSG,approved
765,"Legros, Langworth and D'Amore",ggregorl8@wikipedia.org,7171204129,vendor,$2b$12$HIjpK8vLypU7iUApEuFxoO4LeZLhIyUQ5dJBCXbdsVBBJCBbVcTSG,approved
766,Tremblay-Fritsch,claidlawl9@cdbaby.com,5776389665,vendor,$2b$12$HIjpK8vLypU7iUApEuFxoO4LeZLhIyUQ5dJBCXbdsVBBJCBbVcTSG,approved
767,Towne and Sons,kgrentla@instagram.com,9677767212,vendor,$2b$12$HIjpK8vLypU7iUApEuFxoO4LeZLhIyUQ5dJBCXbdsVBBJCBbVcTSG,approved
768,Kuhn-Cronin,zpechlb@bigcartel.com,1878160910,vendor,$2b$12$HIjpK8vLypU7iUApEuFxoO4LeZLhIyUQ5dJBCXbdsVBBJCBbVcTSG,approved
769,Jaskolski and Sons,shalylc@upenn.edu,7717392156,vendor,$2b$12$HIjpK8vLypU7iUApEuFxoO4LeZLhIyUQ5dJBCXbdsVBBJCBbVcTSG,approved
770,"Hackett, Bergnaum and Koepp",ffourcadeld@wordpress.com,6264558448,vendor,$2b$12$HIjpK8vLypU7iUApEuFxoO4LeZLhIyUQ5dJBCXbdsVBBJCBbVcTSG,approved
771,"Stracke, Pouros and Crona",mgeraghtyle@ameblo.jp,2672508177,vendor,$2b$12$HIjpK8vLypU7iUApEuFxoO4LeZLhIyUQ5dJBCXbdsVBBJCBbVcTSG,approved
772,Jacobs-Smith,athamslf@npr.org,5858209989,vendor,$2b$12$HIjpK8vLypU7iUApEuFxoO4LeZLhIyUQ5dJBCXbdsVBBJCBbVcTSG,approved
773,"Zulauf, Orn and Denesik",ecrantonlg@google.es,9665885520,vendor,$2b$12$HIjpK8vLypU7iUApEuFxoO4LeZLhIyUQ5dJBCXbdsVBBJCBbVcTSG,approved
774,Ernser-O'Connell,icottonlh@berkeley.edu,6971812244,vendor,$2b$12$HIjpK8vLypU7iUApEuFxoO4LeZLhIyUQ5dJBCXbdsVBBJCBbVcTSG,approved
775,"O'Keefe, Dickinson and Koelpin",ttodaroli@usnews.com,9495951259,vendor,$2b$12$HIjpK8vLypU7iUApEuFxoO4LeZLhIyUQ5dJBCXbdsVBBJCBbVcTSG,approved
776,Schowalter Inc,ilepicklj@nature.com,4042879134,vendor,$2b$12$HIjpK8vLypU7iUApEuFxoO4LeZLhIyUQ5dJBCXbdsVBBJCBbVcTSG,approved
777,Armstrong-Schultz,cpollielk@mlb.com,9226090803,vendor,$2b$12$HIjpK8vLypU7iUApEuFxoO4LeZLhIyUQ5dJBCXbdsVBBJCBbVcTSG,approved
778,"Willms, Baumbach and Nikolaus",jnotell@yellowbook.com,8922969041,vendor,$2b$12$HIjpK8vLypU7iUApEuFxoO4LeZLhIyUQ5dJBCXbdsVBBJCBbVcTSG,approved
779,Rowe-Beatty,lmidgelylm@umn.edu,3276894454,vendor,$2b$12$HIjpK8vLypU7iUApEuFxoO4LeZLhIyUQ5dJBCXbdsVBBJCBbVcTSG,approved
780,Huels LLC,mrunnallsln@slashdot.org,1072532366,vendor,$2b$12$HIjpK8vLypU7iUApEuFxoO4LeZLhIyUQ5dJBCXbdsVBBJCBbVcTSG,approved
781,Brakus-Johnson,agoatmanlo@domainmarket.com,8949615406,vendor,$2b$12$HIjpK8vLypU7iUApEuFxoO4LeZLhIyUQ5dJBCXbdsVBBJCBbVcTSG,approved
782,"Torp, Abshire and Wisoky",bmallordlp@hp.com,7197764630,vendor,$2b$12$HIjpK8vLypU7iUApEuFxoO4LeZLhIyUQ5dJBCXbdsVBBJCBbVcTSG,approved
783,Littel Inc,lgerckelq@linkedin.com,9904391771,vendor,$2b$12$HIjpK8vLypU7iUApEuFxoO4LeZLhIyUQ5dJBCXbdsVBBJCBbVcTSG,approved
784,Boehm-West,mmartyntsevlr@who.int,5746232995,vendor,$2b$12$HIjpK8vLypU7iUApEuFxoO4LeZLhIyUQ5dJBCXbdsVBBJCBbVcTSG,approved
785,"Hyatt, Ritchie and Williamson",glummasanals@cbslocal.com,7069470192,vendor,$2b$12$HIjpK8vLypU7iUApEuFxoO4LeZLhIyUQ5dJBCXbdsVBBJCBbVcTSG,approved
786,Zboncak-Howell,lkibbellt@comsenz.com,7571166483,vendor,$2b$12$HIjpK8vLypU7iUApEuFxoO4LeZLhIyUQ5dJBCXbdsVBBJCBbVcTSG,approved
787,"Goldner, Olson and Gutkowski",bpeerylu@mozilla.org,9499318327,vendor,$2b$12$HIjpK8vLypU7iUApEuFxoO4LeZLhIyUQ5dJBCXbdsVBBJCBbVcTSG,approved
788,"Carroll, Ward and Vandervort",dverdeylv@weather.com,4877867079,vendor,$2b$12$HIjpK8vLypU7iUApEuFxoO4LeZLhIyUQ5dJBCXbdsVBBJCBbVcTSG,approved
789,Pfannerstill and Sons,mjustelw@people.com.cn,4242220688,vendor,$2b$12$HIjpK8vLypU7iUApEuFxoO4LeZLhIyUQ5dJBCXbdsVBBJCBbVcTSG,approved
790,Cormier LLC,ddachslx@hostgator.com,1612548323,vendor,$2b$12$HIjpK8vLypU7iUApEuFxoO4LeZLhIyUQ5dJBCXbdsVBBJCBbVcTSG,approved
791,Koss Group,scasellily@omniture.com,1966019753,vendor,$2b$12$HIjpK8vLypU7iUApEuFxoO4LeZLhIyUQ5dJBCXbdsVBBJCBbVcTSG,approved
792,"Windler, Boyer and Weber",adortonlz@abc.net.au,1674399871,vendor,$2b$12$HIjpK8vLypU7iUApEuFxoO4LeZLhIyUQ5dJBCXbdsVBBJCBbVcTSG,approved
793,Berge and Sons,cbassinghamm0@mozilla.org,7885658439,vendor,$2b$12$HIjpK8vLypU7iUApEuFxoO4LeZLhIyUQ5dJBCXbdsVBBJCBbVcTSG,approved
794,"Gutkowski, Thiel and Kunze",mpettetm1@bbb.org,1121275375,vendor,$2b$12$HIjpK8vLypU7iUApEuFxoO4LeZLhIyUQ5dJBCXbdsVBBJCBbVcTSG,approved
795,Weber-Herman,rpaolinellim2@va.gov,3024898717,vendor,$2b$12$HIjpK8vLypU7iUApEuFxoO4LeZLhIyUQ5dJBCXbdsVBBJCBbVcTSG,approved
796,Hudson-Thompson,agoodrickm3@smugmug.com,3249565516,vendor,$2b$12$HIjpK8vLypU7iUApEuFxoO4LeZLhIyUQ5dJBCXbdsVBBJCBbVcTSG,approved
797,Spinka-Bergnaum,jsodom4@i2i.jp,5643774437,vendor,$2b$12$HIjpK8vLypU7iUApEuFxoO4LeZLhIyUQ5dJBCXbdsVBBJCBbVcTSG,approved
798,Quitzon Group,dcaseym5@tripod.com,5013796281,vendor,$2b$12$HIjpK8vLypU7iUApEuFxoO4LeZLhIyUQ5dJBCXbdsVBBJCBbVcTSG,approved
799,Jacobi Group,neelesm6@indiatimes.com,3197282798,vendor,$2b$12$HIjpK8vLypU7iUApEuFxoO4LeZLhIyUQ5dJBCXbdsVBBJCBbVcTSG,approved
800,Gleichner LLC,rkolakowskim7@vimeo.com,5493125257,vendor,$2b$12$HIjpK8vLypU7iUApEuFxoO4LeZLhIyUQ5dJBCXbdsVBBJCBbVcTSG,approved
801,"Zemlak, Littel and Kovacek",cbagottm8@tiny.cc,9639544262,vendor,$2b$12$HIjpK8vLypU7iUApEuFxoO4LeZLhIyUQ5dJBCXbdsVBBJCBbVcTSG,approved
802,Langworth-Schaden,tgwatkinsm9@bandcamp.com,3218744182,vendor,$2b$12$HIjpK8vLypU7iUApEuFxoO4LeZLhIyUQ5dJBCXbdsVBBJCBbVcTSG,approved
803,Satterfield Inc,rberksma@who.int,5314277984,vendor,$2b$12$HIjpK8vLypU7iUApEuFxoO4LeZLhIyUQ5dJBCXbdsVBBJCBbVcTSG,approved
804,Schultz-Hermiston,etantimb@webeden.co.uk,2584654429,vendor,$2b$12$HIjpK8vLypU7iUApEuFxoO4LeZLhIyUQ5dJBCXbdsVBBJCBbVcTSG,approved
805,Funk LLC,bdightmc@baidu.com,4985056473,vendor,$2b$12$HIjpK8vLypU7iUApEuFxoO4LeZLhIyUQ5dJBCXbdsVBBJCBbVcTSG,approved
806,Rice and Sons,rschoolcroftmd@cpanel.net,5959616562,vendor,$2b$12$HIjpK8vLypU7iUApEuFxoO4LeZLhIyUQ5dJBCXbdsVBBJCBbVcTSG,approved
807,Ferry-Cole,lswiffenme@bloomberg.com,9312981216,vendor,$2b$12$HIjpK8vLypU7iUApEuFxoO4LeZLhIyUQ5dJBCXbdsVBBJCBbVcTSG,approved
808,Moore-Brown,ccorlessmf@latimes.com,9187499373,vendor,$2b$12$HIjpK8vLypU7iUApEuFxoO4LeZLhIyUQ5dJBCXbdsVBBJCBbVcTSG,approved
809,"Schultz, Bode and Cremin",smeiningenmg@dot.gov,4649612112,vendor,$2b$12$HIjpK8vLypU7iUApEuFxoO4LeZLhIyUQ5dJBCXbdsVBBJCBbVcTSG,approved
810,Altenwerth LLC,rrumsbymh@bigcartel.com,1943117090,vendor,$2b$12$HIjpK8vLypU7iUApEuFxoO4LeZLhIyUQ5dJBCXbdsVBBJCBbVcTSG,approved
811,Bayer-Rodriguez,rlightbournmi@home.pl,2542350520,vendor,$2b$12$HIjpK8vLypU7iUApEuFxoO4LeZLhIyUQ5dJBCXbdsVBBJCBbVcTSG,approved
812,"Koch, O'Connell and Greenfelder",jandreonemj@examiner.com,6968620963,vendor,$2b$12$HIjpK8vLypU7iUApEuFxoO4LeZLhIyUQ5dJBCXbdsVBBJCBbVcTSG,approved
813,Conroy-Quitzon,jgraviemk@businessinsider.com,1323612802,vendor,$2b$12$HIjpK8vLypU7iUApEuFxoO4LeZLhIyUQ5dJBCXbdsVBBJCBbVcTSG,approved
814,Hickle-Skiles,rtebbothml@icio.us,6764847157,vendor,$2b$12$HIjpK8vLypU7iUApEuFxoO4LeZLhIyUQ5dJBCXbdsVBBJCBbVcTSG,approved
815,Nienow-Ruecker,cdoohermm@domainmarket.com,5279895115,vendor,$2b$12$HIjpK8vLypU7iUApEuFxoO4LeZLhIyUQ5dJBCXbdsVBBJCBbVcTSG,approved
816,"Grady, Hilll and Champlin",boldnallmn@geocities.com,5389477765,vendor,$2b$12$HIjpK8vLypU7iUApEuFxoO4LeZLhIyUQ5dJBCXbdsVBBJCBbVcTSG,approved
817,Borer-Murray,lpeterkenmo@twitpic.com,1431406897,vendor,$2b$12$HIjpK8vLypU7iUApEuFxoO4LeZLhIyUQ5dJBCXbdsVBBJCBbVcTSG,approved
818,Conroy-Schimmel,bswalemp@google.fr,1891895096,vendor,$2b$12$HIjpK8vLypU7iUApEuFxoO4LeZLhIyUQ5dJBCXbdsVBBJCBbVcTSG,approved
819,"Dickens, Walsh and Medhurst",rashbrookmq@blogger.com,3599103895,vendor,$2b$12$HIjpK8vLypU7iUApEuFxoO4LeZLhIyUQ5dJBCXbdsVBBJCBbVcTSG,approved
820,Feeney and Sons,gplutheromr@auda.org.au,5877832978,vendor,$2b$12$HIjpK8vLypU7iUApEuFxoO4LeZLhIyUQ5dJBCXbdsVBBJCBbVcTSG,approved
821,Reilly Group,gmeckiffms@topsy.com,7033415776,vendor,$2b$12$HIjpK8vLypU7iUApEuFxoO4LeZLhIyUQ5dJBCXbdsVBBJCBbVcTSG,approved
822,Jacobi-Schaefer,cnussgenmt@dyndns.org,6902522571,vendor,$2b$12$HIjpK8vLypU7iUApEuFxoO4LeZLhIyUQ5dJBCXbdsVBBJCBbVcTSG,approved
823,Williamson-Runte,cgirardinimu@tmall.com,5152971825,vendor,$2b$12$HIjpK8vLypU7iUApEuFxoO4LeZLhIyUQ5dJBCXbdsVBBJCBbVcTSG,approved
824,Miller-Douglas,kmckeachiemv@tmall.com,4718902093,vendor,$2b$12$HIjpK8vLypU7iUApEuFxoO4LeZLhIyUQ5dJBCXbdsVBBJCBbVcTSG,approved
825,"Yundt, Graham and Ratke",kmcwatersmw@nymag.com,8184980377,vendor,$2b$12$HIjpK8vLypU7iUApEuFxoO4LeZLhIyUQ5dJBCXbdsVBBJCBbVcTSG,approved
826,"Kulas, Weber and Lynch",aodroughtmx@accuweather.com,6765735011,vendor,$2b$12$HIjpK8vLypU7iUApEuFxoO4LeZLhIyUQ5dJBCXbdsVBBJCBbVcTSG,approved
827,Macejkovic-Hammes,rrailtonmy@webeden.co.uk,6024642907,vendor,$2b$12$HIjpK8vLypU7iUApEuFxoO4LeZLhIyUQ5dJBCXbdsVBBJCBbVcTSG,approved
828,Walker-Rolfson,fattenburrowmz@nationalgeographic.com,8971558676,vendor,$2b$12$HIjpK8vLypU7iUApEuFxoO4LeZLhIyUQ5dJBCXbdsVBBJCBbVcTSG,approved
829,Keebler-Huels,ghoulisonn0@prnewswire.com,8159942498,vendor,$2b$12$HIjpK8vLypU7iUApEuFxoO4LeZLhIyUQ5dJBCXbdsVBBJCBbVcTSG,approved
830,Ryan LLC,kcheshirn1@google.cn,7008613236,vendor,$2b$12$HIjpK8vLypU7iUApEuFxoO4LeZLhIyUQ5dJBCXbdsVBBJCBbVcTSG,approved
831,Hand and Sons,elanigann2@bluehost.com,3358734038,vendor,$2b$12$HIjpK8vLypU7iUApEuFxoO4LeZLhIyUQ5dJBCXbdsVBBJCBbVcTSG,approved
832,"Welch, Vandervort and Simonis",hrosan3@dailymotion.com,4859606343,vendor,$2b$12$HIjpK8vLypU7iUApEuFxoO4LeZLhIyUQ5dJBCXbdsVBBJCBbVcTSG,approved
833,Considine-Lubowitz,jsilversn4@twitpic.com,6083028350,vendor,$2b$12$HIjpK8vLypU7iUApEuFxoO4LeZLhIyUQ5dJBCXbdsVBBJCBbVcTSG,approved
834,West LLC,lmucillon5@123-reg.co.uk,7505291917,vendor,$2b$12$HIjpK8vLypU7iUApEuFxoO4LeZLhIyUQ5dJBCXbdsVBBJCBbVcTSG,approved
835,Rath-Gleichner,bcrilleyn6@reference.com,5462776270,vendor,$2b$12$HIjpK8vLypU7iUApEuFxoO4LeZLhIyUQ5dJBCXbdsVBBJCBbVcTSG,approved
836,Daniel and Sons,bcleverleyn7@java.com,5594777261,vendor,$2b$12$HIjpK8vLypU7iUApEuFxoO4LeZLhIyUQ5dJBCXbdsVBBJCBbVcTSG,approved
837,Champlin Group,rmeneghellin8@constantcontact.com,1626462751,vendor,$2b$12$HIjpK8vLypU7iUApEuFxoO4LeZLhIyUQ5dJBCXbdsVBBJCBbVcTSG,approved
838,"King, Brown and Frami",qdorown9@spiegel.de,5508712432,vendor,$2b$12$HIjpK8vLypU7iUApEuFxoO4LeZLhIyUQ5dJBCXbdsVBBJCBbVcTSG,approved
839,"Stiedemann, Reichel and Stark",sgawthropena@webnode.com,3849979426,vendor,$2b$12$HIjpK8vLypU7iUApEuFxoO4LeZLhIyUQ5dJBCXbdsVBBJCBbVcTSG,approved
840,"Klocko, Mitchell and Metz",hrosentholernb@npr.org,5866889687,vendor,$2b$12$HIjpK8vLypU7iUApEuFxoO4LeZLhIyUQ5dJBCXbdsVBBJCBbVcTSG,approved
841,"Schuster, Conroy and Bartell",slintallnc@ed.gov,5916636662,vendor,$2b$12$HIjpK8vLypU7iUApEuFxoO4LeZLhIyUQ5dJBCXbdsVBBJCBbVcTSG,approved
842,"Jast, O'Kon and Kuhic",nchettlend@wiley.com,4125597442,vendor,$2b$12$HIjpK8vLypU7iUApEuFxoO4LeZLhIyUQ5dJBCXbdsVBBJCBbVcTSG,approved
843,Oberbrunner-Block,imenisne@chicagotribune.com,4853553621,vendor,$2b$12$HIjpK8vLypU7iUApEuFxoO4LeZLhIyUQ5dJBCXbdsVBBJCBbVcTSG,approved
844,Jacobi Inc,jcricketnf@who.int,8761117264,vendor,$2b$12$HIjpK8vLypU7iUApEuFxoO4LeZLhIyUQ5dJBCXbdsVBBJCBbVcTSG,approved
845,Jast Group,eshandng@tiny.cc,3242490999,vendor,$2b$12$HIjpK8vLypU7iUApEuFxoO4LeZLhIyUQ5dJBCXbdsVBBJCBbVcTSG,approved
846,Schamberger-Sauer,mimpynh@nps.gov,4458983111,vendor,$2b$12$HIjpK8vLypU7iUApEuFxoO4LeZLhIyUQ5dJBCXbdsVBBJCBbVcTSG,approved
847,"Leffler, Cartwright and Kuhlman",mruttgersni@uol.com.br,4801641319,vendor,$2b$12$HIjpK8vLypU7iUApEuFxoO4LeZLhIyUQ5dJBCXbdsVBBJCBbVcTSG,approved
848,Smith-Krajcik,lesilmonnj@github.io,4988390406,vendor,$2b$12$HIjpK8vLypU7iUApEuFxoO4LeZLhIyUQ5dJBCXbdsVBBJCBbVcTSG,approved
849,Graham and Sons,sjoslinnk@weebly.com,2606881891,vendor,$2b$12$HIjpK8vLypU7iUApEuFxoO4LeZLhIyUQ5dJBCXbdsVBBJCBbVcTSG,approved
850,"Bogan, Schneider and Hilll",msclaternl@columbia.edu,3164686437,vendor,$2b$12$HIjpK8vLypU7iUApEuFxoO4LeZLhIyUQ5dJBCXbdsVBBJCBbVcTSG,approved
851,"Howe, McDermott and Corwin",skobierzyckinm@spiegel.de,1602316540,vendor,$2b$12$HIjpK8vLypU7iUApEuFxoO4LeZLhIyUQ5dJBCXbdsVBBJCBbVcTSG,approved
852,Price-Lebsack,vsherlocknn@stumbleupon.com,4418880171,vendor,$2b$12$HIjpK8vLypU7iUApEuFxoO4LeZLhIyUQ5dJBCXbdsVBBJCBbVcTSG,approved
853,Zemlak-Lesch,gswindellno@mtv.com,8095204253,vendor,$2b$12$HIjpK8vLypU7iUApEuFxoO4LeZLhIyUQ5dJBCXbdsVBBJCBbVcTSG,approved
854,Huel LLC,ggerlingnp@flickr.com,1031801416,vendor,$2b$12$HIjpK8vLypU7iUApEuFxoO4LeZLhIyUQ5dJBCXbdsVBBJCBbVcTSG,approved
855,Hilpert-Gleason,mmcgintynq@posterous.com,5547772766,vendor,$2b$12$HIjpK8vLypU7iUApEuFxoO4LeZLhIyUQ5dJBCXbdsVBBJCBbVcTSG,approved
856,"Kohler, Fadel and Quitzon",lluisnr@twitter.com,2163160054,vendor,$2b$12$HIjpK8vLypU7iUApEuFxoO4LeZLhIyUQ5dJBCXbdsVBBJCBbVcTSG,approved
857,Bahringer-Daniel,ebrosinins@ameblo.jp,9265582322,vendor,$2b$12$HIjpK8vLypU7iUApEuFxoO4LeZLhIyUQ5dJBCXbdsVBBJCBbVcTSG,approved
858,Schneider-Stoltenberg,rrubeent@barnesandnoble.com,3958746756,vendor,$2b$12$HIjpK8vLypU7iUApEuFxoO4LeZLhIyUQ5dJBCXbdsVBBJCBbVcTSG,approved
859,Daniel-Schowalter,gsmeenu@nytimes.com,8918346453,vendor,$2b$12$HIjpK8vLypU7iUApEuFxoO4LeZLhIyUQ5dJBCXbdsVBBJCBbVcTSG,approved
860,Greenholt and Sons,cgedgenv@rambler.ru,8039592559,vendor,$2b$12$HIjpK8vLypU7iUApEuFxoO4LeZLhIyUQ5dJBCXbdsVBBJCBbVcTSG,approved
861,"Hirthe, Swaniawski and Fadel",gcheeneynw@meetup.com,2938009462,vendor,$2b$12$HIjpK8vLypU7iUApEuFxoO4LeZLhIyUQ5dJBCXbdsVBBJCBbVcTSG,approved
862,Okuneva-Osinski,fwinsburynx@delicious.com,5062904223,vendor,$2b$12$HIjpK8vLypU7iUApEuFxoO4LeZLhIyUQ5dJBCXbdsVBBJCBbVcTSG,approved
863,"Hodkiewicz, Jakubowski and Howell",dpavisny@chron.com,5602168927,vendor,$2b$12$HIjpK8vLypU7iUApEuFxoO4LeZLhIyUQ5dJBCXbdsVBBJCBbVcTSG,approved
864,"Weimann, Powlowski and MacGyver",afeareynz@cbsnews.com,7668585776,vendor,$2b$12$HIjpK8vLypU7iUApEuFxoO4LeZLhIyUQ5dJBCXbdsVBBJCBbVcTSG,approved
865,Frami LLC,croseveareo0@google.pl,9187517239,vendor,$2b$12$HIjpK8vLypU7iUApEuFxoO4LeZLhIyUQ5dJBCXbdsVBBJCBbVcTSG,approved
866,Volkman-Reilly,crabbeo1@ehow.com,4343628671,vendor,$2b$12$HIjpK8vLypU7iUApEuFxoO4LeZLhIyUQ5dJBCXbdsVBBJCBbVcTSG,approved
867,"Heaney, Mante and Terry",jrobeo2@scribd.com,9369607276,vendor,$2b$12$HIjpK8vLypU7iUApEuFxoO4LeZLhIyUQ5dJBCXbdsVBBJCBbVcTSG,approved
868,"Conroy, Lakin and Barton",cdoego3@dailymotion.com,5414165593,vendor,$2b$12$HIjpK8vLypU7iUApEuFxoO4LeZLhIyUQ5dJBCXbdsVBBJCBbVcTSG,approved
869,Prosacco-Streich,cmackino4@time.com,5481787709,vendor,$2b$12$HIjpK8vLypU7iUApEuFxoO4LeZLhIyUQ5dJBCXbdsVBBJCBbVcTSG,approved
870,Dibbert-Cormier,bbabbo5@diigo.com,5877433569,vendor,$2b$12$HIjpK8vLypU7iUApEuFxoO4LeZLhIyUQ5dJBCXbdsVBBJCBbVcTSG,approved
871,Schroeder Group,mciannio6@booking.com,8777955456,vendor,$2b$12$HIjpK8vLypU7iUApEuFxoO4LeZLhIyUQ5dJBCXbdsVBBJCBbVcTSG,approved
872,Balistreri-Zboncak,dscobleo7@baidu.com,4119935110,vendor,$2b$12$HIjpK8vLypU7iUApEuFxoO4LeZLhIyUQ5dJBCXbdsVBBJCBbVcTSG,approved
873,"Kris, Murphy and Romaguera",sroacho8@indiatimes.com,5088742176,vendor,$2b$12$HIjpK8vLypU7iUApEuFxoO4LeZLhIyUQ5dJBCXbdsVBBJCBbVcTSG,approved
874,Ratke Group,wvello9@wsj.com,6284193470,vendor,$2b$12$HIjpK8vLypU7iUApEuFxoO4LeZLhIyUQ5dJBCXbdsVBBJCBbVcTSG,approved
875,Medhurst-Gislason,godoohaineoa@latimes.com,1141789432,vendor,$2b$12$HIjpK8vLypU7iUApEuFxoO4LeZLhIyUQ5dJBCXbdsVBBJCBbVcTSG,approved
876,"Runte, Romaguera and Halvorson",qthorob@bbb.org,3461476018,vendor,$2b$12$HIjpK8vLypU7iUApEuFxoO4LeZLhIyUQ5dJBCXbdsVBBJCBbVcTSG,approved
877,"Hirthe, Ebert and Mante",bevangelinosoc@wikipedia.org,7376448405,vendor,$2b$12$HIjpK8vLypU7iUApEuFxoO4LeZLhIyUQ5dJBCXbdsVBBJCBbVcTSG,approved
878,Buckridge Inc,bgligorijevicod@plala.or.jp,4861214835,vendor,$2b$12$HIjpK8vLypU7iUApEuFxoO4LeZLhIyUQ5dJBCXbdsVBBJCBbVcTSG,approved
879,Heidenreich and Sons,mharbouroe@noaa.gov,9543618610,vendor,$2b$12$HIjpK8vLypU7iUApEuFxoO4LeZLhIyUQ5dJBCXbdsVBBJCBbVcTSG,approved
880,Fisher-Schaden,amaccoleof@pen.io,8783550795,vendor,$2b$12$HIjpK8vLypU7iUApEuFxoO4LeZLhIyUQ5dJBCXbdsVBBJCBbVcTSG,approved
881,Reichert LLC,tagostiniog@wufoo.com,6479516727,vendor,$2b$12$HIjpK8vLypU7iUApEuFxoO4LeZLhIyUQ5dJBCXbdsVBBJCBbVcTSG,approved
882,"Kuhlman, Feil and Beier",smcgonagleoh@ifeng.com,4713400260,vendor,$2b$12$HIjpK8vLypU7iUApEuFxoO4LeZLhIyUQ5dJBCXbdsVBBJCBbVcTSG,approved
883,Bahringer Inc,kellinoi@msn.com,4698009973,vendor,$2b$12$HIjpK8vLypU7iUApEuFxoO4LeZLhIyUQ5dJBCXbdsVBBJCBbVcTSG,approved
884,Reynolds-Padberg,sjackmanoj@alibaba.com,9853891853,vendor,$2b$12$HIjpK8vLypU7iUApEuFxoO4LeZLhIyUQ5dJBCXbdsVBBJCBbVcTSG,approved
885,Kreiger Group,srennelsok@va.gov,2043193341,vendor,$2b$12$HIjpK8vLypU7iUApEuFxoO4LeZLhIyUQ5dJBCXbdsVBBJCBbVcTSG,approved
886,Torp-Toy,emicheletol@fc2.com,5776300425,vendor,$2b$12$HIjpK8vLypU7iUApEuFxoO4LeZLhIyUQ5dJBCXbdsVBBJCBbVcTSG,approved
887,Feil-Bruen,jaldieom@ed.gov,3848846687,vendor,$2b$12$HIjpK8vLypU7iUApEuFxoO4LeZLhIyUQ5dJBCXbdsVBBJCBbVcTSG,approved
888,Nikolaus-Walsh,ecoskerryon@multiply.com,6974704444,vendor,$2b$12$HIjpK8vLypU7iUApEuFxoO4LeZLhIyUQ5dJBCXbdsVBBJCBbVcTSG,approved
889,Cruickshank-Reichel,ppendelloo@pbs.org,5683704038,vendor,$2b$12$HIjpK8vLypU7iUApEuFxoO4LeZLhIyUQ5dJBCXbdsVBBJCBbVcTSG,approved
890,"Lakin, Lockman and Leuschke",clangrishop@dot.gov,1717389476,vendor,$2b$12$HIjpK8vLypU7iUApEuFxoO4LeZLhIyUQ5dJBCXbdsVBBJCBbVcTSG,approved
891,Erdman LLC,bhoweoq@phpbb.com,6917008324,vendor,$2b$12$HIjpK8vLypU7iUApEuFxoO4LeZLhIyUQ5dJBCXbdsVBBJCBbVcTSG,approved
892,"Hansen, Carroll and Lockman",sjennemannor@chron.com,5756477625,vendor,$2b$12$HIjpK8vLypU7iUApEuFxoO4LeZLhIyUQ5dJBCXbdsVBBJCBbVcTSG,approved
893,Will Inc,lhelisos@imdb.com,4475427464,vendor,$2b$12$HIjpK8vLypU7iUApEuFxoO4LeZLhIyUQ5dJBCXbdsVBBJCBbVcTSG,approved
894,Swaniawski Group,epercyot@exblog.jp,9946612737,vendor,$2b$12$HIjpK8vLypU7iUApEuFxoO4LeZLhIyUQ5dJBCXbdsVBBJCBbVcTSG,approved
895,Ledner Inc,jswynleyou@com.com,4442666535,vendor,$2b$12$HIjpK8vLypU7iUApEuFxoO4LeZLhIyUQ5dJBCXbdsVBBJCBbVcTSG,approved
896,Goyette and Sons,tdiruggeroov@ox.ac.uk,4245721156,vendor,$2b$12$HIjpK8vLypU7iUApEuFxoO4LeZLhIyUQ5dJBCXbdsVBBJCBbVcTSG,approved
897,"Stamm, Legros and Douglas",casherow@dot.gov,9592155337,vendor,$2b$12$HIjpK8vLypU7iUApEuFxoO4LeZLhIyUQ5dJBCXbdsVBBJCBbVcTSG,approved
898,Nicolas-Stroman,hcastreeox@archive.org,7167181337,vendor,$2b$12$HIjpK8vLypU7iUApEuFxoO4LeZLhIyUQ5dJBCXbdsVBBJCBbVcTSG,approved
899,"Jacobi, Corwin and Bins",ssimonioy@wiley.com,2725818341,vendor,$2b$12$HIjpK8vLypU7iUApEuFxoO4LeZLhIyUQ5dJBCXbdsVBBJCBbVcTSG,approved
900,Ratke-Kiehn,lsedgemondoz@hud.gov,9548487278,vendor,$2b$12$HIjpK8vLypU7iUApEuFxoO4LeZLhIyUQ5dJBCXbdsVBBJCBbVcTSG,approved
901,Keebler-Littel,kciccarellop0@dropbox.com,3207881945,vendor,$2b$12$HIjpK8vLypU7iUApEuFxoO4LeZLhIyUQ5dJBCXbdsVBBJCBbVcTSG,approved
902,"Spencer, Mraz and Stanton",meaganp1@geocities.com,9892546718,vendor,$2b$12$HIjpK8vLypU7iUApEuFxoO4LeZLhIyUQ5dJBCXbdsVBBJCBbVcTSG,approved
903,"Casper, Bode and West",hjigglep2@barnesandnoble.com,2883792751,vendor,$2b$12$HIjpK8vLypU7iUApEuFxoO4LeZLhIyUQ5dJBCXbdsVBBJCBbVcTSG,approved
904,Hansen-Wilkinson,gazemarp3@nih.gov,6193216491,vendor,$2b$12$HIjpK8vLypU7iUApEuFxoO4LeZLhIyUQ5dJBCXbdsVBBJCBbVcTSG,approved
905,Dibbert LLC,pdollarp4@360.cn,1181796571,vendor,$2b$12$HIjpK8vLypU7iUApEuFxoO4LeZLhIyUQ5dJBCXbdsVBBJCBbVcTSG,approved
906,Tromp-O'Keefe,emariep5@t-online.de,2408862991,vendor,$2b$12$HIjpK8vLypU7iUApEuFxoO4LeZLhIyUQ5dJBCXbdsVBBJCBbVcTSG,approved
907,"Hessel, Baumbach and Leannon",scarlozzip6@goodreads.com,3473703823,vendor,$2b$12$HIjpK8vLypU7iUApEuFxoO4LeZLhIyUQ5dJBCXbdsVBBJCBbVcTSG,approved
908,Ward and Sons,apudgep7@tripadvisor.com,5434651109,vendor,$2b$12$HIjpK8vLypU7iUApEuFxoO4LeZLhIyUQ5dJBCXbdsVBBJCBbVcTSG,approved
909,"O'Kon, Harber and Kautzer",apfeiferp8@nih.gov,5725338426,vendor,$2b$12$HIjpK8vLypU7iUApEuFxoO4LeZLhIyUQ5dJBCXbdsVBBJCBbVcTSG,approved
910,Lebsack-Dietrich,chorribinep9@wikispaces.com,2383327323,vendor,$2b$12$HIjpK8vLypU7iUApEuFxoO4LeZLhIyUQ5dJBCXbdsVBBJCBbVcTSG,approved
911,"Yundt, Marvin and Auer",hkimmingspa@ehow.com,7092648443,vendor,$2b$12$HIjpK8vLypU7iUApEuFxoO4LeZLhIyUQ5dJBCXbdsVBBJCBbVcTSG,approved
912,Lindgren Inc,cmeighanpb@dmoz.org,6752176890,vendor,$2b$12$HIjpK8vLypU7iUApEuFxoO4LeZLhIyUQ5dJBCXbdsVBBJCBbVcTSG,approved
913,Abshire-Bednar,astorrepc@reuters.com,4006907345,vendor,$2b$12$HIjpK8vLypU7iUApEuFxoO4LeZLhIyUQ5dJBCXbdsVBBJCBbVcTSG,approved
914,"Bartoletti, Krajcik and Bartell",mdetocquevillepd@oakley.com,3983641558,vendor,$2b$12$HIjpK8vLypU7iUApEuFxoO4LeZLhIyUQ5dJBCXbdsVBBJCBbVcTSG,approved
915,Lockman Group,tcarlingpe@hubpages.com,3317273879,vendor,$2b$12$HIjpK8vLypU7iUApEuFxoO4LeZLhIyUQ5dJBCXbdsVBBJCBbVcTSG,approved
916,Bosco-Boyer,mquinionpf@google.de,1802529780,vendor,$2b$12$HIjpK8vLypU7iUApEuFxoO4LeZLhIyUQ5dJBCXbdsVBBJCBbVcTSG,approved
917,Ritchie Inc,kbahlpg@msu.edu,9279865719,vendor,$2b$12$HIjpK8vLypU7iUApEuFxoO4LeZLhIyUQ5dJBCXbdsVBBJCBbVcTSG,approved
918,Wyman Inc,kbenfordph@quantcast.com,8891874995,vendor,$2b$12$HIjpK8vLypU7iUApEuFxoO4LeZLhIyUQ5dJBCXbdsVBBJCBbVcTSG,approved
919,Smith and Sons,jtolworthiepi@a8.net,9879963710,vendor,$2b$12$HIjpK8vLypU7iUApEuFxoO4LeZLhIyUQ5dJBCXbdsVBBJCBbVcTSG,approved
920,"Rogahn, Christiansen and Kautzer",gbusherpj@google.com.hk,3149869911,vendor,$2b$12$HIjpK8vLypU7iUApEuFxoO4LeZLhIyUQ5dJBCXbdsVBBJCBbVcTSG,approved
921,"Ledner, Conroy and Cassin",jgallepk@prlog.org,2161070695,vendor,$2b$12$HIjpK8vLypU7iUApEuFxoO4LeZLhIyUQ5dJBCXbdsVBBJCBbVcTSG,approved
922,Predovic-Spinka,astrangewaypl@issuu.com,7958292135,vendor,$2b$12$HIjpK8vLypU7iUApEuFxoO4LeZLhIyUQ5dJBCXbdsVBBJCBbVcTSG,approved
923,Bergnaum-Aufderhar,glawfullpm@nymag.com,8776531647,vendor,$2b$12$HIjpK8vLypU7iUApEuFxoO4LeZLhIyUQ5dJBCXbdsVBBJCBbVcTSG,approved
924,Kuhn-Jacobson,agittispn@discuz.net,9643882033,vendor,$2b$12$HIjpK8vLypU7iUApEuFxoO4LeZLhIyUQ5dJBCXbdsVBBJCBbVcTSG,approved
925,Nader LLC,achislettpo@soup.io,8745773920,vendor,$2b$12$HIjpK8vLypU7iUApEuFxoO4LeZLhIyUQ5dJBCXbdsVBBJCBbVcTSG,approved
926,"Sporer, Reinger and Buckridge",obrozssetpp@uol.com.br,3649096012,vendor,$2b$12$HIjpK8vLypU7iUApEuFxoO4LeZLhIyUQ5dJBCXbdsVBBJCBbVcTSG,approved
927,Kessler LLC,otegellerpq@163.com,8469655838,vendor,$2b$12$HIjpK8vLypU7iUApEuFxoO4LeZLhIyUQ5dJBCXbdsVBBJCBbVcTSG,approved
928,Harvey-D'Amore,ljaggipr@nps.gov,3671087913,vendor,$2b$12$HIjpK8vLypU7iUApEuFxoO4LeZLhIyUQ5dJBCXbdsVBBJCBbVcTSG,approved
929,Abbott Group,abricketps@timesonline.co.uk,5976474738,vendor,$2b$12$HIjpK8vLypU7iUApEuFxoO4LeZLhIyUQ5dJBCXbdsVBBJCBbVcTSG,approved
930,Keeling and Sons,hsellpt@histats.com,9958833552,vendor,$2b$12$HIjpK8vLypU7iUApEuFxoO4LeZLhIyUQ5dJBCXbdsVBBJCBbVcTSG,approved
931,"Howe, Goldner and Lynch",naberdalgypu@springer.com,4826905214,vendor,$2b$12$HIjpK8vLypU7iUApEuFxoO4LeZLhIyUQ5dJBCXbdsVBBJCBbVcTSG,approved
932,Gleason LLC,ajeramspv@forbes.com,3472592618,vendor,$2b$12$HIjpK8vLypU7iUApEuFxoO4LeZLhIyUQ5dJBCXbdsVBBJCBbVcTSG,approved
933,"Bauch, Bednar and Kilback",hsatcherpw@tamu.edu,8805473690,vendor,$2b$12$HIjpK8vLypU7iUApEuFxoO4LeZLhIyUQ5dJBCXbdsVBBJCBbVcTSG,approved
934,Rath LLC,cdelmontepx@imdb.com,5603956932,vendor,$2b$12$HIjpK8vLypU7iUApEuFxoO4LeZLhIyUQ5dJBCXbdsVBBJCBbVcTSG,approved
935,Schultz LLC,rcattermolepy@a8.net,9264074957,vendor,$2b$12$HIjpK8vLypU7iUApEuFxoO4LeZLhIyUQ5dJBCXbdsVBBJCBbVcTSG,approved
936,Graham Group,fbacksonpz@state.gov,1378744584,vendor,$2b$12$HIjpK8vLypU7iUApEuFxoO4LeZLhIyUQ5dJBCXbdsVBBJCBbVcTSG,approved
937,Fritsch LLC,ucromlyq0@wired.com,8151963535,vendor,$2b$12$HIjpK8vLypU7iUApEuFxoO4LeZLhIyUQ5dJBCXbdsVBBJCBbVcTSG,approved
938,Hartmann-Wiegand,cwofendenq1@google.ca,3426015114,vendor,$2b$12$HIjpK8vLypU7iUApEuFxoO4LeZLhIyUQ5dJBCXbdsVBBJCBbVcTSG,approved
939,Howell-Feest,rdeenyq2@dell.com,9274500140,vendor,$2b$12$HIjpK8vLypU7iUApEuFxoO4LeZLhIyUQ5dJBCXbdsVBBJCBbVcTSG,approved
940,Medhurst-Schoen,irudolfq3@themeforest.net,7887072978,vendor,$2b$12$HIjpK8vLypU7iUApEuFxoO4LeZLhIyUQ5dJBCXbdsVBBJCBbVcTSG,approved
941,"Walsh, Bednar and Wiza",nscargillq4@sun.com,9057689759,vendor,$2b$12$HIjpK8vLypU7iUApEuFxoO4LeZLhIyUQ5dJBCXbdsVBBJCBbVcTSG,approved
942,Boyer Group,mhalstedq5@nature.com,3041509698,vendor,$2b$12$HIjpK8vLypU7iUApEuFxoO4LeZLhIyUQ5dJBCXbdsVBBJCBbVcTSG,approved
943,"Kiehn, Kutch and Spencer",dkasq6@springer.com,2729029077,vendor,$2b$12$HIjpK8vLypU7iUApEuFxoO4LeZLhIyUQ5dJBCXbdsVBBJCBbVcTSG,approved
944,"Becker, Hauck and Tillman",gwraightq7@google.co.uk,4535644901,vendor,$2b$12$HIjpK8vLypU7iUApEuFxoO4LeZLhIyUQ5dJBCXbdsVBBJCBbVcTSG,approved
945,Welch Inc,hcockmanq8@odnoklassniki.ru,7193585358,vendor,$2b$12$HIjpK8vLypU7iUApEuFxoO4LeZLhIyUQ5dJBCXbdsVBBJCBbVcTSG,approved
946,Blanda-Hilpert,ebrazenorq9@bbc.co.uk,8709822846,vendor,$2b$12$HIjpK8vLypU7iUApEuFxoO4LeZLhIyUQ5dJBCXbdsVBBJCBbVcTSG,approved
947,O'Kon LLC,msandsqa@ted.com,2041557952,vendor,$2b$12$HIjpK8vLypU7iUApEuFxoO4LeZLhIyUQ5dJBCXbdsVBBJCBbVcTSG,approved
948,Lesch and Sons,ncannamqb@tmall.com,8846882209,vendor,$2b$12$HIjpK8vLypU7iUApEuFxoO4LeZLhIyUQ5dJBCXbdsVBBJCBbVcTSG,approved
949,Rodriguez-Harber,mtomowiczqc@altervista.org,6892783472,vendor,$2b$12$HIjpK8vLypU7iUApEuFxoO4LeZLhIyUQ5dJBCXbdsVBBJCBbVcTSG,approved
950,"Kerluke, Gulgowski and Ferry",svowdonqd@google.com,2067982121,vendor,$2b$12$HIjpK8vLypU7iUApEuFxoO4LeZLhIyUQ5dJBCXbdsVBBJCBbVcTSG,approved
951,"Mitchell, Shanahan and Roberts",candrejevicqe@nytimes.com,9385619633,vendor,$2b$12$HIjpK8vLypU7iUApEuFxoO4LeZLhIyUQ5dJBCXbdsVBBJCBbVcTSG,approved
952,Koss and Sons,frollingsqf@1und1.de,2821954483,vendor,$2b$12$HIjpK8vLypU7iUApEuFxoO4LeZLhIyUQ5dJBCXbdsVBBJCBbVcTSG,approved
953,"O'Connell, Pfannerstill and Wehner",cyarringtonqg@webmd.com,8397938821,vendor,$2b$12$HIjpK8vLypU7iUApEuFxoO4LeZLhIyUQ5dJBCXbdsVBBJCBbVcTSG,approved
954,"Dare, Heathcote and Buckridge",eabelovitzqh@kickstarter.com,4906548629,vendor,$2b$12$HIjpK8vLypU7iUApEuFxoO4LeZLhIyUQ5dJBCXbdsVBBJCBbVcTSG,approved
955,"Funk, Paucek and Larson",csneddonqi@clickbank.net,6164629648,vendor,$2b$12$HIjpK8vLypU7iUApEuFxoO4LeZLhIyUQ5dJBCXbdsVBBJCBbVcTSG,approved
956,"Murazik, Sanford and Becker",jfellneeqj@ow.ly,3323019023,vendor,$2b$12$HIjpK8vLypU7iUApEuFxoO4LeZLhIyUQ5dJBCXbdsVBBJCBbVcTSG,approved
957,"Huels, Steuber and Klein",oheiningqk@printfriendly.com,9157347568,vendor,$2b$12$HIjpK8vLypU7iUApEuFxoO4LeZLhIyUQ5dJBCXbdsVBBJCBbVcTSG,approved
958,"Boyer, Fadel and Wyman",ebrookzql@businessinsider.com,5608872345,vendor,$2b$12$HIjpK8vLypU7iUApEuFxoO4LeZLhIyUQ5dJBCXbdsVBBJCBbVcTSG,approved
959,Goldner and Sons,crebichonqm@forbes.com,2835615053,vendor,$2b$12$HIjpK8vLypU7iUApEuFxoO4LeZLhIyUQ5dJBCXbdsVBBJCBbVcTSG,approved
960,Boyle-Bosco,bspratlingqn@macromedia.com,7218972022,vendor,$2b$12$HIjpK8vLypU7iUApEuFxoO4LeZLhIyUQ5dJBCXbdsVBBJCBbVcTSG,approved
961,Quitzon and Sons,areubelqo@npr.org,7057260262,vendor,$2b$12$HIjpK8vLypU7iUApEuFxoO4LeZLhIyUQ5dJBCXbdsVBBJCBbVcTSG,approved
962,Swift-Hettinger,cbausorqp@jiathis.com,4606917693,vendor,$2b$12$HIjpK8vLypU7iUApEuFxoO4LeZLhIyUQ5dJBCXbdsVBBJCBbVcTSG,approved
963,Robel and Sons,fszaboqq@cbsnews.com,3669686938,vendor,$2b$12$HIjpK8vLypU7iUApEuFxoO4LeZLhIyUQ5dJBCXbdsVBBJCBbVcTSG,approved
964,Bosco Inc,mmcmillanqr@nydailynews.com,5653536448,vendor,$2b$12$HIjpK8vLypU7iUApEuFxoO4LeZLhIyUQ5dJBCXbdsVBBJCBbVcTSG,approved
965,"Christiansen, Nader and Wiza",pmathieuqs@jimdo.com,4243521376,vendor,$2b$12$HIjpK8vLypU7iUApEuFxoO4LeZLhIyUQ5dJBCXbdsVBBJCBbVcTSG,approved
966,"Bernier, Parker and Rutherford",dgilffillanqt@vk.com,5533774892,vendor,$2b$12$HIjpK8vLypU7iUApEuFxoO4LeZLhIyUQ5dJBCXbdsVBBJCBbVcTSG,approved
967,"Nienow, Kautzer and Grant",ltremontequ@seattletimes.com,8579641515,vendor,$2b$12$HIjpK8vLypU7iUApEuFxoO4LeZLhIyUQ5dJBCXbdsVBBJCBbVcTSG,approved
968,Wisoky-Brekke,cmoppettqv@sourceforge.net,1937209148,vendor,$2b$12$HIjpK8vLypU7iUApEuFxoO4LeZLhIyUQ5dJBCXbdsVBBJCBbVcTSG,approved
969,Braun Group,cmattusevichqw@about.me,9969833499,vendor,$2b$12$HIjpK8vLypU7iUApEuFxoO4LeZLhIyUQ5dJBCXbdsVBBJCBbVcTSG,approved
970,Harvey-Walker,gfuzzeyqx@newyorker.com,2054186001,vendor,$2b$12$HIjpK8vLypU7iUApEuFxoO4LeZLhIyUQ5dJBCXbdsVBBJCBbVcTSG,approved
971,"Kris, Koch and Barrows",bbrafieldqy@twitpic.com,1268407171,vendor,$2b$12$HIjpK8vLypU7iUApEuFxoO4LeZLhIyUQ5dJBCXbdsVBBJCBbVcTSG,approved
972,"Emmerich, Streich and Beatty",jducastelqz@fotki.com,5355715671,vendor,$2b$12$HIjpK8vLypU7iUApEuFxoO4LeZLhIyUQ5dJBCXbdsVBBJCBbVcTSG,approved
973,Konopelski-McCullough,arandlesr0@prweb.com,9746871302,vendor,$2b$12$HIjpK8vLypU7iUApEuFxoO4LeZLhIyUQ5dJBCXbdsVBBJCBbVcTSG,approved
974,"Pfannerstill, Harber and Wehner",lkennawayr1@tripadvisor.com,1405168144,vendor,$2b$12$HIjpK8vLypU7iUApEuFxoO4LeZLhIyUQ5dJBCXbdsVBBJCBbVcTSG,approved
975,"Von, Dietrich and Jacobi",vskatcherr2@engadget.com,8746958053,vendor,$2b$12$HIjpK8vLypU7iUApEuFxoO4LeZLhIyUQ5dJBCXbdsVBBJCBbVcTSG,approved
976,"Nolan, Lynch and Stark",bnernr3@cornell.edu,9739964191,vendor,$2b$12$HIjpK8vLypU7iUApEuFxoO4LeZLhIyUQ5dJBCXbdsVBBJCBbVcTSG,approved
977,Pfeffer-Gislason,oowthwaiter4@dropbox.com,3015071302,vendor,$2b$12$HIjpK8vLypU7iUApEuFxoO4LeZLhIyUQ5dJBCXbdsVBBJCBbVcTSG,approved
978,"Balistreri, Pfeffer and Kuphal",cblancower5@usda.gov,6627882802,vendor,$2b$12$HIjpK8vLypU7iUApEuFxoO4LeZLhIyUQ5dJBCXbdsVBBJCBbVcTSG,approved
979,Torp Inc,hhowtopreserver6@berkeley.edu,1134099046,vendor,$2b$12$HIjpK8vLypU7iUApEuFxoO4LeZLhIyUQ5dJBCXbdsVBBJCBbVcTSG,approved
980,Legros LLC,ltitmarshr7@wikimedia.org,6904055645,vendor,$2b$12$HIjpK8vLypU7iUApEuFxoO4LeZLhIyUQ5dJBCXbdsVBBJCBbVcTSG,approved
981,"Kunde, Cummerata and Reilly",sarderner8@cdbaby.com,5403294903,vendor,$2b$12$HIjpK8vLypU7iUApEuFxoO4LeZLhIyUQ5dJBCXbdsVBBJCBbVcTSG,approved
982,"Witting, Lakin and Roob",fgerlackr9@mlb.com,9069378699,vendor,$2b$12$HIjpK8vLypU7iUApEuFxoO4LeZLhIyUQ5dJBCXbdsVBBJCBbVcTSG,approved
983,Ruecker Inc,asoldanra@godaddy.com,2466544369,vendor,$2b$12$HIjpK8vLypU7iUApEuFxoO4LeZLhIyUQ5dJBCXbdsVBBJCBbVcTSG,approved
984,"Pollich, Jast and Jenkins",agatchrb@foxnews.com,2278381215,vendor,$2b$12$HIjpK8vLypU7iUApEuFxoO4LeZLhIyUQ5dJBCXbdsVBBJCBbVcTSG,approved
985,Homenick-Steuber,rmarenrc@smugmug.com,8913179751,vendor,$2b$12$HIjpK8vLypU7iUApEuFxoO4LeZLhIyUQ5dJBCXbdsVBBJCBbVcTSG,approved
986,"Considine, Jones and Herzog",amownerd@europa.eu,2851735652,vendor,$2b$12$HIjpK8vLypU7iUApEuFxoO4LeZLhIyUQ5dJBCXbdsVBBJCBbVcTSG,approved
987,Schamberger Inc,jhowiesonre@trellian.com,9834856366,vendor,$2b$12$HIjpK8vLypU7iUApEuFxoO4LeZLhIyUQ5dJBCXbdsVBBJCBbVcTSG,approved
988,"Grant, Schumm and Stanton",kgowdierf@house.gov,9171555275,vendor,$2b$12$HIjpK8vLypU7iUApEuFxoO4LeZLhIyUQ5dJBCXbdsVBBJCBbVcTSG,approved
989,"Moore, Veum and Altenwerth",okennarg@people.com.cn,8063461076,vendor,$2b$12$HIjpK8vLypU7iUApEuFxoO4LeZLhIyUQ5dJBCXbdsVBBJCBbVcTSG,approved
990,Mante-Torp,rbarnevillerh@unicef.org,3693551470,vendor,$2b$12$HIjpK8vLypU7iUApEuFxoO4LeZLhIyUQ5dJBCXbdsVBBJCBbVcTSG,approved
991,"Wisoky, Becker and Lindgren",abisattri@pinterest.com,2568619578,vendor,$2b$12$HIjpK8vLypU7iUApEuFxoO4LeZLhIyUQ5dJBCXbdsVBBJCBbVcTSG,approved
992,Steuber Group,cpigeramrj@themeforest.net,3491927191,vendor,$2b$12$HIjpK8vLypU7iUApEuFxoO4LeZLhIyUQ5dJBCXbdsVBBJCBbVcTSG,approved
993,Murphy-Wuckert,wlukovicrk@youku.com,5351694793,vendor,$2b$12$HIjpK8vLypU7iUApEuFxoO4LeZLhIyUQ5dJBCXbdsVBBJCBbVcTSG,approved
994,Lesch and Sons,tkersleyrl@dailymail.co.uk,4988960443,vendor,$2b$12$HIjpK8vLypU7iUApEuFxoO4LeZLhIyUQ5dJBCXbdsVBBJCBbVcTSG,approved
995,Quigley Group,bderdesrm@g.co,5838261348,vendor,$2b$12$HIjpK8vLypU7iUApEuFxoO4LeZLhIyUQ5dJBCXbdsVBBJCBbVcTSG,approved
996,Carter and Sons,radrianrn@histats.com,6327365259,vendor,$2b$12$HIjpK8vLypU7iUApEuFxoO4LeZLhIyUQ5dJBCXbdsVBBJCBbVcTSG,approved
997,Pfannerstill Group,jbirchnerro@woothemes.com,4155114051,vendor,$2b$12$HIjpK8vLypU7iUApEuFxoO4LeZLhIyUQ5dJBCXbdsVBBJCBbVcTSG,approved
998,Nader-Macejkovic,eabrahamovitzrp@mit.edu,6001708595,vendor,$2b$12$HIjpK8vLypU7iUApEuFxoO4LeZLhIyUQ5dJBCXbdsVBBJCBbVcTSG,approved
999,Jenkins-O'Kon,rmacsherryrq@vimeo.com,8403311254,vendor,$2b$12$HIjpK8vLypU7iUApEuFxoO4LeZLhIyUQ5dJBCXbdsVBBJCBbVcTSG,approved
1000,Schaefer-Weber,ablazewiczrr@imgur.com,2745424589,vendor,$2b$12$HIjpK8vLypU7iUApEuFxoO4LeZLhIyUQ5dJBCXbdsVBBJCBbVcTSG,approved
