id,vendor_name,contact_person,email,phone,category,reliability_score,risk_tire,status,registered_at,last_order_date,contract_ended_date
1,"Paucek, Hudson and Kulas","Paucek, Hudson and Kulas",jarpin0@google.de,6753410538,Logistics Partners,83,Medium Risk,Accepting Orders,,,
2,Simonis-Bins,Simonis-Bins,jsizzey1@businessinsider.com,7331432364,IT Vendors,100,High Risk,Not Accepting Orders,,,
3,Dach-Hamill,Dach-Hamill,dleuty2@pagesperso-orange.fr,2076469493,Maintenance Vendors,97,Low Risk,Accepting Orders,,,
4,"Rodriguez, Cartwright and Gislason","Rodriguez, Cartwright and Gislason",lballingal3@google.ca,4348224234,Service Providers,83,High Risk,Accepting Orders,,,
5,"Hudson, Reichel and Powlowski","Hudson, Reichel and Powlowski",cpetrishchev4@xrea.com,8897380831,Service Providers,81,Medium Risk,Accepting Orders,,,
6,"Stamm, Hammes and Williamson","Stamm, Hammes and Williamson",hkedslie5@upenn.edu,4631438253,Raw Material Suppliers,100,Low Risk,Not Accepting Orders,,,
7,"Harber, Donnelly and Anderson","Harber, Donnelly and Anderson",hparfrey6@cargocollective.com,5295238635,Equipment Vendors,83,Medium Risk,Accepting Orders,,,
8,Kuhic-Koelpin,Kuhic-Koelpin,jarrault7@imdb.com,5687298276,IT Vendors,83,High Risk,Accepting Orders,,,
9,West and Sons,West and Sons,whelks8@cpanel.net,2383051544,Maintenance Vendors,100,Medium Risk,Not Accepting Orders,,,
10,Bogan-Jacobson,Bogan-Jacobson,rtrigg9@odnoklassniki.ru,1275803074,Maintenance Vendors,83,High Risk,Not Accepting Orders,,,
11,Bechtelar-Swaniawski,Bechtelar-Swaniawski,ddonisia@exblog.jp,3436574766,Service Providers,83,Medium Risk,Accepting Orders,,,
12,"Trantow, Ledner and Mante","Trantow, Ledner and Mante",sdibiasib@upenn.edu,2598304598,Raw Material Suppliers,98,High Risk,Accepting Orders,,,
13,"Sporer, Mayert and Mills","Sporer, Mayert and Mills",oethridgec@github.com,7928315362,IT Vendors,100,Medium Risk,Accepting Orders,,,
14,Prosacco-Funk,Prosacco-Funk,rjeynesd@wikipedia.org,1855401209,Logistics Partners,97,Medium Risk,Accepting Orders,,,
15,Stamm LLC,Stamm LLC,mhuytone@mapy.cz,9868918983,Equipment Vendors,75,High Risk,Accepting Orders,,,
16,Leannon Group,Leannon Group,feccleshallf@youku.com,5131478700,Maintenance Vendors,100,Low Risk,Accepting Orders,,,
17,Mertz and Sons,Mertz and Sons,ajanatag@berkeley.edu,9197714637,Service Providers,75,High Risk,Accepting Orders,,,
18,O'Kon-Witting,O'Kon-Witting,dormistoneh@shinystat.com,3711440847,Equipment Vendors,81,Low Risk,Accepting Orders,,,
19,"Adams, Howell and Smitham","Adams, Howell and Smitham",hohagertyi@amazonaws.com,1193441874,Service Providers,81,Low Risk,Not Accepting Orders,,,
20,Hand Group,Hand Group,dmacevillyj@earthlink.net,6125481958,Maintenance Vendors,98,Low Risk,Accepting Orders,,,
21,"Bailey, Stiedemann and Treutel","Bailey, Stiedemann and Treutel",nrosparsk@state.tx.us,5364771819,Logistics Partners,81,High Risk,Accepting Orders,,,
22,"Monahan, Schmidt and Lubowitz","Monahan, Schmidt and Lubowitz",restcourtl@cisco.com,3817847431,Service Providers,83,Low Risk,Accepting Orders,,,
23,"Veum, McGlynn and Anderson","Veum, McGlynn and Anderson",rkellowaym@ebay.com,8985842445,Equipment Vendors,81,Medium Risk,Accepting Orders,,,
24,Harber Group,Harber Group,sshippardn@census.gov,2583751330,Equipment Vendors,100,High Risk,Accepting Orders,,,
25,Bruen Group,Bruen Group,ovanyushino@infoseek.co.jp,6047587103,Raw Material Suppliers,80,High Risk,Not Accepting Orders,,,
26,"Abbott, Treutel and Heaney","Abbott, Treutel and Heaney",nokellp@ocn.ne.jp,4138538224,Raw Material Suppliers,81,High Risk,Not Accepting Orders,,,
27,Davis Inc,Davis Inc,blegrandq@tinypic.com,3008581740,Raw Material Suppliers,80,Low Risk,Accepting Orders,,,
28,Hackett-Williamson,Hackett-Williamson,dyerrellr@oaic.gov.au,4423254039,Logistics Partners,81,Low Risk,Accepting Orders,,,
29,"Klocko, Gulgowski and Schinner","Klocko, Gulgowski and Schinner",jheitzs@pen.io,4476549267,Logistics Partners,97,High Risk,Accepting Orders,,,
30,Pacocha-Purdy,Pacocha-Purdy,bmacauleyt@usnews.com,2733553885,IT Vendors,75,High Risk,Accepting Orders,,,
31,Brakus and Sons,Brakus and Sons,saimsonu@alibaba.com,7403557313,Service Providers,75,High Risk,Accepting Orders,,,
32,"Kerluke, Auer and Lueilwitz","Kerluke, Auer and Lueilwitz",bgibbev@icio.us,2168415108,Equipment Vendors,97,Medium Risk,Not Accepting Orders,,,
33,Sauer and Sons,Sauer and Sons,eilyasw@eepurl.com,5234208917,Service Providers,98,High Risk,Accepting Orders,,,
34,Turcotte Inc,Turcotte Inc,akingsnodex@virginia.edu,6128511279,Raw Material Suppliers,83,Low Risk,Not Accepting Orders,,,
35,Purdy-Kris,Purdy-Kris,ifrilly@linkedin.com,7881426628,Maintenance Vendors,75,Medium Risk,Not Accepting Orders,,,
36,Lesch-Larkin,Lesch-Larkin,zverduinz@cpanel.net,5992418510,Service Providers,100,Low Risk,Not Accepting Orders,,,
37,Leuschke-Gottlieb,Leuschke-Gottlieb,mwytchard10@g.co,3751209639,Raw Material Suppliers,97,High Risk,Not Accepting Orders,,,
38,"Gerlach, Friesen and Howell","Gerlach, Friesen and Howell",ftomson11@ed.gov,1412779969,IT Vendors,100,Low Risk,Accepting Orders,,,
39,"DuBuque, Schroeder and Schaefer","DuBuque, Schroeder and Schaefer",thosier12@blogspot.com,4242107494,Service Providers,98,Low Risk,Not Accepting Orders,,,
40,"Moen, Hermiston and Ebert","Moen, Hermiston and Ebert",jhards13@nba.com,8198122873,Logistics Partners,81,High Risk,Not Accepting Orders,,,
41,Kuvalis and Sons,Kuvalis and Sons,eevenden14@deviantart.com,3512065017,Maintenance Vendors,98,Medium Risk,Accepting Orders,,,
42,"Reinger, Johnston and Walsh","Reinger, Johnston and Walsh",trisborough15@intel.com,5874419620,Raw Material Suppliers,100,High Risk,Accepting Orders,,,
43,"Wilderman, Mayert and Wisozk","Wilderman, Mayert and Wisozk",bbyer16@mozilla.com,5679378631,Equipment Vendors,80,Low Risk,Accepting Orders,,,
44,Monahan LLC,Monahan LLC,abranca17@discovery.com,1001300467,Maintenance Vendors,83,Medium Risk,Not Accepting Orders,,,
45,"Abernathy, Nicolas and Cummings","Abernathy, Nicolas and Cummings",mlapwood18@youtube.com,1906375112,Maintenance Vendors,100,High Risk,Not Accepting Orders,,,
46,Barrows-Schroeder,Barrows-Schroeder,glowery19@usda.gov,2134077601,IT Vendors,83,Low Risk,Accepting Orders,,,
47,"Harris, Rau and Kohler","Harris, Rau and Kohler",tphil1a@senate.gov,3148755223,Logistics Partners,80,Medium Risk,Not Accepting Orders,,,
48,"Kerluke, Olson and Hyatt","Kerluke, Olson and Hyatt",spollett1b@wikipedia.org,1008080048,Service Providers,83,Low Risk,Not Accepting Orders,,,
49,Kuvalis-Corwin,Kuvalis-Corwin,dfosken1c@oaic.gov.au,4627431134,Service Providers,80,High Risk,Accepting Orders,,,
50,"Hagenes, Veum and Deckow","Hagenes, Veum and Deckow",rspikeings1d@amazon.co.uk,3113273647,Maintenance Vendors,75,Medium Risk,Accepting Orders,,,
51,Koss LLC,Koss LLC,lmussard1e@rambler.ru,8551537082,IT Vendors,83,Medium Risk,Accepting Orders,,,
52,"Ward, Kuphal and O'Connell","Ward, Kuphal and O'Connell",bbaudasso1f@purevolume.com,3286099245,IT Vendors,100,High Risk,Not Accepting Orders,,,
53,"Jerde, Thompson and Wolff","Jerde, Thompson and Wolff",mbullon1g@printfriendly.com,1891632892,Logistics Partners,80,Medium Risk,Accepting Orders,,,
54,Yost-Bogan,Yost-Bogan,slonsdale1h@vimeo.com,7095563396,Equipment Vendors,80,Medium Risk,Not Accepting Orders,,,
55,"Erdman, Hirthe and Luettgen","Erdman, Hirthe and Luettgen",kgynne1i@sciencedaily.com,4588133623,IT Vendors,97,Low Risk,Accepting Orders,,,
56,Parisian and Sons,Parisian and Sons,kbrockbank1j@cbc.ca,3859565661,IT Vendors,100,Medium Risk,Not Accepting Orders,,,
57,Parker Inc,Parker Inc,cblampy1k@slashdot.org,3664232992,IT Vendors,98,Medium Risk,Not Accepting Orders,,,
58,"Prosacco, Legros and Donnelly","Prosacco, Legros and Donnelly",lcobbald1l@example.com,6276599872,Logistics Partners,81,High Risk,Accepting Orders,,,
59,Stoltenberg Group,Stoltenberg Group,glangston1m@boston.com,7095475094,Maintenance Vendors,80,Medium Risk,Accepting Orders,,,
60,Howe Inc,Howe Inc,bgarlinge1n@reddit.com,2328100924,Equipment Vendors,80,Medium Risk,Accepting Orders,,,
61,Herman-Haag,Herman-Haag,bbuggs1o@house.gov,7356766583,IT Vendors,75,High Risk,Not Accepting Orders,,,
62,Dickens-Moen,Dickens-Moen,mkaine1p@blogs.com,8972022209,Raw Material Suppliers,75,Low Risk,Not Accepting Orders,,,
63,Wolff Inc,Wolff Inc,weaseman1q@nationalgeographic.com,9478726167,Logistics Partners,83,Medium Risk,Accepting Orders,,,
64,Daugherty LLC,Daugherty LLC,tjephcott1r@sfgate.com,9725546637,Maintenance Vendors,97,Medium Risk,Not Accepting Orders,,,
65,Gleichner-Walter,Gleichner-Walter,ceshmade1s@plala.or.jp,4855504640,Service Providers,75,Low Risk,Accepting Orders,,,
66,Ruecker-DuBuque,Ruecker-DuBuque,wcaddick1t@scientificamerican.com,9738616284,Logistics Partners,81,Low Risk,Accepting Orders,,,
67,"Deckow, Rohan and McCullough","Deckow, Rohan and McCullough",cbelliveau1u@foxnews.com,5132944762,Logistics Partners,98,Low Risk,Not Accepting Orders,,,
68,White Inc,White Inc,tabelwhite1v@freewebs.com,4929946044,IT Vendors,81,Medium Risk,Not Accepting Orders,,,
69,Klocko LLC,Klocko LLC,jmcvity1w@gnu.org,5662781945,Equipment Vendors,81,Medium Risk,Accepting Orders,,,
70,"Mayert, Volkman and Kihn","Mayert, Volkman and Kihn",cmowen1x@bbb.org,2886397452,Equipment Vendors,80,High Risk,Not Accepting Orders,,,
71,Bruen Inc,Bruen Inc,lgrolle1y@over-blog.com,9505328641,Maintenance Vendors,81,High Risk,Not Accepting Orders,,,
72,"Dickens, Baumbach and Wintheiser","Dickens, Baumbach and Wintheiser",mmcnish1z@springer.com,7004945888,IT Vendors,98,Medium Risk,Not Accepting Orders,,,
73,Fisher-Padberg,Fisher-Padberg,dducarel20@rambler.ru,3596421475,Equipment Vendors,80,Medium Risk,Not Accepting Orders,,,
74,Champlin and Sons,Champlin and Sons,azielinski21@mapy.cz,9789153189,Logistics Partners,100,High Risk,Not Accepting Orders,,,
75,Kozey and Sons,Kozey and Sons,ehazelby22@baidu.com,9417793492,Equipment Vendors,80,High Risk,Accepting Orders,,,
76,Flatley and Sons,Flatley and Sons,rwhannel23@microsoft.com,1437844163,Equipment Vendors,81,Low Risk,Not Accepting Orders,,,
77,"Thiel, Kulas and Hudson","Thiel, Kulas and Hudson",gcudby24@digg.com,1572585537,Logistics Partners,97,High Risk,Accepting Orders,,,
78,Reynolds Inc,Reynolds Inc,bpavitt25@independent.co.uk,3736272837,Raw Material Suppliers,100,Medium Risk,Accepting Orders,,,
79,"DuBuque, Hills and Beier","DuBuque, Hills and Beier",ncammidge26@friendfeed.com,1697125076,Equipment Vendors,81,Medium Risk,Not Accepting Orders,,,
80,Denesik and Sons,Denesik and Sons,cburlingham27@nhs.uk,9305660047,Maintenance Vendors,80,High Risk,Accepting Orders,,,
81,"Dietrich, Stiedemann and Fritsch","Dietrich, Stiedemann and Fritsch",crawstron28@scientificamerican.com,5477107440,Logistics Partners,83,High Risk,Accepting Orders,,,
82,"Erdman, Nienow and Ritchie","Erdman, Nienow and Ritchie",enutt29@howstuffworks.com,2566193243,Maintenance Vendors,98,Low Risk,Not Accepting Orders,,,
83,Larkin-Jacobi,Larkin-Jacobi,jdehailes2a@themeforest.net,2276682871,Maintenance Vendors,97,Low Risk,Accepting Orders,,,
84,"Reinger, Jerde and Kunde","Reinger, Jerde and Kunde",dbetton2b@bizjournals.com,8006619668,Equipment Vendors,80,High Risk,Accepting Orders,,,
85,Adams-Doyle,Adams-Doyle,crighy2c@flavors.me,9439839826,Logistics Partners,81,High Risk,Not Accepting Orders,,,
86,"Bernhard, Pfannerstill and McLaughlin","Bernhard, Pfannerstill and McLaughlin",aghelarducci2d@theglobeandmail.com,2705287450,Logistics Partners,97,Low Risk,Accepting Orders,,,
87,Watsica LLC,Watsica LLC,sbenko2e@360.cn,5079307091,Logistics Partners,83,Medium Risk,Accepting Orders,,,
88,Rice-Walter,Rice-Walter,jcroix2f@indiatimes.com,5822303569,Raw Material Suppliers,83,Medium Risk,Accepting Orders,,,
89,"Grimes, Sipes and Hoppe","Grimes, Sipes and Hoppe",ahassent2g@java.com,1079561764,Raw Material Suppliers,80,Medium Risk,Accepting Orders,,,
90,Prohaska-Little,Prohaska-Little,clangdon2h@upenn.edu,2776281194,Equipment Vendors,98,Low Risk,Accepting Orders,,,
91,"Senger, Macejkovic and Herman","Senger, Macejkovic and Herman",nlightbowne2i@clickbank.net,7106689357,Logistics Partners,75,Medium Risk,Not Accepting Orders,,,
92,"Bosco, Kris and Hyatt","Bosco, Kris and Hyatt",aandersch2j@scientificamerican.com,6376206791,Logistics Partners,81,High Risk,Not Accepting Orders,,,
93,"Green, Kilback and Weissnat","Green, Kilback and Weissnat",blandrieu2k@goodreads.com,5851277525,IT Vendors,80,Low Risk,Accepting Orders,,,
94,Bechtelar Inc,Bechtelar Inc,jcancutt2l@reverbnation.com,9576758411,Maintenance Vendors,97,Low Risk,Not Accepting Orders,,,
95,Marks and Sons,Marks and Sons,bbretland2m@oracle.com,9353816332,Equipment Vendors,83,Low Risk,Accepting Orders,,,
96,"Kessler, Gibson and Trantow","Kessler, Gibson and Trantow",rpaylor2n@loc.gov,2662060038,IT Vendors,81,Medium Risk,Accepting Orders,,,
97,Turcotte-Feil,Turcotte-Feil,cskeats2o@latimes.com,4054351133,Raw Material Suppliers,97,Low Risk,Not Accepting Orders,,,
98,Hettinger Inc,Hettinger Inc,dzanolli2p@sbwire.com,4772719915,Service Providers,80,High Risk,Not Accepting Orders,,,
99,Goyette Group,Goyette Group,mswash2q@redcross.org,6645032324,Maintenance Vendors,100,Low Risk,Not Accepting Orders,,,
100,Cronin Group,Cronin Group,bmacbeth2r@mapy.cz,2004442612,Maintenance Vendors,100,High Risk,Not Accepting Orders,,,
101,Daugherty Inc,Daugherty Inc,tblackborough2s@vk.com,3334937288,Raw Material Suppliers,97,High Risk,Not Accepting Orders,,,
102,Corkery-Hoeger,Corkery-Hoeger,mdymoke2t@utexas.edu,6127670873,Equipment Vendors,83,High Risk,Accepting Orders,,,
103,Wunsch-Waters,Wunsch-Waters,aeasson2u@ox.ac.uk,9353261958,Logistics Partners,98,High Risk,Not Accepting Orders,,,
104,Kunde-Haley,Kunde-Haley,fnaton2v@globo.com,5891642608,IT Vendors,75,Low Risk,Not Accepting Orders,,,
105,Swift-Wilderman,Swift-Wilderman,ddubbin2w@chron.com,4288588176,Equipment Vendors,81,High Risk,Accepting Orders,,,
106,Legros-Pfannerstill,Legros-Pfannerstill,mbeecham2x@wikispaces.com,7147653807,Service Providers,83,Medium Risk,Not Accepting Orders,,,
107,Schimmel Group,Schimmel Group,budie2y@unblog.fr,2418702169,Maintenance Vendors,98,Low Risk,Not Accepting Orders,,,
108,"West, Howell and Reilly","West, Howell and Reilly",apetrello2z@apache.org,8313534077,Service Providers,100,Low Risk,Accepting Orders,,,
109,"Abshire, Moen and Spencer","Abshire, Moen and Spencer",jtrencher30@reuters.com,9177986813,Maintenance Vendors,81,Low Risk,Not Accepting Orders,,,
110,"Kris, Nikolaus and Sanford","Kris, Nikolaus and Sanford",kvannuccinii31@dailymail.co.uk,7783943481,Service Providers,75,Low Risk,Accepting Orders,,,
111,Luettgen Group,Luettgen Group,jmanson32@creativecommons.org,4289549719,Maintenance Vendors,81,Low Risk,Not Accepting Orders,,,
112,Runte-Lynch,Runte-Lynch,ciacovino33@bloglines.com,6895702801,Maintenance Vendors,98,High Risk,Not Accepting Orders,,,
113,"Pollich, Gulgowski and Kuhlman","Pollich, Gulgowski and Kuhlman",asmouten34@reference.com,8903770484,Equipment Vendors,83,Medium Risk,Accepting Orders,,,
114,Kassulke-Considine,Kassulke-Considine,aemlen35@microsoft.com,2193933094,IT Vendors,83,Low Risk,Not Accepting Orders,,,
115,"Spinka, Roberts and Corwin","Spinka, Roberts and Corwin",oboutellier36@parallels.com,2472244068,Service Providers,80,High Risk,Accepting Orders,,,
116,"Brekke, McKenzie and Swift","Brekke, McKenzie and Swift",sdrakes37@miitbeian.gov.cn,2363624169,Maintenance Vendors,97,High Risk,Not Accepting Orders,,,
117,Raynor-Bashirian,Raynor-Bashirian,hdeeprose38@csmonitor.com,8929274377,Equipment Vendors,98,High Risk,Accepting Orders,,,
118,Kozey and Sons,Kozey and Sons,syerson39@wired.com,4396066413,Maintenance Vendors,100,Medium Risk,Not Accepting Orders,,,
119,Thiel and Sons,Thiel and Sons,fsnadden3a@shop-pro.jp,9264590189,IT Vendors,83,High Risk,Accepting Orders,,,
120,Hermann Inc,Hermann Inc,hpiers3b@nytimes.com,4008040052,Maintenance Vendors,83,Low Risk,Not Accepting Orders,,,
121,"Roberts, Hodkiewicz and Witting","Roberts, Hodkiewicz and Witting",abeaconsall3c@whitehouse.gov,2964758710,Maintenance Vendors,80,High Risk,Accepting Orders,,,
122,"Satterfield, Streich and Luettgen","Satterfield, Streich and Luettgen",ggabbat3d@loc.gov,4012942691,Maintenance Vendors,80,High Risk,Accepting Orders,,,
123,Gorczany-Davis,Gorczany-Davis,vhovie3e@wix.com,2908699962,Maintenance Vendors,83,Medium Risk,Not Accepting Orders,,,
124,Zemlak-Harvey,Zemlak-Harvey,gpadginton3f@forbes.com,8578620734,Raw Material Suppliers,81,High Risk,Not Accepting Orders,,,
125,"Rohan, Mitchell and Grimes","Rohan, Mitchell and Grimes",ewatkin3g@squarespace.com,9435291308,IT Vendors,100,Medium Risk,Not Accepting Orders,,,
126,"Gutmann, Hilll and Koelpin","Gutmann, Hilll and Koelpin",mmusslewhite3h@google.pl,8515989210,Maintenance Vendors,80,High Risk,Accepting Orders,,,
127,"Weber, Quitzon and Kessler","Weber, Quitzon and Kessler",mbleazard3i@hhs.gov,3197045500,Logistics Partners,100,Low Risk,Not Accepting Orders,,,
128,West-Herzog,West-Herzog,mthurlow3j@bbb.org,4437184653,Maintenance Vendors,81,High Risk,Accepting Orders,,,
129,Wilkinson-Heathcote,Wilkinson-Heathcote,blilly3k@senate.gov,8891031863,Logistics Partners,75,Low Risk,Not Accepting Orders,,,
130,"Adams, Rolfson and Bernier","Adams, Rolfson and Bernier",mbryning3l@networkadvertising.org,4217177781,Raw Material Suppliers,98,High Risk,Not Accepting Orders,,,
131,Ryan Group,Ryan Group,ajaskowicz3m@cargocollective.com,3038117741,Maintenance Vendors,80,High Risk,Not Accepting Orders,,,
132,Roob Inc,Roob Inc,lsmedmoor3n@imageshack.us,7904684214,Maintenance Vendors,100,Low Risk,Accepting Orders,,,
133,"Zemlak, Bradtke and Stark","Zemlak, Bradtke and Stark",elyvon3o@shutterfly.com,7333447008,IT Vendors,80,Low Risk,Accepting Orders,,,
134,Cruickshank-Ruecker,Cruickshank-Ruecker,mstandidge3p@si.edu,5655425502,Raw Material Suppliers,75,High Risk,Accepting Orders,,,
135,Friesen LLC,Friesen LLC,kkornalik3q@phoca.cz,2447693379,Raw Material Suppliers,83,High Risk,Not Accepting Orders,,,
136,"Senger, Wisozk and Kling","Senger, Wisozk and Kling",smaciejewski3r@google.co.uk,9616090580,Maintenance Vendors,98,Medium Risk,Not Accepting Orders,,,
137,Corwin Group,Corwin Group,phatrick3s@quantcast.com,4404595121,Equipment Vendors,81,Medium Risk,Accepting Orders,,,
138,Kohler-Lakin,Kohler-Lakin,nbyars3t@washington.edu,3803163428,IT Vendors,75,High Risk,Accepting Orders,,,
139,Kemmer-Jenkins,Kemmer-Jenkins,fapplegarth3u@acquirethisname.com,9999602017,Service Providers,100,High Risk,Accepting Orders,,,
140,Hahn Inc,Hahn Inc,cespinas3v@storify.com,6254151126,Maintenance Vendors,97,Low Risk,Accepting Orders,,,
141,Wisoky-Denesik,Wisoky-Denesik,fblackbrough3w@auda.org.au,7246348395,Maintenance Vendors,80,Low Risk,Accepting Orders,,,
142,Hauck-Koelpin,Hauck-Koelpin,tpyecroft3x@technorati.com,8717664968,Raw Material Suppliers,80,High Risk,Not Accepting Orders,,,
143,Murazik Inc,Murazik Inc,cricks3y@addtoany.com,3708412239,IT Vendors,98,High Risk,Not Accepting Orders,,,
144,Cole-Ward,Cole-Ward,wsperski3z@ustream.tv,9178905996,IT Vendors,97,High Risk,Not Accepting Orders,,,
145,Rau LLC,Rau LLC,lsimenet40@bizjournals.com,2803806574,Service Providers,100,Medium Risk,Accepting Orders,,,
146,Carter-Stanton,Carter-Stanton,aargile41@linkedin.com,4521014691,Raw Material Suppliers,98,High Risk,Accepting Orders,,,
147,Harber Group,Harber Group,esydney42@myspace.com,1787796311,IT Vendors,98,Medium Risk,Not Accepting Orders,,,
148,Brekke Group,Brekke Group,gdayes43@typepad.com,8329624275,IT Vendors,83,Medium Risk,Not Accepting Orders,,,
149,Goyette Inc,Goyette Inc,afinlater44@amazon.de,4699607574,Raw Material Suppliers,80,Medium Risk,Accepting Orders,,,
150,"Gutmann, Kautzer and Hermann","Gutmann, Kautzer and Hermann",abramford45@mayoclinic.com,1693427879,Equipment Vendors,75,Low Risk,Not Accepting Orders,,,
151,Cormier-Littel,Cormier-Littel,bgard46@netlog.com,9217163220,Logistics Partners,75,High Risk,Not Accepting Orders,,,
152,Considine Inc,Considine Inc,oscarr47@mail.ru,2297341000,Maintenance Vendors,75,Low Risk,Not Accepting Orders,,,
153,"Marquardt, Gutkowski and Kshlerin","Marquardt, Gutkowski and Kshlerin",sbing48@vk.com,5782864531,Equipment Vendors,97,Low Risk,Not Accepting Orders,,,
154,O'Connell LLC,O'Connell LLC,ckobierski49@soup.io,2667642033,Raw Material Suppliers,83,High Risk,Not Accepting Orders,,,
155,Klocko and Sons,Klocko and Sons,areed4a@google.com.br,9073687756,Raw Material Suppliers,97,Low Risk,Accepting Orders,,,
156,Nolan-McClure,Nolan-McClure,jwarner4b@gizmodo.com,7038104681,Raw Material Suppliers,80,Medium Risk,Not Accepting Orders,,,
157,"Davis, Schoen and Schultz","Davis, Schoen and Schultz",gjanko4c@npr.org,1103854366,Equipment Vendors,83,High Risk,Accepting Orders,,,
158,Schmeler-O'Conner,Schmeler-O'Conner,ccrimin4d@vinaora.com,2053690155,Equipment Vendors,83,Medium Risk,Not Accepting Orders,,,
159,Hintz-White,Hintz-White,sdare4e@xrea.com,2711867697,Logistics Partners,98,Medium Risk,Not Accepting Orders,,,
160,Macejkovic-Kovacek,Macejkovic-Kovacek,mhyndley4f@eventbrite.com,2732059963,Equipment Vendors,80,Medium Risk,Not Accepting Orders,,,
161,Bernier Inc,Bernier Inc,sabyss4g@ca.gov,2605331073,Equipment Vendors,83,High Risk,Accepting Orders,,,
162,"Gibson, Wyman and Gulgowski","Gibson, Wyman and Gulgowski",bmengue4h@unesco.org,2634498402,Service Providers,81,High Risk,Not Accepting Orders,,,
163,"Rowe, Kuhlman and Anderson","Rowe, Kuhlman and Anderson",pwiffen4i@woothemes.com,3169483021,Logistics Partners,98,High Risk,Not Accepting Orders,,,
164,Kirlin and Sons,Kirlin and Sons,rbumphries4j@admin.ch,7159456713,IT Vendors,81,Low Risk,Accepting Orders,,,
165,Fahey Inc,Fahey Inc,aosman4k@instagram.com,7313533113,Logistics Partners,100,Low Risk,Not Accepting Orders,,,
166,Kirlin LLC,Kirlin LLC,mrosenblum4l@4shared.com,9877868937,Raw Material Suppliers,97,Medium Risk,Not Accepting Orders,,,
167,"Hayes, Witting and Brown","Hayes, Witting and Brown",tskentelbury4m@webmd.com,9026434360,Service Providers,80,Medium Risk,Accepting Orders,,,
168,"Rippin, Berge and Fisher","Rippin, Berge and Fisher",rluparti4n@discovery.com,7991426759,Service Providers,80,Medium Risk,Not Accepting Orders,,,
169,"Connelly, Lind and Murray","Connelly, Lind and Murray",bgladdish4o@usatoday.com,9245647477,Raw Material Suppliers,97,Low Risk,Accepting Orders,,,
170,"Runolfsdottir, Collins and Rutherford","Runolfsdottir, Collins and Rutherford",bkruszelnicki4p@topsy.com,3266247532,Maintenance Vendors,75,Low Risk,Not Accepting Orders,,,
171,Langworth-Bergnaum,Langworth-Bergnaum,fmorecomb4q@alibaba.com,7837810376,Maintenance Vendors,83,Medium Risk,Accepting Orders,,,
172,"Maggio, Ferry and Greenfelder","Maggio, Ferry and Greenfelder",jjeratt4r@cbc.ca,1006071766,Equipment Vendors,83,High Risk,Accepting Orders,,,
173,Halvorson-Reilly,Halvorson-Reilly,qdsouza4s@miitbeian.gov.cn,6754412262,Maintenance Vendors,98,Medium Risk,Accepting Orders,,,
174,Stiedemann Inc,Stiedemann Inc,dcaswell4t@addtoany.com,5349546022,Logistics Partners,75,High Risk,Accepting Orders,,,
175,"Leffler, Trantow and King","Leffler, Trantow and King",rmewrcik4u@google.co.uk,9225187189,Logistics Partners,98,Low Risk,Accepting Orders,,,
176,Cremin-Nitzsche,Cremin-Nitzsche,abonnyson4v@geocities.com,5638781812,IT Vendors,80,Medium Risk,Accepting Orders,,,
177,Ziemann Inc,Ziemann Inc,ahaylock4w@mashable.com,2756330870,Service Providers,80,High Risk,Accepting Orders,,,
178,Wilderman-Feil,Wilderman-Feil,sisakovitch4x@dyndns.org,5808482408,Service Providers,98,High Risk,Not Accepting Orders,,,
179,Rempel LLC,Rempel LLC,jsteenson4y@com.com,5685134513,Maintenance Vendors,98,Low Risk,Accepting Orders,,,
180,Aufderhar-Windler,Aufderhar-Windler,tbromont4z@google.com.hk,2472464605,IT Vendors,80,Medium Risk,Accepting Orders,,,
181,Paucek and Sons,Paucek and Sons,ufarrah50@unesco.org,8069206205,Equipment Vendors,81,High Risk,Accepting Orders,,,
182,"Kessler, Buckridge and Hodkiewicz","Kessler, Buckridge and Hodkiewicz",mradish51@mozilla.com,9852063245,Service Providers,97,Medium Risk,Not Accepting Orders,,,
183,Frami LLC,Frami LLC,sbanton52@cbslocal.com,5403208033,IT Vendors,80,Low Risk,Accepting Orders,,,
184,"Barrows, Towne and Beahan","Barrows, Towne and Beahan",mhollyar53@histats.com,6619289047,Logistics Partners,83,Low Risk,Not Accepting Orders,,,
185,Jacobi-Weber,Jacobi-Weber,abugbird54@issuu.com,5786977410,IT Vendors,97,High Risk,Not Accepting Orders,,,
186,Tillman-Will,Tillman-Will,pblincowe55@msn.com,8138023012,Maintenance Vendors,100,Low Risk,Not Accepting Orders,,,
187,"Lueilwitz, Roob and Luettgen","Lueilwitz, Roob and Luettgen",ledelston56@omniture.com,8431533617,Raw Material Suppliers,75,Medium Risk,Accepting Orders,,,
188,Lindgren LLC,Lindgren LLC,ehawker57@hubpages.com,2236956746,Raw Material Suppliers,75,High Risk,Accepting Orders,,,
189,Kerluke Group,Kerluke Group,rsybe58@dailymotion.com,6637250910,Raw Material Suppliers,80,Medium Risk,Accepting Orders,,,
190,"Rice, Kuhlman and Cummerata","Rice, Kuhlman and Cummerata",bdradey59@cnbc.com,7605093743,Logistics Partners,97,High Risk,Not Accepting Orders,,,
191,Runolfsson-Medhurst,Runolfsson-Medhurst,bedinburough5a@hibu.com,7309457850,Service Providers,98,High Risk,Accepting Orders,,,
192,"Connelly, Fadel and Goldner","Connelly, Fadel and Goldner",sgunda5b@blogger.com,5084245264,Raw Material Suppliers,81,Medium Risk,Not Accepting Orders,,,
193,"Mueller, Greenholt and Funk","Mueller, Greenholt and Funk",jgaddesby5c@usda.gov,9422755780,Service Providers,80,High Risk,Accepting Orders,,,
194,Stanton LLC,Stanton LLC,dhayball5d@about.me,9007558763,Equipment Vendors,81,Low Risk,Not Accepting Orders,,,
195,"Crist, Hammes and Waelchi","Crist, Hammes and Waelchi",fsesser5e@flavors.me,9803917170,Raw Material Suppliers,100,Low Risk,Not Accepting Orders,,,
196,Waters-Muller,Waters-Muller,dmcilheran5f@amazon.co.uk,7496167193,IT Vendors,98,Low Risk,Accepting Orders,,,
197,"Veum, Pfeffer and Johnston","Veum, Pfeffer and Johnston",hgarnall5g@pen.io,3703067616,Service Providers,75,Low Risk,Not Accepting Orders,,,
198,Kulas Inc,Kulas Inc,bcowburn5h@samsung.com,5235562689,Logistics Partners,97,Medium Risk,Not Accepting Orders,,,
199,Langosh-Batz,Langosh-Batz,mmotton5i@sciencedaily.com,4613887763,Maintenance Vendors,81,High Risk,Accepting Orders,,,
200,"Kulas, Brekke and Jakubowski","Kulas, Brekke and Jakubowski",abischof5j@dedecms.com,8598776570,Equipment Vendors,75,Medium Risk,Not Accepting Orders,,,
201,"Witting, Halvorson and Upton","Witting, Halvorson and Upton",afaucett5k@fc2.com,8517767041,Logistics Partners,80,Medium Risk,Accepting Orders,,,
202,Lehner-Dach,Lehner-Dach,sborgbartolo5l@drupal.org,6494551256,Logistics Partners,80,Low Risk,Accepting Orders,,,
203,Jast-Ernser,Jast-Ernser,apizey5m@cornell.edu,5811421710,Equipment Vendors,100,High Risk,Not Accepting Orders,,,
204,Veum LLC,Veum LLC,jchristauffour5n@jiathis.com,3047379300,Equipment Vendors,81,Low Risk,Accepting Orders,,,
205,Raynor Group,Raynor Group,ooxborough5o@opera.com,2211900316,IT Vendors,81,Medium Risk,Not Accepting Orders,,,
206,"Durgan, Buckridge and Wyman","Durgan, Buckridge and Wyman",ikovacs5p@usda.gov,4968657194,IT Vendors,75,Low Risk,Not Accepting Orders,,,
207,Thompson and Sons,Thompson and Sons,dmalone5q@cornell.edu,2989388580,Raw Material Suppliers,80,Low Risk,Not Accepting Orders,,,
208,"Rutherford, Daugherty and Raynor","Rutherford, Daugherty and Raynor",mgreenway5r@seesaa.net,1079177492,Service Providers,97,Low Risk,Not Accepting Orders,,,
209,Gutkowski LLC,Gutkowski LLC,amcarley5s@bluehost.com,4751288939,Raw Material Suppliers,80,High Risk,Not Accepting Orders,,,
210,Turner-Lindgren,Turner-Lindgren,pmcruvie5t@github.com,8891023596,Equipment Vendors,98,High Risk,Not Accepting Orders,,,
211,Bosco-Ernser,Bosco-Ernser,sellicott5u@facebook.com,7083942777,Logistics Partners,83,High Risk,Not Accepting Orders,,,
212,Rogahn-Hane,Rogahn-Hane,etoffoloni5v@mail.ru,4152873425,Maintenance Vendors,97,High Risk,Accepting Orders,,,
213,Orn-McClure,Orn-McClure,egon5w@prweb.com,3223052141,Logistics Partners,75,High Risk,Accepting Orders,,,
214,Berge-Kassulke,Berge-Kassulke,fhargie5x@xinhuanet.com,7906386380,Service Providers,81,High Risk,Accepting Orders,,,
215,Ankunding Group,Ankunding Group,blambe5y@ox.ac.uk,8788045198,Raw Material Suppliers,97,Low Risk,Accepting Orders,,,
216,Jerde-Botsford,Jerde-Botsford,csadlier5z@live.com,4962718392,Equipment Vendors,98,High Risk,Not Accepting Orders,,,
217,Pfeffer LLC,Pfeffer LLC,cleeuwerink60@webmd.com,6784906645,Maintenance Vendors,97,Medium Risk,Not Accepting Orders,,,
218,Stracke-Russel,Stracke-Russel,ecuvley61@i2i.jp,6115389238,Service Providers,97,Low Risk,Not Accepting Orders,,,
219,Langosh LLC,Langosh LLC,omugridge62@kickstarter.com,5458166718,Raw Material Suppliers,75,Medium Risk,Accepting Orders,,,
220,Bashirian LLC,Bashirian LLC,rmalkie63@paypal.com,5334836904,Raw Material Suppliers,75,High Risk,Not Accepting Orders,,,
221,Glover and Sons,Glover and Sons,jzaczek64@aboutads.info,9357827113,Raw Material Suppliers,98,Low Risk,Accepting Orders,,,
222,"Goodwin, Trantow and Braun","Goodwin, Trantow and Braun",jsumers65@oaic.gov.au,4245362287,Raw Material Suppliers,100,Low Risk,Not Accepting Orders,,,
223,Jacobs-Leffler,Jacobs-Leffler,dtower66@istockphoto.com,9486566975,Service Providers,97,Low Risk,Not Accepting Orders,,,
224,Cremin Group,Cremin Group,dhorburgh67@nifty.com,4716439479,Maintenance Vendors,97,Medium Risk,Accepting Orders,,,
225,"Kuhic, Raynor and Langosh","Kuhic, Raynor and Langosh",pfollet68@bravesites.com,7759382892,Equipment Vendors,83,Low Risk,Not Accepting Orders,,,
226,Heathcote-Ortiz,Heathcote-Ortiz,rdusting69@reuters.com,8979083933,Raw Material Suppliers,81,Medium Risk,Not Accepting Orders,,,
227,Thompson-O'Hara,Thompson-O'Hara,gfitzgeorge6a@naver.com,5276504462,Equipment Vendors,83,Medium Risk,Accepting Orders,,,
228,"Runolfsdottir, Kertzmann and Wilkinson","Runolfsdottir, Kertzmann and Wilkinson",tbannister6b@state.gov,2467603260,Equipment Vendors,97,Low Risk,Accepting Orders,,,
229,"Hermiston, Leffler and Kuhn","Hermiston, Leffler and Kuhn",ctupp6c@craigslist.org,8231139221,Raw Material Suppliers,81,Medium Risk,Not Accepting Orders,,,
230,"Ondricka, Gusikowski and Gerlach","Ondricka, Gusikowski and Gerlach",xgasgarth6d@photobucket.com,5431883216,Service Providers,81,Low Risk,Accepting Orders,,,
231,"Jones, Farrell and Heidenreich","Jones, Farrell and Heidenreich",lvasiliu6e@ezinearticles.com,6476101357,Service Providers,80,Medium Risk,Not Accepting Orders,,,
232,Rau Group,Rau Group,olibbe6f@thetimes.co.uk,8759933282,Equipment Vendors,80,Low Risk,Accepting Orders,,,
233,"Stark, Ondricka and Klocko","Stark, Ondricka and Klocko",mbriztman6g@github.com,8278392163,Equipment Vendors,80,Low Risk,Not Accepting Orders,,,
234,Krajcik-Wisoky,Krajcik-Wisoky,nromeo6h@wordpress.org,7651277007,IT Vendors,75,High Risk,Accepting Orders,,,
235,Senger and Sons,Senger and Sons,cswallwell6i@google.cn,3914325199,Raw Material Suppliers,75,Medium Risk,Accepting Orders,,,
236,Grimes LLC,Grimes LLC,mlauthian6j@mtv.com,6144735647,Service Providers,81,Low Risk,Not Accepting Orders,,,
237,Walsh and Sons,Walsh and Sons,tdesantis6k@stanford.edu,8922427266,IT Vendors,97,High Risk,Accepting Orders,,,
238,Sauer Inc,Sauer Inc,idickens6l@vinaora.com,6039709906,Logistics Partners,83,Low Risk,Not Accepting Orders,,,
239,Connelly-Kreiger,Connelly-Kreiger,bzukierman6m@themeforest.net,3553267210,Service Providers,75,Medium Risk,Accepting Orders,,,
240,"Bosco, Swift and Ortiz","Bosco, Swift and Ortiz",wmoody6n@ezinearticles.com,2369181660,Service Providers,81,High Risk,Not Accepting Orders,,,
241,"Heathcote, Brekke and Mertz","Heathcote, Brekke and Mertz",bsutehall6o@1688.com,7642012148,Logistics Partners,83,Low Risk,Not Accepting Orders,,,
242,Okuneva and Sons,Okuneva and Sons,hdrinkel6p@wp.com,4897088123,Raw Material Suppliers,80,High Risk,Accepting Orders,,,
243,Ratke-Lang,Ratke-Lang,ravrashin6q@blinklist.com,2162393213,Service Providers,98,Medium Risk,Accepting Orders,,,
244,Satterfield Group,Satterfield Group,lwallenger6r@xing.com,2851725817,Raw Material Suppliers,100,Low Risk,Not Accepting Orders,,,
245,"Carter, Collier and Moen","Carter, Collier and Moen",csymcox6s@discuz.net,2803737188,Equipment Vendors,81,High Risk,Not Accepting Orders,,,
246,Hickle and Sons,Hickle and Sons,smccarlie6t@eepurl.com,6386424435,Logistics Partners,100,High Risk,Not Accepting Orders,,,
247,"Mueller, Brown and Klein","Mueller, Brown and Klein",ldoumerc6u@uol.com.br,5017099664,Raw Material Suppliers,81,Medium Risk,Not Accepting Orders,,,
248,"Schimmel, Torphy and Rau","Schimmel, Torphy and Rau",ngossage6v@sfgate.com,6122829463,Service Providers,83,Medium Risk,Not Accepting Orders,,,
249,Yost Inc,Yost Inc,nbrede6w@ed.gov,8037386074,Maintenance Vendors,75,High Risk,Not Accepting Orders,,,
250,Carroll-Funk,Carroll-Funk,rvilliers6x@state.gov,3028798214,Service Providers,100,High Risk,Accepting Orders,,,
251,"Ruecker, Schaefer and Thompson","Ruecker, Schaefer and Thompson",aconrath6y@utexas.edu,3299946731,IT Vendors,98,High Risk,Not Accepting Orders,,,
252,Harvey Group,Harvey Group,dfoxworthy6z@comsenz.com,3115248547,Service Providers,97,Low Risk,Accepting Orders,,,
253,Mills-Ferry,Mills-Ferry,wiacoboni70@digg.com,2673123851,IT Vendors,80,Medium Risk,Not Accepting Orders,,,
254,Kuhn LLC,Kuhn LLC,calltimes71@bbc.co.uk,9411547824,Raw Material Suppliers,80,Low Risk,Not Accepting Orders,,,
255,"Murazik, Paucek and Kuhic","Murazik, Paucek and Kuhic",ghuleatt72@zdnet.com,1266785547,Maintenance Vendors,97,Medium Risk,Not Accepting Orders,,,
256,"Glover, Hane and Collier","Glover, Hane and Collier",nseeviour73@chronoengine.com,9173533545,IT Vendors,100,Low Risk,Accepting Orders,,,
257,Cummings and Sons,Cummings and Sons,hswancott74@bloomberg.com,8247789094,Service Providers,83,Medium Risk,Not Accepting Orders,,,
258,Cartwright-Bechtelar,Cartwright-Bechtelar,rrosenthal75@opera.com,1136143640,Raw Material Suppliers,75,Medium Risk,Not Accepting Orders,,,
259,Ernser-Mraz,Ernser-Mraz,gleadley76@liveinternet.ru,3866753141,Raw Material Suppliers,98,High Risk,Accepting Orders,,,
260,Carroll-Lemke,Carroll-Lemke,kcallicott77@ft.com,1663274179,Service Providers,98,Medium Risk,Not Accepting Orders,,,
261,Stark-Schimmel,Stark-Schimmel,sdallison78@comsenz.com,5335920070,Service Providers,80,High Risk,Not Accepting Orders,,,
262,Fritsch-Kassulke,Fritsch-Kassulke,aspivie79@homestead.com,5591974814,Service Providers,83,Low Risk,Accepting Orders,,,
263,Stehr-Littel,Stehr-Littel,sdmitrovic7a@dell.com,6022427972,Logistics Partners,80,Medium Risk,Accepting Orders,,,
264,Lakin-Christiansen,Lakin-Christiansen,mmackey7b@shutterfly.com,1271715153,Maintenance Vendors,80,High Risk,Accepting Orders,,,
265,Funk-Bauch,Funk-Bauch,ashirrell7c@cyberchimps.com,2814992007,Raw Material Suppliers,80,High Risk,Not Accepting Orders,,,
266,Blick-Bednar,Blick-Bednar,bmardle7d@sbwire.com,1797866113,Raw Material Suppliers,81,Medium Risk,Not Accepting Orders,,,
267,Daugherty Group,Daugherty Group,kmckeeman7e@latimes.com,5155590002,Maintenance Vendors,98,Low Risk,Accepting Orders,,,
268,Stiedemann-Ratke,Stiedemann-Ratke,craubheim7f@netlog.com,4141702870,IT Vendors,98,High Risk,Accepting Orders,,,
269,"Swaniawski, Kessler and Mosciski","Swaniawski, Kessler and Mosciski",mreubens7g@about.me,5298240467,Logistics Partners,98,High Risk,Not Accepting Orders,,,
270,Sanford-Wisozk,Sanford-Wisozk,jpaynton7h@nature.com,1708976140,Service Providers,97,Low Risk,Not Accepting Orders,,,
271,"Bogan, Mosciski and Stracke","Bogan, Mosciski and Stracke",kohogan7i@photobucket.com,9173674533,Service Providers,80,High Risk,Accepting Orders,,,
272,"Gusikowski, Zboncak and Weissnat","Gusikowski, Zboncak and Weissnat",wgreenrde7j@reference.com,9752383969,Service Providers,75,Medium Risk,Not Accepting Orders,,,
273,"Price, Swaniawski and Graham","Price, Swaniawski and Graham",alindner7k@cocolog-nifty.com,1709695398,IT Vendors,98,Medium Risk,Not Accepting Orders,,,
274,Kutch-Mertz,Kutch-Mertz,smcglaughn7l@edublogs.org,7995989773,Maintenance Vendors,98,High Risk,Not Accepting Orders,,,
275,"Prosacco, Bode and Wehner","Prosacco, Bode and Wehner",arossi7m@rakuten.co.jp,4108824958,Raw Material Suppliers,100,High Risk,Accepting Orders,,,
276,"Brakus, Mosciski and Homenick","Brakus, Mosciski and Homenick",kripon7n@omniture.com,7599952359,Logistics Partners,80,Low Risk,Accepting Orders,,,
277,Paucek and Sons,Paucek and Sons,emasser7o@bloomberg.com,6239014594,Equipment Vendors,80,Low Risk,Not Accepting Orders,,,
278,Schiller and Sons,Schiller and Sons,rbriskey7p@hhs.gov,3206726661,Logistics Partners,75,Medium Risk,Not Accepting Orders,,,
279,"Stokes, Koch and Leuschke","Stokes, Koch and Leuschke",arenshell7q@house.gov,2962505775,Service Providers,80,Low Risk,Not Accepting Orders,,,
280,Rowe LLC,Rowe LLC,ghaddick7r@tripod.com,2044088584,IT Vendors,98,Low Risk,Not Accepting Orders,,,
281,"Reynolds, Walsh and MacGyver","Reynolds, Walsh and MacGyver",bgepp7s@usatoday.com,7568758369,Service Providers,75,Low Risk,Accepting Orders,,,
282,"Block, Crist and Zieme","Block, Crist and Zieme",djessard7t@sun.com,2523280502,Maintenance Vendors,81,Medium Risk,Not Accepting Orders,,,
283,Becker and Sons,Becker and Sons,pbitten7u@furl.net,3906912038,Maintenance Vendors,80,High Risk,Not Accepting Orders,,,
284,Marquardt Inc,Marquardt Inc,jstickels7v@marriott.com,7064956186,Logistics Partners,80,Low Risk,Not Accepting Orders,,,
285,Pfeffer Group,Pfeffer Group,mstilling7w@cdc.gov,5053620603,Raw Material Suppliers,81,Medium Risk,Not Accepting Orders,,,
286,Jacobson-Pfannerstill,Jacobson-Pfannerstill,kbelward7x@netscape.com,3686227387,Raw Material Suppliers,75,Medium Risk,Accepting Orders,,,
287,Kemmer-Rowe,Kemmer-Rowe,apickup7y@oracle.com,4231526642,Raw Material Suppliers,100,High Risk,Not Accepting Orders,,,
288,Bednar Group,Bednar Group,epetersen7z@fotki.com,5134288036,Maintenance Vendors,80,High Risk,Accepting Orders,,,
289,Mueller Group,Mueller Group,fhardbattle80@php.net,3689629852,Maintenance Vendors,83,Medium Risk,Not Accepting Orders,,,
290,Balistreri LLC,Balistreri LLC,lreah81@shop-pro.jp,4453440941,IT Vendors,80,Low Risk,Accepting Orders,,,
291,Hermann-Brown,Hermann-Brown,hplank82@hostgator.com,9236622928,Raw Material Suppliers,100,Low Risk,Accepting Orders,,,
292,"Little, Boyle and Hermiston","Little, Boyle and Hermiston",lgrinishin83@example.com,7824700208,Maintenance Vendors,100,Low Risk,Not Accepting Orders,,,
293,"Wilderman, Walter and Mante","Wilderman, Walter and Mante",vgiacobilio84@addthis.com,4807595346,Maintenance Vendors,100,High Risk,Accepting Orders,,,
294,Mraz-Schamberger,Mraz-Schamberger,tdewsnap85@youtu.be,9759941290,IT Vendors,98,Medium Risk,Not Accepting Orders,,,
295,Hudson-Kertzmann,Hudson-Kertzmann,vfiddiman86@1688.com,7765378845,Logistics Partners,75,Low Risk,Accepting Orders,,,
296,"Dietrich, Spinka and Barton","Dietrich, Spinka and Barton",bspelman87@arizona.edu,6825422405,IT Vendors,98,Low Risk,Accepting Orders,,,
297,Mraz-Bernier,Mraz-Bernier,tkless88@jiathis.com,6306421943,Equipment Vendors,97,High Risk,Not Accepting Orders,,,
298,Mueller-Harris,Mueller-Harris,kbolden89@scribd.com,4033751754,Maintenance Vendors,83,Low Risk,Not Accepting Orders,,,
299,D'Amore-Jerde,D'Amore-Jerde,kshillaker8a@macromedia.com,8541898224,Maintenance Vendors,83,Low Risk,Accepting Orders,,,
300,O'Kon-Lehner,O'Kon-Lehner,estreater8b@aboutads.info,2114229714,Logistics Partners,98,Low Risk,Not Accepting Orders,,,
301,Conroy Group,Conroy Group,adrains8c@storify.com,2436991104,IT Vendors,97,Medium Risk,Accepting Orders,,,
302,Maggio-Tremblay,Maggio-Tremblay,cgonthier8d@constantcontact.com,4955819760,Maintenance Vendors,100,Medium Risk,Accepting Orders,,,
303,Boyer-Erdman,Boyer-Erdman,lfearns8e@skyrock.com,1153851020,Raw Material Suppliers,80,Medium Risk,Not Accepting Orders,,,
304,Lueilwitz-Hermiston,Lueilwitz-Hermiston,bkenworthey8f@alexa.com,6509542165,IT Vendors,100,Low Risk,Not Accepting Orders,,,
305,Huels-Romaguera,Huels-Romaguera,oerickson8g@paginegialle.it,5709146939,Logistics Partners,80,Medium Risk,Not Accepting Orders,,,
306,"Deckow, Oberbrunner and Keeling","Deckow, Oberbrunner and Keeling",gkreber8h@yandex.ru,9665412423,Logistics Partners,80,Medium Risk,Accepting Orders,,,
307,Bergnaum-Conn,Bergnaum-Conn,wswinyard8i@de.vu,6969805298,Maintenance Vendors,83,Medium Risk,Accepting Orders,,,
308,"Parker, Daniel and Gibson","Parker, Daniel and Gibson",rvasyukhnov8j@ezinearticles.com,7506730099,Logistics Partners,83,High Risk,Accepting Orders,,,
309,Osinski and Sons,Osinski and Sons,btorrie8k@furl.net,4943882720,Logistics Partners,80,Low Risk,Not Accepting Orders,,,
310,Considine and Sons,Considine and Sons,rbarfoot8l@umich.edu,4724176485,Maintenance Vendors,81,High Risk,Accepting Orders,,,
311,Kunde-Schinner,Kunde-Schinner,arobottham8m@free.fr,4047644267,Service Providers,97,High Risk,Accepting Orders,,,
312,"Huels, Hermiston and Roob","Huels, Hermiston and Roob",jpillinger8n@homestead.com,9067032058,Logistics Partners,100,High Risk,Not Accepting Orders,,,
313,"Daniel, Mayert and Vandervort","Daniel, Mayert and Vandervort",vdowson8o@salon.com,1919782286,Raw Material Suppliers,100,High Risk,Accepting Orders,,,
314,Yost Group,Yost Group,jbirtwell8p@com.com,8383401895,Logistics Partners,83,Medium Risk,Not Accepting Orders,,,
315,"Fisher, West and Simonis","Fisher, West and Simonis",mmatitiaho8q@odnoklassniki.ru,7811022368,IT Vendors,83,Medium Risk,Accepting Orders,,,
316,Orn-Batz,Orn-Batz,ohicken8r@aol.com,7065534185,Raw Material Suppliers,81,Low Risk,Not Accepting Orders,,,
317,Adams-Schaden,Adams-Schaden,mbowstead8s@twitter.com,2765181616,Equipment Vendors,100,High Risk,Not Accepting Orders,,,
318,Marks and Sons,Marks and Sons,ssoaper8t@mac.com,8363278744,Logistics Partners,97,High Risk,Not Accepting Orders,,,
319,Torp-Heaney,Torp-Heaney,sabbay8u@google.co.uk,4114106305,IT Vendors,80,Medium Risk,Not Accepting Orders,,,
320,Conn-Hamill,Conn-Hamill,fspinnace8v@exblog.jp,3337465093,Service Providers,75,Medium Risk,Not Accepting Orders,,,
321,Ward and Sons,Ward and Sons,srosbrough8w@w3.org,6449502846,Equipment Vendors,83,High Risk,Accepting Orders,,,
322,Jones-Gislason,Jones-Gislason,rappleton8x@comsenz.com,4702225437,Maintenance Vendors,100,Low Risk,Not Accepting Orders,,,
323,Oberbrunner Inc,Oberbrunner Inc,mnore8y@lycos.com,9251560709,Raw Material Suppliers,80,Low Risk,Not Accepting Orders,,,
324,Simonis and Sons,Simonis and Sons,mdedantesie8z@4shared.com,7818218255,Service Providers,100,Low Risk,Accepting Orders,,,
325,"Gusikowski, Upton and Bauch","Gusikowski, Upton and Bauch",agricks90@cloudflare.com,9267759786,Raw Material Suppliers,80,High Risk,Not Accepting Orders,,,
326,Dickens Group,Dickens Group,nrubes91@nih.gov,9624918583,Logistics Partners,83,Low Risk,Not Accepting Orders,,,
327,Zieme Group,Zieme Group,nmaccambridge92@businesswire.com,2741694933,IT Vendors,81,Low Risk,Accepting Orders,,,
328,"Reinger, Jerde and Hauck","Reinger, Jerde and Hauck",martingstall93@diigo.com,3066041267,Equipment Vendors,81,Low Risk,Not Accepting Orders,,,
329,Wolff Inc,Wolff Inc,bcellone94@ca.gov,9684240662,Equipment Vendors,81,Low Risk,Accepting Orders,,,
330,"Ortiz, Stoltenberg and Morar","Ortiz, Stoltenberg and Morar",ksturzaker95@ftc.gov,1454608993,Service Providers,81,Medium Risk,Accepting Orders,,,
331,"Auer, Turcotte and Wolf","Auer, Turcotte and Wolf",kdudson96@biglobe.ne.jp,7527138166,Equipment Vendors,97,Low Risk,Accepting Orders,,,
332,Yundt-Lind,Yundt-Lind,plarvent97@sfgate.com,7475149804,IT Vendors,100,Medium Risk,Not Accepting Orders,,,
333,"Hilll, Swift and Swaniawski","Hilll, Swift and Swaniawski",dglassard98@indiatimes.com,2101653093,Equipment Vendors,97,Low Risk,Not Accepting Orders,,,
334,Roberts Inc,Roberts Inc,mniset99@noaa.gov,7037908238,Maintenance Vendors,75,High Risk,Not Accepting Orders,,,
335,Heaney and Sons,Heaney and Sons,dcoleiro9a@telegraph.co.uk,4977365748,Raw Material Suppliers,83,High Risk,Not Accepting Orders,,,
336,Sipes-Kautzer,Sipes-Kautzer,jjon9b@discuz.net,5377751283,Equipment Vendors,75,Medium Risk,Accepting Orders,,,
337,Haley-Stanton,Haley-Stanton,galonso9c@ameblo.jp,3363409539,Maintenance Vendors,97,Medium Risk,Not Accepting Orders,,,
338,"Morar, Jacobson and Beer","Morar, Jacobson and Beer",mcastagno9d@linkedin.com,9872233111,Equipment Vendors,80,High Risk,Not Accepting Orders,,,
339,Beer Inc,Beer Inc,dbeedham9e@archive.org,1077308460,Service Providers,100,Medium Risk,Accepting Orders,,,
340,Bartoletti-Bogan,Bartoletti-Bogan,mduncan9f@yellowpages.com,1566683732,Logistics Partners,83,Low Risk,Not Accepting Orders,,,
341,Morar Group,Morar Group,wwinship9g@is.gd,7943879630,IT Vendors,75,Low Risk,Not Accepting Orders,,,
342,Koch and Sons,Koch and Sons,bcearley9h@nymag.com,1187950089,Service Providers,75,Medium Risk,Not Accepting Orders,,,
343,Boyle-Herman,Boyle-Herman,mhackett9i@lycos.com,8269912701,Maintenance Vendors,75,Low Risk,Not Accepting Orders,,,
344,"Mitchell, Bode and Heller","Mitchell, Bode and Heller",ceede9j@economist.com,6538382439,Maintenance Vendors,80,Low Risk,Not Accepting Orders,,,
345,Walsh-Hoppe,Walsh-Hoppe,mboone9k@pcworld.com,3763280998,Logistics Partners,97,High Risk,Accepting Orders,,,
346,"Kihn, Koch and Christiansen","Kihn, Koch and Christiansen",erisborough9l@marriott.com,2415481016,Maintenance Vendors,75,Low Risk,Accepting Orders,,,
347,Donnelly LLC,Donnelly LLC,gkillshaw9m@cnn.com,2032306370,IT Vendors,98,Low Risk,Accepting Orders,,,
348,Flatley-Kub,Flatley-Kub,rmuzzlewhite9n@usnews.com,8007994324,Equipment Vendors,80,High Risk,Not Accepting Orders,,,
349,"Durgan, Bednar and Bins","Durgan, Bednar and Bins",nconnue9o@google.pl,3688978117,IT Vendors,80,Medium Risk,Not Accepting Orders,,,
350,"Buckridge, Lang and Armstrong","Buckridge, Lang and Armstrong",dpownall9p@biblegateway.com,1327429724,Service Providers,80,Low Risk,Accepting Orders,,,
351,"Heller, Ferry and Becker","Heller, Ferry and Becker",sbittany9q@vimeo.com,7758405940,Maintenance Vendors,80,Low Risk,Accepting Orders,,,
352,Simonis LLC,Simonis LLC,wgartery9r@adobe.com,1733262037,Service Providers,80,Low Risk,Not Accepting Orders,,,
353,Considine-Howe,Considine-Howe,hkitchingman9s@weather.com,1479473534,Logistics Partners,100,Medium Risk,Accepting Orders,,,
354,Herman-Walker,Herman-Walker,aheimann9t@unicef.org,7457788932,Equipment Vendors,80,High Risk,Not Accepting Orders,,,
355,"Dare, Senger and Quitzon","Dare, Senger and Quitzon",uvardy9u@who.int,7722029771,Maintenance Vendors,81,Medium Risk,Not Accepting Orders,,,
356,Ward Inc,Ward Inc,amarval9v@google.co.jp,7292927176,Maintenance Vendors,81,Medium Risk,Accepting Orders,,,
357,"Franecki, Kassulke and Nienow","Franecki, Kassulke and Nienow",akenewel9w@xing.com,1117015858,Maintenance Vendors,97,Low Risk,Not Accepting Orders,,,
358,Harber and Sons,Harber and Sons,msproul9x@xrea.com,9586101532,Service Providers,75,Low Risk,Accepting Orders,,,
359,Kerluke-Roob,Kerluke-Roob,kgarter9y@taobao.com,4283689860,Service Providers,75,Medium Risk,Not Accepting Orders,,,
360,Dooley-Hahn,Dooley-Hahn,moglethorpe9z@linkedin.com,4741798094,Equipment Vendors,98,Medium Risk,Not Accepting Orders,,,
361,Predovic Group,Predovic Group,kyurikova0@simplemachines.org,2733148831,Maintenance Vendors,98,High Risk,Not Accepting Orders,,,
362,Schoen Group,Schoen Group,bpatsalla1@umn.edu,8519894076,Raw Material Suppliers,100,High Risk,Accepting Orders,,,
363,"Quitzon, Towne and Kiehn","Quitzon, Towne and Kiehn",twardlea2@craigslist.org,6365092534,Raw Material Suppliers,83,Medium Risk,Accepting Orders,,,
364,Gerlach-Langosh,Gerlach-Langosh,amcdualla3@mlb.com,9296667910,Equipment Vendors,81,Low Risk,Accepting Orders,,,
365,Shields-Kunze,Shields-Kunze,emelbourna4@qq.com,9564313074,Logistics Partners,80,Low Risk,Accepting Orders,,,
366,Robel Group,Robel Group,gdolohuntya5@businessweek.com,3797387120,Maintenance Vendors,100,Medium Risk,Accepting Orders,,,
367,Bruen and Sons,Bruen and Sons,grawnea6@odnoklassniki.ru,5627594778,Raw Material Suppliers,83,Low Risk,Accepting Orders,,,
368,Stanton LLC,Stanton LLC,vcodya7@trellian.com,5136097700,Equipment Vendors,80,Medium Risk,Accepting Orders,,,
369,Daniel Group,Daniel Group,snorvela8@ted.com,5576489790,IT Vendors,83,High Risk,Accepting Orders,,,
370,Buckridge Group,Buckridge Group,myakuntzova9@wikia.com,9261001776,Service Providers,83,Low Risk,Accepting Orders,,,
371,"Hammes, Klocko and Schowalter","Hammes, Klocko and Schowalter",bcushionaa@so-net.ne.jp,4394246147,Logistics Partners,75,Low Risk,Accepting Orders,,,
372,Rohan-Moore,Rohan-Moore,mgoldingayab@mediafire.com,9811531746,IT Vendors,80,Medium Risk,Accepting Orders,,,
373,Ledner LLC,Ledner LLC,kmacrierieac@macromedia.com,2298730547,Service Providers,80,High Risk,Not Accepting Orders,,,
374,Hintz-Nicolas,Hintz-Nicolas,dspurgead@smh.com.au,1504542133,Equipment Vendors,97,High Risk,Not Accepting Orders,,,
375,Beier-O'Kon,Beier-O'Kon,gmiddleditchae@washington.edu,9555907000,Logistics Partners,81,High Risk,Accepting Orders,,,
376,Dare-Schinner,Dare-Schinner,alindberghaf@1und1.de,8324503858,Raw Material Suppliers,75,High Risk,Accepting Orders,,,
377,"Cruickshank, Hayes and Hyatt","Cruickshank, Hayes and Hyatt",apassyag@loc.gov,6214252931,Equipment Vendors,97,High Risk,Accepting Orders,,,
378,Krajcik-Wolf,Krajcik-Wolf,pdronsfieldah@auda.org.au,4964828083,Raw Material Suppliers,80,Medium Risk,Accepting Orders,,,
379,"Considine, Shanahan and Nicolas","Considine, Shanahan and Nicolas",shyattai@ca.gov,5872988127,Service Providers,97,Medium Risk,Not Accepting Orders,,,
380,Walsh LLC,Walsh LLC,clelliottaj@fda.gov,8982330520,Service Providers,98,High Risk,Accepting Orders,,,
381,"Deckow, Koelpin and Rau","Deckow, Koelpin and Rau",rharrildak@google.it,2946989488,IT Vendors,97,Medium Risk,Not Accepting Orders,,,
382,Kuhlman Group,Kuhlman Group,hrettieal@ca.gov,7955553153,Equipment Vendors,81,Medium Risk,Accepting Orders,,,
383,Lynch-Blick,Lynch-Blick,jvalerioam@google.pl,4669524850,Maintenance Vendors,100,Low Risk,Not Accepting Orders,,,
384,"Schimmel, Hermiston and Cruickshank","Schimmel, Hermiston and Cruickshank",lbatesonan@rakuten.co.jp,7041742023,Maintenance Vendors,83,Low Risk,Accepting Orders,,,
385,"Wilderman, Rau and Fay","Wilderman, Rau and Fay",atrewinnardao@forbes.com,1024075655,Service Providers,100,Low Risk,Not Accepting Orders,,,
386,Jaskolski Inc,Jaskolski Inc,kboxhillap@deliciousdays.com,8032760483,Equipment Vendors,83,Medium Risk,Accepting Orders,,,
387,"Klocko, Carter and Kessler","Klocko, Carter and Kessler",mlovelockaq@google.com.br,6991067591,Equipment Vendors,98,Low Risk,Not Accepting Orders,,,
388,Pacocha-Schroeder,Pacocha-Schroeder,jcollingar@youtu.be,2015767796,Service Providers,75,Medium Risk,Accepting Orders,,,
389,Shields-Gulgowski,Shields-Gulgowski,gpetrovicas@psu.edu,2796548120,Maintenance Vendors,81,High Risk,Not Accepting Orders,,,
390,Walsh Group,Walsh Group,cmuslimat@chronoengine.com,2814115035,Service Providers,97,Low Risk,Not Accepting Orders,,,
391,"Pfannerstill, Stoltenberg and Lakin","Pfannerstill, Stoltenberg and Lakin",gharrillau@google.com.br,3297953203,Raw Material Suppliers,100,High Risk,Not Accepting Orders,,,
392,"Hills, Labadie and Conroy","Hills, Labadie and Conroy",cfaldoeav@sakura.ne.jp,2482159530,Maintenance Vendors,75,Low Risk,Not Accepting Orders,,,
393,"Kilback, Kiehn and Daugherty","Kilback, Kiehn and Daugherty",nlutyaw@comsenz.com,5951984937,IT Vendors,98,Low Risk,Accepting Orders,,,
394,Medhurst-Schiller,Medhurst-Schiller,gkirmanax@slideshare.net,1541971610,Maintenance Vendors,100,Medium Risk,Not Accepting Orders,,,
395,"Runolfsdottir, Legros and Grady","Runolfsdottir, Legros and Grady",acowanay@columbia.edu,2825103296,Raw Material Suppliers,75,Low Risk,Accepting Orders,,,
396,"VonRueden, Ortiz and Borer","VonRueden, Ortiz and Borer",ispenclayaz@about.me,1081418764,Logistics Partners,81,High Risk,Accepting Orders,,,
397,"Lueilwitz, Hayes and Bartoletti","Lueilwitz, Hayes and Bartoletti",hnewcombb0@discovery.com,6169672489,Equipment Vendors,97,High Risk,Accepting Orders,,,
398,Witting Inc,Witting Inc,apoacherb1@themeforest.net,7818104705,IT Vendors,100,High Risk,Accepting Orders,,,
399,Pfannerstill-Medhurst,Pfannerstill-Medhurst,jchiplenb2@economist.com,4552239033,Raw Material Suppliers,100,Low Risk,Not Accepting Orders,,,
400,"Lynch, Runolfsson and Blanda","Lynch, Runolfsson and Blanda",gboutellierb3@acquirethisname.com,1719381427,Raw Material Suppliers,81,Medium Risk,Not Accepting Orders,,,
401,Aufderhar LLC,Aufderhar LLC,jdymottb4@digg.com,1515583226,Equipment Vendors,97,Medium Risk,Accepting Orders,,,
402,"Romaguera, Jaskolski and Shields","Romaguera, Jaskolski and Shields",mhanseb5@so-net.ne.jp,5627513031,Service Providers,81,High Risk,Not Accepting Orders,,,
403,O'Keefe-Steuber,O'Keefe-Steuber,avonasekb6@dedecms.com,6789589106,Service Providers,97,Medium Risk,Accepting Orders,,,
404,Weissnat-Bogisich,Weissnat-Bogisich,ibaudouxb7@zdnet.com,2795949317,Logistics Partners,97,Low Risk,Accepting Orders,,,
405,Bradtke LLC,Bradtke LLC,yasquithb8@bloglines.com,1462508077,Logistics Partners,83,High Risk,Not Accepting Orders,,,
406,Dickinson and Sons,Dickinson and Sons,mshelmardineb9@wordpress.org,9813519568,Raw Material Suppliers,80,Low Risk,Not Accepting Orders,,,
407,Gulgowski-Wolff,Gulgowski-Wolff,fravensba@phoca.cz,1197506670,IT Vendors,98,Medium Risk,Not Accepting Orders,,,
408,Towne and Sons,Towne and Sons,kacremanbb@nyu.edu,7283849745,Equipment Vendors,75,Medium Risk,Not Accepting Orders,,,
409,"Moen, Runte and Nienow","Moen, Runte and Nienow",bpreistbc@people.com.cn,2181766310,Service Providers,98,Medium Risk,Accepting Orders,,,
410,Labadie LLC,Labadie LLC,sbartrapbd@sakura.ne.jp,9127042977,IT Vendors,98,Low Risk,Accepting Orders,,,
411,Ortiz-Senger,Ortiz-Senger,cgriefbe@networkadvertising.org,5291139861,Raw Material Suppliers,80,Low Risk,Accepting Orders,,,
412,Kunze-Wilderman,Kunze-Wilderman,ragglionebf@technorati.com,1451135946,Raw Material Suppliers,80,Medium Risk,Not Accepting Orders,,,
413,"Schmitt, Sawayn and Beatty","Schmitt, Sawayn and Beatty",hobeebg@wikimedia.org,9623219235,IT Vendors,97,Low Risk,Not Accepting Orders,,,
414,"Collier, Kihn and Rau","Collier, Kihn and Rau",pschenfischbh@wordpress.org,2615132825,Equipment Vendors,83,Medium Risk,Not Accepting Orders,,,
415,Walsh LLC,Walsh LLC,nbattersbi@edublogs.org,8664448341,Service Providers,100,Low Risk,Accepting Orders,,,
416,Effertz-Hessel,Effertz-Hessel,cbesterbj@gov.uk,5374310628,Raw Material Suppliers,75,High Risk,Not Accepting Orders,,,
417,"Denesik, Harber and D'Amore","Denesik, Harber and D'Amore",bcorterbk@free.fr,4239553376,IT Vendors,97,High Risk,Not Accepting Orders,,,
418,Goodwin-Wolf,Goodwin-Wolf,bscoullerbl@wikipedia.org,1992076475,Equipment Vendors,100,Medium Risk,Accepting Orders,,,
419,Ritchie Inc,Ritchie Inc,ptremathickbm@jugem.jp,5196154576,Raw Material Suppliers,100,Low Risk,Not Accepting Orders,,,
420,Mosciski-Green,Mosciski-Green,erudsdalebn@instagram.com,8783327334,Equipment Vendors,75,High Risk,Not Accepting Orders,,,
421,Will-Bergnaum,Will-Bergnaum,dperuttobo@archive.org,5448218786,Raw Material Suppliers,100,High Risk,Accepting Orders,,,
422,Donnelly-Stroman,Donnelly-Stroman,mpearsonbp@bigcartel.com,1496717588,Service Providers,97,Medium Risk,Accepting Orders,,,
423,"Abernathy, Yost and Gibson","Abernathy, Yost and Gibson",horwinbq@walmart.com,3807370726,Raw Material Suppliers,83,High Risk,Accepting Orders,,,
424,"Cremin, Brakus and Ernser","Cremin, Brakus and Ernser",elambellbr@amazon.co.jp,9745262664,Service Providers,97,Medium Risk,Not Accepting Orders,,,
425,Schowalter-Strosin,Schowalter-Strosin,jpettefordbs@senate.gov,3667017721,IT Vendors,80,Medium Risk,Not Accepting Orders,,,
426,Stoltenberg Group,Stoltenberg Group,naloigibt@hexun.com,7554646801,IT Vendors,83,Medium Risk,Accepting Orders,,,
427,"Wilderman, Orn and Weissnat","Wilderman, Orn and Weissnat",rhaddletonbu@last.fm,9713527257,Logistics Partners,75,Low Risk,Not Accepting Orders,,,
428,Roob Inc,Roob Inc,bcolicotbv@blog.com,8222249899,Service Providers,81,High Risk,Accepting Orders,,,
429,"MacGyver, Farrell and Turner","MacGyver, Farrell and Turner",lworvillbw@blogspot.com,8637450125,Equipment Vendors,81,Low Risk,Not Accepting Orders,,,
430,Koch-Bins,Koch-Bins,rhebdenbx@cnbc.com,9941819304,Raw Material Suppliers,98,Low Risk,Accepting Orders,,,
431,Pagac and Sons,Pagac and Sons,nmulqueenyby@vistaprint.com,3818541632,Equipment Vendors,75,Medium Risk,Accepting Orders,,,
432,"Runolfsson, Runte and Lowe","Runolfsson, Runte and Lowe",bpickancebz@ft.com,4651667974,Maintenance Vendors,80,Medium Risk,Not Accepting Orders,,,
433,"Wiza, Pollich and Marquardt","Wiza, Pollich and Marquardt",fbacchusc0@nsw.gov.au,3085013857,IT Vendors,98,High Risk,Not Accepting Orders,,,
434,Dicki-Mayert,Dicki-Mayert,ddoorec1@slate.com,2167060537,Raw Material Suppliers,75,High Risk,Accepting Orders,,,
435,Smitham Group,Smitham Group,kdabbesc2@opera.com,9185342820,Service Providers,100,Low Risk,Not Accepting Orders,,,
436,Cruickshank-Trantow,Cruickshank-Trantow,cfewtrellc3@washingtonpost.com,6932275091,IT Vendors,100,Medium Risk,Accepting Orders,,,
437,Leuschke and Sons,Leuschke and Sons,jvannozziic4@berkeley.edu,5374029306,Maintenance Vendors,80,Low Risk,Not Accepting Orders,,,
438,Watsica-Kuhlman,Watsica-Kuhlman,pmardlingc5@blogspot.com,8854692143,Maintenance Vendors,80,High Risk,Not Accepting Orders,,,
439,Champlin and Sons,Champlin and Sons,ggrindrodc6@guardian.co.uk,1019737712,Raw Material Suppliers,81,High Risk,Accepting Orders,,,
440,Becker and Sons,Becker and Sons,gcrownc7@pen.io,5691933001,Service Providers,98,Low Risk,Accepting Orders,,,
441,Von Inc,Von Inc,nposthillc8@spotify.com,5791018677,Raw Material Suppliers,80,Medium Risk,Accepting Orders,,,
442,Wunsch and Sons,Wunsch and Sons,akorbc9@surveymonkey.com,9722591511,IT Vendors,97,Medium Risk,Not Accepting Orders,,,
443,"Leuschke, Schroeder and Mraz","Leuschke, Schroeder and Mraz",pflemingca@prnewswire.com,9077706191,Maintenance Vendors,97,Medium Risk,Not Accepting Orders,,,
444,Sipes-Robel,Sipes-Robel,mhankinscb@1688.com,2646169854,Logistics Partners,97,Low Risk,Not Accepting Orders,,,
445,Muller-Grant,Muller-Grant,efotheringhamcc@imdb.com,1325606266,IT Vendors,80,High Risk,Not Accepting Orders,,,
446,Ward-Predovic,Ward-Predovic,blisciandrocd@nih.gov,3526917147,Equipment Vendors,98,High Risk,Accepting Orders,,,
447,Dare LLC,Dare LLC,bmacshiriece@opensource.org,1474806467,Equipment Vendors,75,High Risk,Not Accepting Orders,,,
448,Emard-Howell,Emard-Howell,kratecf@theglobeandmail.com,4045819956,Maintenance Vendors,80,Medium Risk,Accepting Orders,,,
449,Nader Group,Nader Group,cspaincg@so-net.ne.jp,9708301658,Raw Material Suppliers,100,High Risk,Not Accepting Orders,,,
450,Towne-Pacocha,Towne-Pacocha,edevinech@princeton.edu,5794833426,Maintenance Vendors,75,Low Risk,Not Accepting Orders,,,
451,Emmerich Group,Emmerich Group,mramageci@sina.com.cn,2448630231,IT Vendors,100,Medium Risk,Accepting Orders,,,
452,Schaefer-Doyle,Schaefer-Doyle,kcrunkhorncj@sciencedaily.com,6359899205,IT Vendors,75,Medium Risk,Not Accepting Orders,,,
453,"Prosacco, Beatty and Terry","Prosacco, Beatty and Terry",tlyvonck@sciencedirect.com,8772181123,Equipment Vendors,81,Medium Risk,Accepting Orders,,,
454,Treutel Inc,Treutel Inc,hseedmancl@ucsd.edu,7476193317,Service Providers,97,High Risk,Accepting Orders,,,
455,"Gleason, Okuneva and Shanahan","Gleason, Okuneva and Shanahan",jmcclarencecm@columbia.edu,3272672930,Equipment Vendors,100,High Risk,Not Accepting Orders,,,
456,"Schamberger, MacGyver and Kertzmann","Schamberger, MacGyver and Kertzmann",ddartcn@clickbank.net,3933003367,Maintenance Vendors,83,Medium Risk,Not Accepting Orders,,,
457,Homenick Inc,Homenick Inc,achopinco@ted.com,6071051218,Service Providers,81,Medium Risk,Accepting Orders,,,
458,"Tillman, Hackett and Hessel","Tillman, Hackett and Hessel",agrattoncp@gnu.org,2889307121,Equipment Vendors,80,Low Risk,Accepting Orders,,,
459,Sawayn-Moen,Sawayn-Moen,bgustickecq@latimes.com,8886265061,Maintenance Vendors,75,Medium Risk,Not Accepting Orders,,,
460,"Heathcote, Keeling and Jast","Heathcote, Keeling and Jast",smartinovskycr@macromedia.com,9349533143,Equipment Vendors,83,Low Risk,Not Accepting Orders,,,
461,Runolfsson Inc,Runolfsson Inc,emallabycs@sciencedaily.com,4949711598,Equipment Vendors,97,Low Risk,Not Accepting Orders,,,
462,"Tremblay, Nicolas and Hodkiewicz","Tremblay, Nicolas and Hodkiewicz",mbargect@cargocollective.com,8481350860,Equipment Vendors,75,Low Risk,Not Accepting Orders,,,
463,"Kertzmann, Abernathy and Leannon","Kertzmann, Abernathy and Leannon",blilioncu@slideshare.net,7095616012,Maintenance Vendors,83,High Risk,Accepting Orders,,,
464,Hahn-Stracke,Hahn-Stracke,ksaunderscv@discovery.com,5066974259,IT Vendors,80,Low Risk,Accepting Orders,,,
465,"Bernhard, Quitzon and Schultz","Bernhard, Quitzon and Schultz",gburnappcw@google.ca,6557817521,Service Providers,80,High Risk,Not Accepting Orders,,,
466,Hackett Group,Hackett Group,vfeldmuscx@arizona.edu,1316604828,Service Providers,80,Low Risk,Accepting Orders,,,
467,"Powlowski, Farrell and Walker","Powlowski, Farrell and Walker",lkennioncy@china.com.cn,9428593409,IT Vendors,98,Medium Risk,Not Accepting Orders,,,
468,"Mayert, Sanford and Ledner","Mayert, Sanford and Ledner",mfairbracecz@myspace.com,9584270908,IT Vendors,83,Medium Risk,Not Accepting Orders,,,
469,Ritchie-Haley,Ritchie-Haley,jneisingd0@rambler.ru,5274747831,IT Vendors,100,High Risk,Not Accepting Orders,,,
470,Koelpin LLC,Koelpin LLC,ffyalld1@deliciousdays.com,9401925651,Service Providers,75,Medium Risk,Accepting Orders,,,
471,"Bode, Mohr and Mann","Bode, Mohr and Mann",bfolshomd2@europa.eu,8716392117,Service Providers,75,Medium Risk,Not Accepting Orders,,,
472,Bruen-Torphy,Bruen-Torphy,heffemyd3@opera.com,7516886275,Maintenance Vendors,80,High Risk,Not Accepting Orders,,,
473,Bernier-Luettgen,Bernier-Luettgen,agasparrod4@samsung.com,9396821095,Maintenance Vendors,75,Low Risk,Accepting Orders,,,
474,Jerde-Ryan,Jerde-Ryan,valdind5@networksolutions.com,5824000675,Maintenance Vendors,81,High Risk,Not Accepting Orders,,,
475,Klein-O'Connell,Klein-O'Connell,egaunsond6@yelp.com,8282673614,Maintenance Vendors,98,Low Risk,Not Accepting Orders,,,
476,Thiel-Abbott,Thiel-Abbott,cwadsworthd7@pbs.org,3738385264,Raw Material Suppliers,83,High Risk,Not Accepting Orders,,,
477,"Windler, Langosh and Hamill","Windler, Langosh and Hamill",ibroseked8@naver.com,4333327196,Equipment Vendors,81,Low Risk,Accepting Orders,,,
478,"Barrows, Kunze and Stracke","Barrows, Kunze and Stracke",epepperdd9@gov.uk,2623740154,Service Providers,83,High Risk,Not Accepting Orders,,,
479,"Miller, Christiansen and Gorczany","Miller, Christiansen and Gorczany",kdefriesda@woothemes.com,1668057191,Logistics Partners,75,High Risk,Not Accepting Orders,,,
480,Rolfson-Fisher,Rolfson-Fisher,hsalandb@businesswire.com,6204480302,Raw Material Suppliers,100,Low Risk,Accepting Orders,,,
481,"Jast, Greenfelder and Runolfsdottir","Jast, Greenfelder and Runolfsdottir",bharbererdc@pcworld.com,4634462984,Logistics Partners,100,High Risk,Accepting Orders,,,
482,Grimes and Sons,Grimes and Sons,hspringdd@techcrunch.com,8847480815,Logistics Partners,97,High Risk,Accepting Orders,,,
483,Satterfield and Sons,Satterfield and Sons,cbridsonde@tiny.cc,9768497307,Service Providers,98,Low Risk,Not Accepting Orders,,,
484,Deckow-Boehm,Deckow-Boehm,llapidesdf@a8.net,7554381871,Logistics Partners,75,High Risk,Accepting Orders,,,
485,Schmitt-Steuber,Schmitt-Steuber,igresswelldg@unicef.org,8354732438,Raw Material Suppliers,75,High Risk,Accepting Orders,,,
486,Paucek-Stokes,Paucek-Stokes,vcrookshankdh@nymag.com,7941022749,Service Providers,80,Low Risk,Not Accepting Orders,,,
487,"Haag, Larson and Satterfield","Haag, Larson and Satterfield",odedhamdi@nyu.edu,8204163127,Raw Material Suppliers,98,Low Risk,Not Accepting Orders,,,
488,Watsica LLC,Watsica LLC,frideoutdj@dyndns.org,9367326452,Logistics Partners,75,Low Risk,Accepting Orders,,,
489,King Group,King Group,jaludk@wix.com,8137918391,Service Providers,83,Low Risk,Accepting Orders,,,
490,Lynch Group,Lynch Group,omennithorpdl@phpbb.com,2416102688,Maintenance Vendors,81,Medium Risk,Not Accepting Orders,,,
491,"Casper, Kuhlman and Balistreri","Casper, Kuhlman and Balistreri",pdewidm@umich.edu,8934434625,Equipment Vendors,75,Medium Risk,Accepting Orders,,,
492,Baumbach-Gleichner,Baumbach-Gleichner,dpinnigardn@wunderground.com,3152366686,Logistics Partners,75,High Risk,Accepting Orders,,,
493,"Greenholt, Beier and Metz","Greenholt, Beier and Metz",ntimmonsdo@usda.gov,1416047472,Maintenance Vendors,100,High Risk,Not Accepting Orders,,,
494,"Dickens, Hickle and Raynor","Dickens, Hickle and Raynor",mcandishdp@ibm.com,7041760769,Equipment Vendors,81,High Risk,Not Accepting Orders,,,
495,"Tillman, Pfannerstill and Koch","Tillman, Pfannerstill and Koch",dcrunkhurndq@wikipedia.org,3291725277,Maintenance Vendors,83,Low Risk,Accepting Orders,,,
496,Bruen LLC,Bruen LLC,bganiforddr@zdnet.com,5831954831,Maintenance Vendors,80,Medium Risk,Accepting Orders,,,
497,"Rau, Farrell and Johnson","Rau, Farrell and Johnson",blohrensends@163.com,2367157390,Raw Material Suppliers,98,Low Risk,Accepting Orders,,,
498,"McKenzie, Rogahn and Ryan","McKenzie, Rogahn and Ryan",kcanbydt@google.ca,9222714588,Service Providers,81,High Risk,Accepting Orders,,,
499,"Klein, Nader and Gutmann","Klein, Nader and Gutmann",mcahalindu@ovh.net,4407227851,Service Providers,81,Low Risk,Not Accepting Orders,,,
500,O'Kon-Runolfsdottir,O'Kon-Runolfsdottir,rsellorsdv@usatoday.com,6468385132,Raw Material Suppliers,98,High Risk,Accepting Orders,,,
501,Streich Inc,Streich Inc,strevilliondw@spiegel.de,9171619865,Logistics Partners,80,Low Risk,Not Accepting Orders,,,
502,Grimes-Thiel,Grimes-Thiel,bwhyliedx@timesonline.co.uk,6868403429,Logistics Partners,100,High Risk,Accepting Orders,,,
503,"Kuhlman, Friesen and Stracke","Kuhlman, Friesen and Stracke",jmcclintondy@forbes.com,6378989549,Equipment Vendors,75,Low Risk,Not Accepting Orders,,,
504,Herman LLC,Herman LLC,cvannedz@wp.com,9235153527,IT Vendors,81,High Risk,Accepting Orders,,,
505,Konopelski-Franecki,Konopelski-Franecki,ggevere0@intel.com,4603823373,Maintenance Vendors,100,Medium Risk,Not Accepting Orders,,,
506,Ferry and Sons,Ferry and Sons,vmortene1@cbslocal.com,3812578708,Service Providers,80,High Risk,Accepting Orders,,,
507,Goldner-Shanahan,Goldner-Shanahan,vivanenkoe2@go.com,3113178803,Logistics Partners,75,High Risk,Accepting Orders,,,
508,"Gislason, Doyle and Kassulke","Gislason, Doyle and Kassulke",sjiroudeke3@addtoany.com,1471349862,Service Providers,97,High Risk,Not Accepting Orders,,,
509,"Lueilwitz, Hackett and Daugherty","Lueilwitz, Hackett and Daugherty",alambise4@so-net.ne.jp,4616815269,Logistics Partners,81,High Risk,Accepting Orders,,,
510,Becker-Miller,Becker-Miller,mcrosscombee5@istockphoto.com,9988604579,Raw Material Suppliers,75,Medium Risk,Accepting Orders,,,
511,O'Reilly-Howe,O'Reilly-Howe,ggilstine6@mapquest.com,4998921272,Logistics Partners,80,Low Risk,Not Accepting Orders,,,
512,Kub LLC,Kub LLC,mpennellse7@elpais.com,7904189213,Logistics Partners,81,High Risk,Accepting Orders,,,
513,Hoeger-Braun,Hoeger-Braun,ieddicotte8@github.io,1416401355,Equipment Vendors,75,High Risk,Not Accepting Orders,,,
514,Hermiston LLC,Hermiston LLC,dmccastere9@feedburner.com,5678058084,Logistics Partners,98,Medium Risk,Not Accepting Orders,,,
515,Terry Group,Terry Group,ajaanea@slideshare.net,2826942461,Equipment Vendors,83,High Risk,Not Accepting Orders,,,
516,"Gleichner, Wilderman and Lowe","Gleichner, Wilderman and Lowe",mhallaseb@rakuten.co.jp,5931731947,Raw Material Suppliers,80,Medium Risk,Not Accepting Orders,,,
517,"Feil, Schneider and Medhurst","Feil, Schneider and Medhurst",opercifullec@jigsy.com,2424393603,IT Vendors,83,Medium Risk,Not Accepting Orders,,,
518,"Vandervort, Baumbach and Crist","Vandervort, Baumbach and Crist",eromeufed@51.la,3295499900,Equipment Vendors,100,Low Risk,Not Accepting Orders,,,
519,"Graham, Wolf and Pollich","Graham, Wolf and Pollich",hsilverstoneee@ca.gov,4952139475,Maintenance Vendors,75,Medium Risk,Accepting Orders,,,
520,Emard Group,Emard Group,zcranefieldef@globo.com,9875633069,Raw Material Suppliers,75,Low Risk,Accepting Orders,,,
521,Heaney-Bayer,Heaney-Bayer,fbassameg@purevolume.com,2356501138,Maintenance Vendors,97,Medium Risk,Accepting Orders,,,
522,Casper-McDermott,Casper-McDermott,lveldeh@bloglovin.com,3672610566,Raw Material Suppliers,75,Medium Risk,Not Accepting Orders,,,
523,"Hodkiewicz, Swaniawski and Mueller","Hodkiewicz, Swaniawski and Mueller",ecuddei@digg.com,9623600683,Raw Material Suppliers,100,Low Risk,Accepting Orders,,,
524,Boyle-Kuhn,Boyle-Kuhn,mpretoej@state.gov,1286525618,Raw Material Suppliers,100,Medium Risk,Accepting Orders,,,
525,Hyatt-Kertzmann,Hyatt-Kertzmann,dwhitecrossek@state.gov,1986884219,Raw Material Suppliers,98,Medium Risk,Not Accepting Orders,,,
526,Greenfelder and Sons,Greenfelder and Sons,knewsonel@godaddy.com,9014991947,Maintenance Vendors,75,Medium Risk,Not Accepting Orders,,,
527,"Prohaska, Bode and Welch","Prohaska, Bode and Welch",omaccrackenem@harvard.edu,1213493554,Maintenance Vendors,100,Medium Risk,Not Accepting Orders,,,
528,Frami Group,Frami Group,sjuggingen@bloglovin.com,8287390757,Raw Material Suppliers,80,Low Risk,Accepting Orders,,,
529,Stracke-Grimes,Stracke-Grimes,aedworthyeeo@cafepress.com,6967683563,Logistics Partners,75,Medium Risk,Not Accepting Orders,,,
530,"Hyatt, O'Keefe and Gerlach","Hyatt, O'Keefe and Gerlach",nnoakesep@aol.com,5229932503,Maintenance Vendors,98,Low Risk,Not Accepting Orders,,,
531,Bruen-Reichert,Bruen-Reichert,echivertoneq@gizmodo.com,5204304398,Equipment Vendors,75,Medium Risk,Accepting Orders,,,
532,Nikolaus LLC,Nikolaus LLC,wgladweller@dagondesign.com,3721246024,Raw Material Suppliers,97,Low Risk,Not Accepting Orders,,,
533,O'Keefe-Bernier,O'Keefe-Bernier,kadanes@artisteer.com,3162834032,Maintenance Vendors,100,High Risk,Not Accepting Orders,,,
534,Hilll-O'Reilly,Hilll-O'Reilly,ehammet@redcross.org,1569978071,Raw Material Suppliers,97,High Risk,Not Accepting Orders,,,
535,Emmerich Inc,Emmerich Inc,ctudgeeu@slashdot.org,8335956277,Logistics Partners,83,Medium Risk,Accepting Orders,,,
536,"Walker, Nienow and DuBuque","Walker, Nienow and DuBuque",esteptowev@indiatimes.com,4675826868,Maintenance Vendors,83,Low Risk,Accepting Orders,,,
537,"Sipes, Hane and Nader","Sipes, Hane and Nader",csaltew@histats.com,2308245039,Service Providers,98,High Risk,Accepting Orders,,,
538,Doyle Inc,Doyle Inc,dofficerex@canalblog.com,9527483415,Raw Material Suppliers,100,High Risk,Accepting Orders,,,
539,"Collins, Reichert and O'Hara","Collins, Reichert and O'Hara",cwarbysey@de.vu,6691063385,IT Vendors,100,Low Risk,Not Accepting Orders,,,
540,"Jacobi, Greenfelder and Pagac","Jacobi, Greenfelder and Pagac",fkennefordez@uol.com.br,6571268423,Raw Material Suppliers,81,High Risk,Not Accepting Orders,,,
541,"Green, Lindgren and Block","Green, Lindgren and Block",chonackf0@google.com.br,1389064634,Raw Material Suppliers,81,Low Risk,Accepting Orders,,,
542,Bechtelar Inc,Bechtelar Inc,mpickersailf1@webs.com,6151247081,Service Providers,81,Low Risk,Accepting Orders,,,
543,Goyette-Schowalter,Goyette-Schowalter,bclaesensf2@upenn.edu,2037746408,Service Providers,75,Low Risk,Not Accepting Orders,,,
544,Gleason Group,Gleason Group,dferridayf3@privacy.gov.au,9731002183,IT Vendors,81,High Risk,Accepting Orders,,,
545,Boehm-Bayer,Boehm-Bayer,maizikovf4@webnode.com,7206178919,Service Providers,83,Low Risk,Accepting Orders,,,
546,"Haag, Lubowitz and Ritchie","Haag, Lubowitz and Ritchie",mmallabarf5@ucoz.com,6881860858,IT Vendors,97,High Risk,Accepting Orders,,,
547,"Romaguera, Rempel and Ledner","Romaguera, Rempel and Ledner",abellenyf6@tripod.com,1064634861,Maintenance Vendors,100,Medium Risk,Accepting Orders,,,
548,Cremin Group,Cremin Group,ahargf7@cbsnews.com,3901559301,Raw Material Suppliers,83,Low Risk,Not Accepting Orders,,,
549,Wiza-Goodwin,Wiza-Goodwin,kgowansonf8@baidu.com,2463170800,IT Vendors,97,Medium Risk,Not Accepting Orders,,,
550,Orn-Roob,Orn-Roob,memeneyf9@economist.com,1221497442,Maintenance Vendors,80,High Risk,Not Accepting Orders,,,
551,Borer-Koch,Borer-Koch,solagenfa@sun.com,7842527989,Service Providers,83,Medium Risk,Not Accepting Orders,,,
552,Daniel Inc,Daniel Inc,emccrackenfb@yolasite.com,8865334653,Service Providers,80,High Risk,Not Accepting Orders,,,
553,Medhurst and Sons,Medhurst and Sons,lbarffordfc@photobucket.com,5473724224,IT Vendors,100,Low Risk,Not Accepting Orders,,,
554,Thompson-Kirlin,Thompson-Kirlin,fmasonfd@instagram.com,4818783634,Service Providers,83,Medium Risk,Not Accepting Orders,,,
555,Howell Group,Howell Group,kcolbertfe@utexas.edu,4105682255,IT Vendors,75,Low Risk,Accepting Orders,,,
556,Harris-Donnelly,Harris-Donnelly,jroscoeff@rambler.ru,3908789147,Equipment Vendors,98,Medium Risk,Not Accepting Orders,,,
557,"Ruecker, Veum and Sawayn","Ruecker, Veum and Sawayn",bbanfieldfg@edublogs.org,2641500477,Equipment Vendors,97,Low Risk,Accepting Orders,,,
558,"Wilkinson, Dietrich and Kub","Wilkinson, Dietrich and Kub",cheinekenfh@elpais.com,2239498601,Service Providers,98,Medium Risk,Accepting Orders,,,
559,"Hyatt, Veum and Bashirian","Hyatt, Veum and Bashirian",dwisefi@networksolutions.com,1306489814,Raw Material Suppliers,81,Medium Risk,Not Accepting Orders,,,
560,Jones-Becker,Jones-Becker,mborleasefj@cafepress.com,4373821089,Maintenance Vendors,83,High Risk,Not Accepting Orders,,,
561,Mante and Sons,Mante and Sons,lchittemfk@histats.com,6308253454,Equipment Vendors,80,High Risk,Accepting Orders,,,
562,"Bergstrom, Bruen and Cartwright","Bergstrom, Bruen and Cartwright",jtottmanfl@mayoclinic.com,8088410681,Service Providers,98,Low Risk,Not Accepting Orders,,,
563,Schamberger LLC,Schamberger LLC,ttownsonfm@scientificamerican.com,9791282596,Service Providers,81,Medium Risk,Accepting Orders,,,
564,"Lehner, Ruecker and VonRueden","Lehner, Ruecker and VonRueden",tstarcksfn@msn.com,9405566176,Service Providers,100,High Risk,Not Accepting Orders,,,
565,"Deckow, Altenwerth and Gorczany","Deckow, Altenwerth and Gorczany",bquantickfo@ovh.net,6716237374,Logistics Partners,75,Low Risk,Accepting Orders,,,
566,Reichel-Rippin,Reichel-Rippin,yburnsydefp@amazon.co.uk,3384920736,IT Vendors,75,Medium Risk,Not Accepting Orders,,,
567,Doyle-Hyatt,Doyle-Hyatt,nsmithemanfq@harvard.edu,6544867307,Equipment Vendors,97,High Risk,Accepting Orders,,,
568,Douglas-Erdman,Douglas-Erdman,dleavoldfr@surveymonkey.com,2895180317,IT Vendors,83,Low Risk,Accepting Orders,,,
569,Pacocha-Kuphal,Pacocha-Kuphal,mchatenetfs@marketwatch.com,1735045998,Raw Material Suppliers,100,High Risk,Not Accepting Orders,,,
570,"Schaefer, Sauer and Flatley","Schaefer, Sauer and Flatley",araubenheimft@youku.com,8216347323,Maintenance Vendors,83,High Risk,Accepting Orders,,,
571,"Green, Bailey and Gutmann","Green, Bailey and Gutmann",preochfu@reddit.com,7809064205,IT Vendors,98,Medium Risk,Not Accepting Orders,,,
572,Denesik-Cruickshank,Denesik-Cruickshank,gcalamfv@dion.ne.jp,1257700739,Logistics Partners,98,High Risk,Not Accepting Orders,,,
573,Zulauf-Sawayn,Zulauf-Sawayn,gmadelinfw@tuttocitta.it,9286948692,Logistics Partners,83,Low Risk,Accepting Orders,,,
574,Ratke-Reichert,Ratke-Reichert,dchatfx@tripod.com,4306425828,Logistics Partners,83,High Risk,Accepting Orders,,,
575,Hessel Inc,Hessel Inc,tblumsonfy@geocities.jp,1023094344,IT Vendors,97,Medium Risk,Not Accepting Orders,,,
576,"DuBuque, Denesik and Halvorson","DuBuque, Denesik and Halvorson",bboughtflowerfz@icio.us,9334129321,Maintenance Vendors,100,Low Risk,Accepting Orders,,,
577,Fay-Crist,Fay-Crist,felksg0@dot.gov,8184771135,Equipment Vendors,80,Low Risk,Accepting Orders,,,
578,"Klein, Cummerata and Christiansen","Klein, Cummerata and Christiansen",mcarreckg1@oaic.gov.au,6321891035,IT Vendors,75,Low Risk,Not Accepting Orders,,,
579,"Lockman, Waters and Bins","Lockman, Waters and Bins",wcampag2@posterous.com,7528991890,Raw Material Suppliers,100,Low Risk,Not Accepting Orders,,,
580,Sanford Group,Sanford Group,lallibong3@earthlink.net,9071169781,Maintenance Vendors,100,High Risk,Accepting Orders,,,
581,Cormier LLC,Cormier LLC,wmasdeng4@bbc.co.uk,3704844855,Raw Material Suppliers,75,Medium Risk,Not Accepting Orders,,,
582,Zboncak-Dickens,Zboncak-Dickens,lfootg5@omniture.com,6537276959,Logistics Partners,100,High Risk,Not Accepting Orders,,,
583,Schinner-Murphy,Schinner-Murphy,akempsong6@uol.com.br,4362088688,Service Providers,75,High Risk,Not Accepting Orders,,,
584,Conn Inc,Conn Inc,aebertsg7@slideshare.net,6386510538,Maintenance Vendors,75,High Risk,Not Accepting Orders,,,
585,Armstrong-Kuvalis,Armstrong-Kuvalis,oioselevg8@people.com.cn,9083116580,Logistics Partners,98,Medium Risk,Accepting Orders,,,
586,"Skiles, Orn and Ritchie","Skiles, Orn and Ritchie",cteekg9@cpanel.net,5099347753,Maintenance Vendors,98,High Risk,Accepting Orders,,,
587,Volkman LLC,Volkman LLC,paldousga@virginia.edu,5907016008,Maintenance Vendors,98,High Risk,Not Accepting Orders,,,
588,"Cole, Kling and Walsh","Cole, Kling and Walsh",sclausengb@google.ru,9202038858,Service Providers,83,Medium Risk,Not Accepting Orders,,,
589,"Lakin, Murray and Sipes","Lakin, Murray and Sipes",adirkingc@hp.com,9204078242,Equipment Vendors,83,High Risk,Accepting Orders,,,
590,"Keeling, Ruecker and Cormier","Keeling, Ruecker and Cormier",cbadergd@sourceforge.net,9618746889,IT Vendors,98,High Risk,Not Accepting Orders,,,
591,Schroeder Inc,Schroeder Inc,cfonteynege@state.tx.us,6868390863,Maintenance Vendors,97,High Risk,Accepting Orders,,,
592,Homenick-Cartwright,Homenick-Cartwright,farrowsmithgf@nbcnews.com,9844708870,IT Vendors,98,Medium Risk,Accepting Orders,,,
593,Brekke-Bashirian,Brekke-Bashirian,bnowellgg@phoca.cz,3203164206,Equipment Vendors,97,Low Risk,Accepting Orders,,,
594,Haley Inc,Haley Inc,ocaccavarigh@issuu.com,9809285893,Maintenance Vendors,80,Medium Risk,Accepting Orders,,,
595,Jaskolski-Brekke,Jaskolski-Brekke,ccallejagi@usnews.com,9002072353,Equipment Vendors,80,Medium Risk,Not Accepting Orders,,,
596,Robel Group,Robel Group,lplastowgj@microsoft.com,2961634828,Raw Material Suppliers,83,High Risk,Accepting Orders,,,
597,Legros and Sons,Legros and Sons,broylegk@is.gd,7138511690,Logistics Partners,97,Low Risk,Not Accepting Orders,,,
598,Rohan-Effertz,Rohan-Effertz,pingarfillgl@privacy.gov.au,5492136169,Maintenance Vendors,83,Medium Risk,Not Accepting Orders,,,
599,Stroman Group,Stroman Group,rrowlandsgm@yale.edu,1213415609,Raw Material Suppliers,97,High Risk,Not Accepting Orders,,,
600,Beier LLC,Beier LLC,tpolkinhorngn@craigslist.org,1654410877,Raw Material Suppliers,98,Low Risk,Accepting Orders,,,
601,"Frami, Tremblay and Moen","Frami, Tremblay and Moen",nlongsongo@delicious.com,2886348898,Logistics Partners,97,Medium Risk,Accepting Orders,,,
602,Hettinger-Turcotte,Hettinger-Turcotte,sdangerfieldgp@kickstarter.com,5559326489,Logistics Partners,83,Low Risk,Not Accepting Orders,,,
603,"Graham, Klocko and Price","Graham, Klocko and Price",chaglintongq@blogtalkradio.com,1369166727,IT Vendors,80,Medium Risk,Accepting Orders,,,
604,Corwin Inc,Corwin Inc,bwigelsworthgr@biglobe.ne.jp,3379918572,Raw Material Suppliers,80,Low Risk,Accepting Orders,,,
605,"Kirlin, Lindgren and Metz","Kirlin, Lindgren and Metz",edodlegs@list-manage.com,7312089992,Logistics Partners,75,High Risk,Accepting Orders,,,
606,"Funk, McKenzie and Bahringer","Funk, McKenzie and Bahringer",cmanaghgt@acquirethisname.com,2025430989,IT Vendors,75,High Risk,Not Accepting Orders,,,
607,"Feil, Parisian and Smitham","Feil, Parisian and Smitham",mblackledgegu@flavors.me,3209434004,IT Vendors,75,Low Risk,Accepting Orders,,,
608,"Wehner, Nader and Gerlach","Wehner, Nader and Gerlach",tpasleygv@ucsd.edu,1134550403,Logistics Partners,100,Medium Risk,Not Accepting Orders,,,
609,Ullrich-Fahey,Ullrich-Fahey,ccallgw@alibaba.com,6241650538,Logistics Partners,83,Low Risk,Accepting Orders,,,
610,McCullough-Pollich,McCullough-Pollich,acallwaygx@theglobeandmail.com,8668461918,IT Vendors,83,Medium Risk,Not Accepting Orders,,,
611,Goodwin LLC,Goodwin LLC,zodempseygy@so-net.ne.jp,6363329280,Logistics Partners,97,Low Risk,Accepting Orders,,,
612,Nader-Kemmer,Nader-Kemmer,aniemiecgz@photobucket.com,9029229941,Maintenance Vendors,83,Medium Risk,Not Accepting Orders,,,
613,"Dickens, Moore and Swift","Dickens, Moore and Swift",cscinellih0@last.fm,5244731135,Maintenance Vendors,75,High Risk,Not Accepting Orders,,,
614,Bins Inc,Bins Inc,akeenleysideh1@timesonline.co.uk,3409612792,Service Providers,75,Medium Risk,Accepting Orders,,,
615,Kuhic-Tromp,Kuhic-Tromp,elowndesh2@delicious.com,2141857475,Service Providers,81,Medium Risk,Not Accepting Orders,,,
616,O'Reilly LLC,O'Reilly LLC,smagorh3@csmonitor.com,9162937305,Logistics Partners,80,Low Risk,Accepting Orders,,,
617,"Gutkowski, McGlynn and Hagenes","Gutkowski, McGlynn and Hagenes",dwynrahameh4@uol.com.br,9929446515,IT Vendors,100,Medium Risk,Not Accepting Orders,,,
618,Stoltenberg Inc,Stoltenberg Inc,tgagesh5@goo.ne.jp,7632355991,Raw Material Suppliers,80,Medium Risk,Not Accepting Orders,,,
619,Sauer and Sons,Sauer and Sons,dziemensh6@yellowbook.com,5389232142,Maintenance Vendors,97,Low Risk,Accepting Orders,,,
620,Will Inc,Will Inc,rbatth7@china.com.cn,4888492568,Maintenance Vendors,98,Low Risk,Not Accepting Orders,,,
621,"Deckow, Cartwright and Sawayn","Deckow, Cartwright and Sawayn",bwoolvinh8@ycombinator.com,1111550401,Logistics Partners,97,Medium Risk,Accepting Orders,,,
622,Will and Sons,Will and Sons,dwolseyh9@1und1.de,2577917895,Maintenance Vendors,80,Low Risk,Accepting Orders,,,
623,McClure-Stoltenberg,McClure-Stoltenberg,gjanickiha@businesswire.com,2167305771,Raw Material Suppliers,100,High Risk,Not Accepting Orders,,,
624,Klein-Jacobs,Klein-Jacobs,kcobbinhb@fotki.com,3413363035,Maintenance Vendors,97,High Risk,Not Accepting Orders,,,
625,Homenick Group,Homenick Group,frawlinhc@house.gov,6979961273,IT Vendors,75,Medium Risk,Not Accepting Orders,,,
626,Morar-Mohr,Morar-Mohr,rcorbetthd@mayoclinic.com,9127893590,Service Providers,100,High Risk,Not Accepting Orders,,,
627,Dare LLC,Dare LLC,mtregunnahe@163.com,1822840925,Logistics Partners,81,Low Risk,Accepting Orders,,,
628,Vandervort-Ryan,Vandervort-Ryan,relmarhf@gnu.org,3336048384,Raw Material Suppliers,98,High Risk,Not Accepting Orders,,,
629,Gerlach Group,Gerlach Group,agriswoodhg@163.com,1574319404,Service Providers,100,Low Risk,Not Accepting Orders,,,
630,Kulas-Corwin,Kulas-Corwin,slelandhh@xing.com,7528703998,Maintenance Vendors,98,High Risk,Not Accepting Orders,,,
631,Waters-Swaniawski,Waters-Swaniawski,nlambahi@nymag.com,6536690724,Equipment Vendors,75,Low Risk,Accepting Orders,,,
632,Beier Inc,Beier Inc,lpeeryhj@cloudflare.com,2798816504,IT Vendors,80,Low Risk,Accepting Orders,,,
633,Predovic Inc,Predovic Inc,acamiliohk@linkedin.com,9886655433,Maintenance Vendors,80,Medium Risk,Accepting Orders,,,
634,Beahan-Abernathy,Beahan-Abernathy,jkiendlhl@slate.com,9709477688,Raw Material Suppliers,83,High Risk,Accepting Orders,,,
635,Kulas Group,Kulas Group,jtomickihm@soundcloud.com,1781339574,IT Vendors,81,High Risk,Accepting Orders,,,
636,Howe-Bosco,Howe-Bosco,msarsonshn@abc.net.au,5817317874,Service Providers,100,Medium Risk,Accepting Orders,,,
637,Kulas-VonRueden,Kulas-VonRueden,jgyverho@uol.com.br,8511929694,IT Vendors,83,Low Risk,Not Accepting Orders,,,
638,Tromp LLC,Tromp LLC,acolquitthp@microsoft.com,6912122527,Service Providers,98,Medium Risk,Not Accepting Orders,,,
639,Bashirian-Koss,Bashirian-Koss,astaffhq@ustream.tv,7428409361,IT Vendors,83,High Risk,Not Accepting Orders,,,
640,"Deckow, Mitchell and Quigley","Deckow, Mitchell and Quigley",kfawdriehr@google.pl,6592490996,Raw Material Suppliers,83,High Risk,Accepting Orders,,,
641,Lynch-Feil,Lynch-Feil,kspybeyhs@washingtonpost.com,7036856691,Equipment Vendors,81,Medium Risk,Accepting Orders,,,
642,Bogisich LLC,Bogisich LLC,glaydonht@wordpress.org,8462475560,Equipment Vendors,97,Low Risk,Accepting Orders,,,
643,Lueilwitz-Gulgowski,Lueilwitz-Gulgowski,mgoodayhu@liveinternet.ru,1399150569,Equipment Vendors,75,High Risk,Accepting Orders,,,
644,Lynch-Zulauf,Lynch-Zulauf,ebrumbiehv@squarespace.com,1789879449,Maintenance Vendors,100,High Risk,Not Accepting Orders,,,
645,Yundt LLC,Yundt LLC,bterrazzohw@google.it,9129215748,Service Providers,100,Medium Risk,Accepting Orders,,,
646,Balistreri-Erdman,Balistreri-Erdman,iperigohx@live.com,1778819172,Logistics Partners,100,High Risk,Not Accepting Orders,,,
647,"Beahan, Quigley and Okuneva","Beahan, Quigley and Okuneva",sgodmarhy@amazonaws.com,5002607369,IT Vendors,81,High Risk,Accepting Orders,,,
648,"Dibbert, Wehner and Krajcik","Dibbert, Wehner and Krajcik",ttemplemanhz@bluehost.com,8603170135,Raw Material Suppliers,80,High Risk,Not Accepting Orders,,,
649,"Nienow, Huels and Bode","Nienow, Huels and Bode",pkeileyi0@zimbio.com,7204275625,Logistics Partners,83,High Risk,Accepting Orders,,,
650,Will-Ratke,Will-Ratke,phosburni1@mozilla.com,4706014623,Maintenance Vendors,100,Medium Risk,Accepting Orders,,,
651,Connelly and Sons,Connelly and Sons,ktitcheni2@goo.ne.jp,1394307091,Raw Material Suppliers,98,Low Risk,Not Accepting Orders,,,
652,"Quigley, Romaguera and Ledner","Quigley, Romaguera and Ledner",ppidgini3@plala.or.jp,8274155559,Maintenance Vendors,100,Low Risk,Accepting Orders,,,
653,Kuhic-Deckow,Kuhic-Deckow,ccosterdi4@eepurl.com,6746324415,Logistics Partners,81,Medium Risk,Accepting Orders,,,
654,Senger-Blick,Senger-Blick,habramovitzi5@newsvine.com,3626981421,Maintenance Vendors,81,Low Risk,Accepting Orders,,,
655,"Paucek, Howe and Wyman","Paucek, Howe and Wyman",docosgrai6@umn.edu,4039937511,Raw Material Suppliers,80,High Risk,Accepting Orders,,,
656,Lakin-Kulas,Lakin-Kulas,ceykelhofi7@blinklist.com,5287869462,Service Providers,83,Medium Risk,Not Accepting Orders,,,
657,"Zulauf, Powlowski and Torp","Zulauf, Powlowski and Torp",gskulleti8@prnewswire.com,9554543047,Service Providers,83,High Risk,Not Accepting Orders,,,
658,"Lesch, Weimann and Bauch","Lesch, Weimann and Bauch",blemerchanti9@instagram.com,5532644569,Raw Material Suppliers,81,Low Risk,Not Accepting Orders,,,
659,Luettgen-Schumm,Luettgen-Schumm,lgrogonoia@springer.com,5711071558,Logistics Partners,100,High Risk,Not Accepting Orders,,,
660,"Daugherty, Breitenberg and Daugherty","Daugherty, Breitenberg and Daugherty",sbewshireib@wunderground.com,9313979647,Service Providers,81,Medium Risk,Accepting Orders,,,
661,"Hintz, Hegmann and Kohler","Hintz, Hegmann and Kohler",gquinnellic@thetimes.co.uk,7137148976,IT Vendors,80,Low Risk,Not Accepting Orders,,,
662,Kunze-Hoeger,Kunze-Hoeger,ldeardenid@wikimedia.org,7707863862,Logistics Partners,80,Medium Risk,Accepting Orders,,,
663,Robel-Runolfsdottir,Robel-Runolfsdottir,psouthcottie@usda.gov,2103945582,IT Vendors,83,High Risk,Accepting Orders,,,
664,Hermann LLC,Hermann LLC,kjackalinif@google.it,2153439027,Logistics Partners,83,Medium Risk,Accepting Orders,,,
665,"Larson, Stiedemann and Bergstrom","Larson, Stiedemann and Bergstrom",jspykinsig@unblog.fr,6171880589,Service Providers,83,Medium Risk,Accepting Orders,,,
666,"Blick, Marks and Kuhic","Blick, Marks and Kuhic",hbarthelih@github.io,7624016617,Maintenance Vendors,83,Medium Risk,Not Accepting Orders,,,
667,Kshlerin LLC,Kshlerin LLC,edekeyserii@addthis.com,6269338371,Equipment Vendors,81,High Risk,Accepting Orders,,,
668,"Rolfson, Quitzon and Johns","Rolfson, Quitzon and Johns",mjanuij@unblog.fr,9674482379,IT Vendors,98,Medium Risk,Not Accepting Orders,,,
669,Jacobs-Walter,Jacobs-Walter,dducarneik@webeden.co.uk,9037305019,Logistics Partners,80,Low Risk,Not Accepting Orders,,,
670,O'Connell LLC,O'Connell LLC,jpostlewhiteil@oracle.com,9435729309,Maintenance Vendors,80,Medium Risk,Accepting Orders,,,
671,Gislason and Sons,Gislason and Sons,mbabonim@weibo.com,4077808840,Logistics Partners,80,High Risk,Accepting Orders,,,
672,Rowe LLC,Rowe LLC,bbaynamin@behance.net,8691744433,Equipment Vendors,100,Medium Risk,Not Accepting Orders,,,
673,Lesch and Sons,Lesch and Sons,rcragheadio@booking.com,3366921342,Raw Material Suppliers,81,Medium Risk,Not Accepting Orders,,,
674,Herzog and Sons,Herzog and Sons,lcockshttip@wordpress.com,8317014408,Equipment Vendors,80,Low Risk,Accepting Orders,,,
675,"Jast, Fay and Bashirian","Jast, Fay and Bashirian",bwindousiq@economist.com,6558346111,Service Providers,80,Medium Risk,Not Accepting Orders,,,
676,Cremin-Lynch,Cremin-Lynch,cjakobssonir@sbwire.com,9546384895,Logistics Partners,97,Medium Risk,Accepting Orders,,,
677,Langworth Inc,Langworth Inc,ejagiellois@statcounter.com,9563527388,Maintenance Vendors,80,High Risk,Accepting Orders,,,
678,"Marvin, Bashirian and Glover","Marvin, Bashirian and Glover",lmartiit@imdb.com,4188241753,Logistics Partners,100,High Risk,Accepting Orders,,,
679,Kreiger-Walker,Kreiger-Walker,ktripconyiu@naver.com,5779726698,Raw Material Suppliers,98,Medium Risk,Not Accepting Orders,,,
680,Lebsack-Moore,Lebsack-Moore,thawkiv@instagram.com,4871576865,Raw Material Suppliers,97,Medium Risk,Accepting Orders,,,
681,Effertz-Borer,Effertz-Borer,sattrilliw@hostgator.com,7178690021,Logistics Partners,81,Medium Risk,Accepting Orders,,,
682,"Kilback, Ratke and Carter","Kilback, Ratke and Carter",blinsteadix@blogs.com,1257779246,IT Vendors,83,Medium Risk,Accepting Orders,,,
683,"Yundt, Tremblay and Ward","Yundt, Tremblay and Ward",edigiacomoiy@google.ru,8052628788,Service Providers,83,High Risk,Not Accepting Orders,,,
684,"Dare, Thompson and Sawayn","Dare, Thompson and Sawayn",jbrandiiz@thetimes.co.uk,5191503170,Logistics Partners,83,Medium Risk,Not Accepting Orders,,,
685,Hahn-Roob,Hahn-Roob,kbankej0@msn.com,8329280388,Equipment Vendors,98,Low Risk,Accepting Orders,,,
686,Murphy Inc,Murphy Inc,bgrimsdellj1@deliciousdays.com,7995382249,IT Vendors,100,Low Risk,Accepting Orders,,,
687,"Nader, Raynor and Greenholt","Nader, Raynor and Greenholt",agellionj2@google.co.uk,3603936658,Equipment Vendors,80,Low Risk,Not Accepting Orders,,,
688,"Spinka, Kassulke and Cassin","Spinka, Kassulke and Cassin",jturfreyj3@godaddy.com,3443164653,Equipment Vendors,80,High Risk,Not Accepting Orders,,,
689,Pfeffer-Cole,Pfeffer-Cole,npitwayj4@blinklist.com,9286064704,IT Vendors,75,High Risk,Not Accepting Orders,,,
690,Bartoletti-Schroeder,Bartoletti-Schroeder,afalconarj5@squarespace.com,8787820810,Logistics Partners,80,Medium Risk,Not Accepting Orders,,,
691,McDermott-Conn,McDermott-Conn,jobyj6@prlog.org,9699594245,IT Vendors,97,Medium Risk,Accepting Orders,,,
692,"Rogahn, Effertz and Hessel","Rogahn, Effertz and Hessel",ddanzigj7@chron.com,8061304644,IT Vendors,81,Medium Risk,Not Accepting Orders,,,
693,"Emard, Kuphal and Buckridge","Emard, Kuphal and Buckridge",cmonshallj8@thetimes.co.uk,6397356273,Logistics Partners,75,Medium Risk,Not Accepting Orders,,,
694,"Koch, Blick and Crooks","Koch, Blick and Crooks",swhiskerj9@eventbrite.com,3535942523,Equipment Vendors,81,Medium Risk,Not Accepting Orders,,,
695,"Morissette, McKenzie and Hand","Morissette, McKenzie and Hand",sdowbigginja@ucsd.edu,1911834237,Maintenance Vendors,75,Low Risk,Accepting Orders,,,
696,Schoen Inc,Schoen Inc,chrishchenkojb@creativecommons.org,5904128558,Raw Material Suppliers,98,High Risk,Not Accepting Orders,,,
697,Rosenbaum-Lemke,Rosenbaum-Lemke,htodarijc@google.de,5987841853,Maintenance Vendors,81,Medium Risk,Not Accepting Orders,,,
698,Johnson and Sons,Johnson and Sons,asiddonsjd@webmd.com,8947874345,Maintenance Vendors,97,Low Risk,Not Accepting Orders,,,
699,Towne-Yost,Towne-Yost,segdalje@ow.ly,5397724920,Maintenance Vendors,75,High Risk,Accepting Orders,,,
700,"O'Hara, Gusikowski and Wiza","O'Hara, Gusikowski and Wiza",nmeaddowcroftjf@sciencedaily.com,6868693142,IT Vendors,97,High Risk,Accepting Orders,,,
701,Borer Inc,Borer Inc,mjephcotejg@aboutads.info,8578270168,Equipment Vendors,81,Medium Risk,Not Accepting Orders,,,
702,Deckow LLC,Deckow LLC,crappsjh@multiply.com,8495787052,Equipment Vendors,100,Low Risk,Accepting Orders,,,
703,Stracke Inc,Stracke Inc,etumininiji@squidoo.com,1937388226,Maintenance Vendors,80,Medium Risk,Accepting Orders,,,
704,Treutel-Gleason,Treutel-Gleason,lscandwrightjj@rakuten.co.jp,8271331493,IT Vendors,98,High Risk,Not Accepting Orders,,,
705,Bosco LLC,Bosco LLC,pfurssejk@springer.com,9845191176,Logistics Partners,81,Low Risk,Accepting Orders,,,
706,Schuster-Pouros,Schuster-Pouros,gscandwrightjl@comsenz.com,5964616094,Logistics Partners,75,High Risk,Not Accepting Orders,,,
707,Denesik LLC,Denesik LLC,kdiggelljm@arizona.edu,7363759239,Raw Material Suppliers,83,Low Risk,Not Accepting Orders,,,
708,"Willms, Vandervort and Koepp","Willms, Vandervort and Koepp",bvigrassjn@usa.gov,7171233200,Equipment Vendors,81,Medium Risk,Accepting Orders,,,
709,Wisoky-Schinner,Wisoky-Schinner,lmilburnjo@mail.ru,7243672145,Equipment Vendors,81,High Risk,Not Accepting Orders,,,
710,Nader-Volkman,Nader-Volkman,fmaultbyjp@example.com,8487171716,Raw Material Suppliers,81,High Risk,Accepting Orders,,,
711,King and Sons,King and Sons,bpettitjq@flavors.me,6245001002,Raw Material Suppliers,100,High Risk,Accepting Orders,,,
712,Donnelly-Douglas,Donnelly-Douglas,asmorthitjr@google.nl,3832281872,Maintenance Vendors,83,Medium Risk,Not Accepting Orders,,,
713,Weissnat Group,Weissnat Group,cbaignardjs@earthlink.net,4473200607,Logistics Partners,75,Low Risk,Accepting Orders,,,
714,"Schroeder, Kreiger and Muller","Schroeder, Kreiger and Muller",mjemisonjt@phoca.cz,1014229231,Raw Material Suppliers,97,Low Risk,Not Accepting Orders,,,
715,Kunze-Hermann,Kunze-Hermann,blipscombeju@soundcloud.com,7118392596,Equipment Vendors,83,Low Risk,Accepting Orders,,,
716,Halvorson-Block,Halvorson-Block,emcgooganjv@msn.com,1296386165,IT Vendors,80,Low Risk,Not Accepting Orders,,,
717,"Blanda, Doyle and Blanda","Blanda, Doyle and Blanda",lwardlejw@icq.com,8199181105,Maintenance Vendors,80,Low Risk,Accepting Orders,,,
718,"Willms, Koepp and Kuhic","Willms, Koepp and Kuhic",rtarnjx@telegraph.co.uk,5368536929,Maintenance Vendors,97,Low Risk,Not Accepting Orders,,,
719,Bednar LLC,Bednar LLC,pdaillyjy@macromedia.com,1364416807,Logistics Partners,75,High Risk,Accepting Orders,,,
720,"McGlynn, Hills and Pollich","McGlynn, Hills and Pollich",enadenjz@wunderground.com,3716203626,Raw Material Suppliers,100,Medium Risk,Accepting Orders,,,
721,"Zulauf, Thompson and Reinger","Zulauf, Thompson and Reinger",dcorbiek0@dot.gov,8742223643,Logistics Partners,83,Medium Risk,Not Accepting Orders,,,
722,Tromp-Ward,Tromp-Ward,ganersenk1@disqus.com,7028754195,Raw Material Suppliers,81,Medium Risk,Not Accepting Orders,,,
723,McGlynn and Sons,McGlynn and Sons,gtrittenk2@latimes.com,5366962679,Logistics Partners,100,High Risk,Accepting Orders,,,
724,Ruecker-Hagenes,Ruecker-Hagenes,mstollsteinerk3@salon.com,5996618538,Maintenance Vendors,100,High Risk,Not Accepting Orders,,,
725,Murphy-Koepp,Murphy-Koepp,tsaullk4@hud.gov,4757420891,IT Vendors,97,Low Risk,Not Accepting Orders,,,
726,Cremin Inc,Cremin Inc,kheditchk5@tumblr.com,6189021307,Equipment Vendors,83,High Risk,Accepting Orders,,,
727,Mosciski-Kohler,Mosciski-Kohler,blinkink6@acquirethisname.com,3985666774,Maintenance Vendors,80,Medium Risk,Not Accepting Orders,,,
728,Cronin Group,Cronin Group,tfelminghamk7@etsy.com,2022292329,Maintenance Vendors,100,High Risk,Accepting Orders,,,
729,"Schmitt, Wiza and Mann","Schmitt, Wiza and Mann",phammettk8@tiny.cc,7168706010,IT Vendors,100,High Risk,Not Accepting Orders,,,
730,Braun-Thompson,Braun-Thompson,iohernk9@usda.gov,9835187337,Raw Material Suppliers,81,Medium Risk,Accepting Orders,,,
731,Streich-Kuhlman,Streich-Kuhlman,lchampkenka@nps.gov,9089547865,Service Providers,97,Low Risk,Not Accepting Orders,,,
732,Bergstrom and Sons,Bergstrom and Sons,mbeckinghamkb@eepurl.com,4924835606,Service Providers,80,Low Risk,Not Accepting Orders,,,
733,"Tremblay, Lind and Ullrich","Tremblay, Lind and Ullrich",ivaggerskc@prnewswire.com,8341119744,Maintenance Vendors,80,Low Risk,Accepting Orders,,,
734,Turcotte Inc,Turcotte Inc,afarnhillkd@accuweather.com,4041317239,Equipment Vendors,83,High Risk,Accepting Orders,,,
735,Schuppe-Rosenbaum,Schuppe-Rosenbaum,cgrubeyke@bloglovin.com,4876666453,Raw Material Suppliers,83,High Risk,Accepting Orders,,,
736,"Rippin, Kuhlman and Rempel","Rippin, Kuhlman and Rempel",cpolgreenkf@rediff.com,1171555733,Logistics Partners,80,High Risk,Not Accepting Orders,,,
737,Braun-Hintz,Braun-Hintz,hbrownsillkg@spiegel.de,7242329407,Service Providers,75,Medium Risk,Accepting Orders,,,
738,"Rolfson, Bauch and Jerde","Rolfson, Bauch and Jerde",blambregtskh@miitbeian.gov.cn,7399599684,Equipment Vendors,75,Low Risk,Accepting Orders,,,
739,Jacobi LLC,Jacobi LLC,loholleganki@blogspot.com,6698144124,IT Vendors,97,Low Risk,Accepting Orders,,,
740,Homenick-Monahan,Homenick-Monahan,kocassidykj@ebay.com,9211256805,Service Providers,97,Low Risk,Accepting Orders,,,
741,McLaughlin and Sons,McLaughlin and Sons,aackenheadkk@alexa.com,6421284654,IT Vendors,97,Medium Risk,Accepting Orders,,,
742,Mante and Sons,Mante and Sons,mrayekl@sogou.com,9716118334,IT Vendors,75,Low Risk,Accepting Orders,,,
743,"Roob, Sawayn and Cormier","Roob, Sawayn and Cormier",ubonnarkm@freewebs.com,6678244825,Raw Material Suppliers,97,High Risk,Not Accepting Orders,,,
744,Rutherford LLC,Rutherford LLC,abulfootkn@netscape.com,3002429623,Raw Material Suppliers,83,High Risk,Not Accepting Orders,,,
745,Hoppe-Predovic,Hoppe-Predovic,cfronzekko@tmall.com,3588856536,Maintenance Vendors,80,Medium Risk,Accepting Orders,,,
746,Boyle-Goldner,Boyle-Goldner,hspeddingkp@eventbrite.com,2375109066,Raw Material Suppliers,80,Low Risk,Not Accepting Orders,,,
747,Aufderhar Group,Aufderhar Group,lsturneykq@xinhuanet.com,1666550602,Logistics Partners,98,Low Risk,Accepting Orders,,,
748,"Dibbert, Harvey and Green","Dibbert, Harvey and Green",vcorykr@g.co,9661933397,IT Vendors,75,Low Risk,Not Accepting Orders,,,
749,Osinski Inc,Osinski Inc,rcoltanks@ucoz.com,7326059223,Raw Material Suppliers,98,Medium Risk,Not Accepting Orders,,,
750,"Willms, Emmerich and Altenwerth","Willms, Emmerich and Altenwerth",florykt@wix.com,2677616830,IT Vendors,98,Medium Risk,Accepting Orders,,,
751,"O'Conner, Rogahn and Schneider","O'Conner, Rogahn and Schneider",akalinskyku@macromedia.com,4231647450,Service Providers,81,Medium Risk,Not Accepting Orders,,,
752,Feest and Sons,Feest and Sons,dhackwellkv@vk.com,9505772952,Maintenance Vendors,80,Low Risk,Not Accepting Orders,,,
753,"Dooley, Grant and Wehner","Dooley, Grant and Wehner",ebrunescokw@berkeley.edu,3533054970,Maintenance Vendors,98,High Risk,Not Accepting Orders,,,
754,Raynor Group,Raynor Group,afernantkx@yahoo.com,8286604465,Raw Material Suppliers,81,Medium Risk,Accepting Orders,,,
755,Schiller-Kihn,Schiller-Kihn,adruittky@discovery.com,6167850352,Equipment Vendors,75,High Risk,Accepting Orders,,,
756,"Herzog, Bernhard and Zulauf","Herzog, Bernhard and Zulauf",lgustuskz@webmd.com,3037876474,Equipment Vendors,83,High Risk,Accepting Orders,,,
757,Schumm Inc,Schumm Inc,dkleebornl0@opera.com,5305549131,Service Providers,100,Low Risk,Not Accepting Orders,,,
758,"Konopelski, Funk and Deckow","Konopelski, Funk and Deckow",csollowayl1@wordpress.org,5593274652,Service Providers,83,Low Risk,Not Accepting Orders,,,
759,Abbott Group,Abbott Group,lridesl2@facebook.com,3042120377,Raw Material Suppliers,75,Medium Risk,Accepting Orders,,,
760,Koelpin-Mann,Koelpin-Mann,hraglesl3@twitpic.com,8799175605,Raw Material Suppliers,81,Low Risk,Not Accepting Orders,,,
761,Klocko Group,Klocko Group,bhowlel4@skype.com,8453975829,Service Providers,98,High Risk,Not Accepting Orders,,,
762,Maggio-Brekke,Maggio-Brekke,dwoolensl5@scribd.com,4583269446,Equipment Vendors,100,High Risk,Not Accepting Orders,,,
763,"Collins, Gorczany and Ziemann","Collins, Gorczany and Ziemann",wisaakl6@forbes.com,9701474314,Raw Material Suppliers,80,High Risk,Not Accepting Orders,,,
764,Yost and Sons,Yost and Sons,cpuntonl7@irs.gov,5142419809,Logistics Partners,97,Low Risk,Accepting Orders,,,
765,"Legros, Langworth and D'Amore","Legros, Langworth and D'Amore",ggregorl8@wikipedia.org,7171204129,Equipment Vendors,81,High Risk,Not Accepting Orders,,,
766,Tremblay-Fritsch,Tremblay-Fritsch,claidlawl9@cdbaby.com,5776389665,Raw Material Suppliers,75,Medium Risk,Accepting Orders,,,
767,Towne and Sons,Towne and Sons,kgrentla@instagram.com,9677767212,IT Vendors,81,Low Risk,Not Accepting Orders,,,
768,Kuhn-Cronin,Kuhn-Cronin,zpechlb@bigcartel.com,1878160910,Logistics Partners,83,Medium Risk,Not Accepting Orders,,,
769,Jaskolski and Sons,Jaskolski and Sons,shalylc@upenn.edu,7717392156,Maintenance Vendors,97,Medium Risk,Not Accepting Orders,,,
770,"Hackett, Bergnaum and Koepp","Hackett, Bergnaum and Koepp",ffourcadeld@wordpress.com,6264558448,Raw Material Suppliers,83,High Risk,Not Accepting Orders,,,
771,"Stracke, Pouros and Crona","Stracke, Pouros and Crona",mgeraghtyle@ameblo.jp,2672508177,Service Providers,83,Medium Risk,Accepting Orders,,,
772,Jacobs-Smith,Jacobs-Smith,athamslf@npr.org,5858209989,Logistics Partners,75,Low Risk,Not Accepting Orders,,,
773,"Zulauf, Orn and Denesik","Zulauf, Orn and Denesik",ecrantonlg@google.es,9665885520,Service Providers,83,Low Risk,Not Accepting Orders,,,
774,Ernser-O'Connell,Ernser-O'Connell,icottonlh@berkeley.edu,6971812244,Maintenance Vendors,98,Low Risk,Not Accepting Orders,,,
775,"O'Keefe, Dickinson and Koelpin","O'Keefe, Dickinson and Koelpin",ttodaroli@usnews.com,9495951259,IT Vendors,81,High Risk,Accepting Orders,,,
776,Schowalter Inc,Schowalter Inc,ilepicklj@nature.com,4042879134,Equipment Vendors,97,High Risk,Accepting Orders,,,
777,Armstrong-Schultz,Armstrong-Schultz,cpollielk@mlb.com,9226090803,Maintenance Vendors,98,High Risk,Accepting Orders,,,
778,"Willms, Baumbach and Nikolaus","Willms, Baumbach and Nikolaus",jnotell@yellowbook.com,8922969041,Equipment Vendors,75,High Risk,Accepting Orders,,,
779,Rowe-Beatty,Rowe-Beatty,lmidgelylm@umn.edu,3276894454,Service Providers,75,Low Risk,Accepting Orders,,,
780,Huels LLC,Huels LLC,mrunnallsln@slashdot.org,1072532366,Service Providers,97,Medium Risk,Accepting Orders,,,
781,Brakus-Johnson,Brakus-Johnson,agoatmanlo@domainmarket.com,8949615406,Raw Material Suppliers,81,High Risk,Accepting Orders,,,
782,"Torp, Abshire and Wisoky","Torp, Abshire and Wisoky",bmallordlp@hp.com,7197764630,Service Providers,75,Medium Risk,Accepting Orders,,,
783,Littel Inc,Littel Inc,lgerckelq@linkedin.com,9904391771,Raw Material Suppliers,83,Medium Risk,Not Accepting Orders,,,
784,Boehm-West,Boehm-West,mmartyntsevlr@who.int,5746232995,Maintenance Vendors,80,Medium Risk,Not Accepting Orders,,,
785,"Hyatt, Ritchie and Williamson","Hyatt, Ritchie and Williamson",glummasanals@cbslocal.com,7069470192,Raw Material Suppliers,98,Low Risk,Accepting Orders,,,
786,Zboncak-Howell,Zboncak-Howell,lkibbellt@comsenz.com,7571166483,Raw Material Suppliers,100,High Risk,Not Accepting Orders,,,
787,"Goldner, Olson and Gutkowski","Goldner, Olson and Gutkowski",bpeerylu@mozilla.org,9499318327,IT Vendors,81,Low Risk,Accepting Orders,,,
788,"Carroll, Ward and Vandervort","Carroll, Ward and Vandervort",dverdeylv@weather.com,4877867079,IT Vendors,83,Low Risk,Not Accepting Orders,,,
789,Pfannerstill and Sons,Pfannerstill and Sons,mjustelw@people.com.cn,4242220688,Raw Material Suppliers,83,Low Risk,Not Accepting Orders,,,
790,Cormier LLC,Cormier LLC,ddachslx@hostgator.com,1612548323,IT Vendors,81,Low Risk,Accepting Orders,,,
791,Koss Group,Koss Group,scasellily@omniture.com,1966019753,Raw Material Suppliers,81,High Risk,Accepting Orders,,,
792,"Windler, Boyer and Weber","Windler, Boyer and Weber",adortonlz@abc.net.au,1674399871,IT Vendors,100,High Risk,Accepting Orders,,,
793,Berge and Sons,Berge and Sons,cbassinghamm0@mozilla.org,7885658439,IT Vendors,83,High Risk,Accepting Orders,,,
794,"Gutkowski, Thiel and Kunze","Gutkowski, Thiel and Kunze",mpettetm1@bbb.org,1121275375,Service Providers,75,Medium Risk,Not Accepting Orders,,,
795,Weber-Herman,Weber-Herman,rpaolinellim2@va.gov,3024898717,IT Vendors,83,High Risk,Not Accepting Orders,,,
796,Hudson-Thompson,Hudson-Thompson,agoodrickm3@smugmug.com,3249565516,Equipment Vendors,97,Low Risk,Not Accepting Orders,,,
797,Spinka-Bergnaum,Spinka-Bergnaum,jsodom4@i2i.jp,5643774437,Maintenance Vendors,83,Medium Risk,Accepting Orders,,,
798,Quitzon Group,Quitzon Group,dcaseym5@tripod.com,5013796281,Raw Material Suppliers,83,Medium Risk,Not Accepting Orders,,,
799,Jacobi Group,Jacobi Group,neelesm6@indiatimes.com,3197282798,Service Providers,98,Medium Risk,Accepting Orders,,,
800,Gleichner LLC,Gleichner LLC,rkolakowskim7@vimeo.com,5493125257,Maintenance Vendors,100,High Risk,Accepting Orders,,,
801,"Zemlak, Littel and Kovacek","Zemlak, Littel and Kovacek",cbagottm8@tiny.cc,9639544262,Service Providers,80,Low Risk,Accepting Orders,,,
802,Langworth-Schaden,Langworth-Schaden,tgwatkinsm9@bandcamp.com,3218744182,Service Providers,81,Medium Risk,Accepting Orders,,,
803,Satterfield Inc,Satterfield Inc,rberksma@who.int,5314277984,Equipment Vendors,100,High Risk,Not Accepting Orders,,,
804,Schultz-Hermiston,Schultz-Hermiston,etantimb@webeden.co.uk,2584654429,Logistics Partners,100,Low Risk,Not Accepting Orders,,,
805,Funk LLC,Funk LLC,bdightmc@baidu.com,4985056473,Raw Material Suppliers,75,High Risk,Not Accepting Orders,,,
806,Rice and Sons,Rice and Sons,rschoolcroftmd@cpanel.net,5959616562,Raw Material Suppliers,80,Low Risk,Not Accepting Orders,,,
807,Ferry-Cole,Ferry-Cole,lswiffenme@bloomberg.com,9312981216,Service Providers,98,High Risk,Accepting Orders,,,
808,Moore-Brown,Moore-Brown,ccorlessmf@latimes.com,9187499373,Service Providers,100,Low Risk,Accepting Orders,,,
809,"Schultz, Bode and Cremin","Schultz, Bode and Cremin",smeiningenmg@dot.gov,4649612112,Service Providers,98,Medium Risk,Accepting Orders,,,
810,Altenwerth LLC,Altenwerth LLC,rrumsbymh@bigcartel.com,1943117090,IT Vendors,100,Low Risk,Not Accepting Orders,,,
811,Bayer-Rodriguez,Bayer-Rodriguez,rlightbournmi@home.pl,2542350520,Service Providers,100,High Risk,Not Accepting Orders,,,
812,"Koch, O'Connell and Greenfelder","Koch, O'Connell and Greenfelder",jandreonemj@examiner.com,6968620963,Service Providers,75,High Risk,Accepting Orders,,,
813,Conroy-Quitzon,Conroy-Quitzon,jgraviemk@businessinsider.com,1323612802,Maintenance Vendors,75,Medium Risk,Not Accepting Orders,,,
814,Hickle-Skiles,Hickle-Skiles,rtebbothml@icio.us,6764847157,IT Vendors,81,High Risk,Not Accepting Orders,,,
815,Nienow-Ruecker,Nienow-Ruecker,cdoohermm@domainmarket.com,5279895115,Equipment Vendors,100,Low Risk,Accepting Orders,,,
816,"Grady, Hilll and Champlin","Grady, Hilll and Champlin",boldnallmn@geocities.com,5389477765,Maintenance Vendors,83,Medium Risk,Accepting Orders,,,
817,Borer-Murray,Borer-Murray,lpeterkenmo@twitpic.com,1431406897,Maintenance Vendors,97,Low Risk,Accepting Orders,,,
818,Conroy-Schimmel,Conroy-Schimmel,bswalemp@google.fr,1891895096,Raw Material Suppliers,100,Medium Risk,Not Accepting Orders,,,
819,"Dickens, Walsh and Medhurst","Dickens, Walsh and Medhurst",rashbrookmq@blogger.com,3599103895,Raw Material Suppliers,100,High Risk,Accepting Orders,,,
820,Feeney and Sons,Feeney and Sons,gplutheromr@auda.org.au,5877832978,IT Vendors,100,High Risk,Not Accepting Orders,,,
821,Reilly Group,Reilly Group,gmeckiffms@topsy.com,7033415776,IT Vendors,100,Low Risk,Accepting Orders,,,
822,Jacobi-Schaefer,Jacobi-Schaefer,cnussgenmt@dyndns.org,6902522571,Equipment Vendors,81,Medium Risk,Not Accepting Orders,,,
823,Williamson-Runte,Williamson-Runte,cgirardinimu@tmall.com,5152971825,IT Vendors,80,Low Risk,Not Accepting Orders,,,
824,Miller-Douglas,Miller-Douglas,kmckeachiemv@tmall.com,4718902093,Service Providers,75,High Risk,Not Accepting Orders,,,
825,"Yundt, Graham and Ratke","Yundt, Graham and Ratke",kmcwatersmw@nymag.com,8184980377,Maintenance Vendors,100,High Risk,Not Accepting Orders,,,
826,"Kulas, Weber and Lynch","Kulas, Weber and Lynch",aodroughtmx@accuweather.com,6765735011,Equipment Vendors,81,High Risk,Not Accepting Orders,,,
827,Macejkovic-Hammes,Macejkovic-Hammes,rrailtonmy@webeden.co.uk,6024642907,Raw Material Suppliers,80,Low Risk,Accepting Orders,,,
828,Walker-Rolfson,Walker-Rolfson,fattenburrowmz@nationalgeographic.com,8971558676,Logistics Partners,83,High Risk,Not Accepting Orders,,,
829,Keebler-Huels,Keebler-Huels,ghoulisonn0@prnewswire.com,8159942498,IT Vendors,100,Medium Risk,Accepting Orders,,,
830,Ryan LLC,Ryan LLC,kcheshirn1@google.cn,7008613236,Raw Material Suppliers,81,Low Risk,Accepting Orders,,,
831,Hand and Sons,Hand and Sons,elanigann2@bluehost.com,3358734038,Maintenance Vendors,75,High Risk,Accepting Orders,,,
832,"Welch, Vandervort and Simonis","Welch, Vandervort and Simonis",hrosan3@dailymotion.com,4859606343,Service Providers,80,High Risk,Accepting Orders,,,
833,Considine-Lubowitz,Considine-Lubowitz,jsilversn4@twitpic.com,6083028350,Maintenance Vendors,100,High Risk,Not Accepting Orders,,,
834,West LLC,West LLC,lmucillon5@123-reg.co.uk,7505291917,Equipment Vendors,98,Medium Risk,Accepting Orders,,,
835,Rath-Gleichner,Rath-Gleichner,bcrilleyn6@reference.com,5462776270,Service Providers,80,Low Risk,Accepting Orders,,,
836,Daniel and Sons,Daniel and Sons,bcleverleyn7@java.com,5594777261,Equipment Vendors,81,High Risk,Not Accepting Orders,,,
837,Champlin Group,Champlin Group,rmeneghellin8@constantcontact.com,1626462751,Maintenance Vendors,75,High Risk,Accepting Orders,,,
838,"King, Brown and Frami","King, Brown and Frami",qdorown9@spiegel.de,5508712432,IT Vendors,100,Medium Risk,Not Accepting Orders,,,
839,"Stiedemann, Reichel and Stark","Stiedemann, Reichel and Stark",sgawthropena@webnode.com,3849979426,Logistics Partners,97,Low Risk,Accepting Orders,,,
840,"Klocko, Mitchell and Metz","Klocko, Mitchell and Metz",hrosentholernb@npr.org,5866889687,Service Providers,81,Low Risk,Not Accepting Orders,,,
841,"Schuster, Conroy and Bartell","Schuster, Conroy and Bartell",slintallnc@ed.gov,5916636662,Maintenance Vendors,81,Low Risk,Accepting Orders,,,
842,"Jast, O'Kon and Kuhic","Jast, O'Kon and Kuhic",nchettlend@wiley.com,4125597442,Logistics Partners,83,High Risk,Accepting Orders,,,
843,Oberbrunner-Block,Oberbrunner-Block,imenisne@chicagotribune.com,4853553621,Logistics Partners,97,High Risk,Accepting Orders,,,
844,Jacobi Inc,Jacobi Inc,jcricketnf@who.int,8761117264,Logistics Partners,98,High Risk,Accepting Orders,,,
845,Jast Group,Jast Group,eshandng@tiny.cc,3242490999,Service Providers,75,Medium Risk,Accepting Orders,,,
846,Schamberger-Sauer,Schamberger-Sauer,mimpynh@nps.gov,4458983111,Maintenance Vendors,75,Low Risk,Not Accepting Orders,,,
847,"Leffler, Cartwright and Kuhlman","Leffler, Cartwright and Kuhlman",mruttgersni@uol.com.br,4801641319,IT Vendors,97,Medium Risk,Accepting Orders,,,
848,Smith-Krajcik,Smith-Krajcik,lesilmonnj@github.io,4988390406,Logistics Partners,81,Medium Risk,Accepting Orders,,,
849,Graham and Sons,Graham and Sons,sjoslinnk@weebly.com,2606881891,Raw Material Suppliers,98,High Risk,Not Accepting Orders,,,
850,"Bogan, Schneider and Hilll","Bogan, Schneider and Hilll",msclaternl@columbia.edu,3164686437,Service Providers,100,Low Risk,Accepting Orders,,,
851,"Howe, McDermott and Corwin","Howe, McDermott and Corwin",skobierzyckinm@spiegel.de,1602316540,Raw Material Suppliers,98,Low Risk,Accepting Orders,,,
852,Price-Lebsack,Price-Lebsack,vsherlocknn@stumbleupon.com,4418880171,IT Vendors,97,Low Risk,Not Accepting Orders,,,
853,Zemlak-Lesch,Zemlak-Lesch,gswindellno@mtv.com,8095204253,IT Vendors,100,Medium Risk,Not Accepting Orders,,,
854,Huel LLC,Huel LLC,ggerlingnp@flickr.com,1031801416,Service Providers,81,Medium Risk,Not Accepting Orders,,,
855,Hilpert-Gleason,Hilpert-Gleason,mmcgintynq@posterous.com,5547772766,Service Providers,81,Medium Risk,Not Accepting Orders,,,
856,"Kohler, Fadel and Quitzon","Kohler, Fadel and Quitzon",lluisnr@twitter.com,2163160054,Equipment Vendors,98,Low Risk,Not Accepting Orders,,,
857,Bahringer-Daniel,Bahringer-Daniel,ebrosinins@ameblo.jp,9265582322,IT Vendors,75,Medium Risk,Accepting Orders,,,
858,Schneider-Stoltenberg,Schneider-Stoltenberg,rrubeent@barnesandnoble.com,3958746756,IT Vendors,83,Low Risk,Not Accepting Orders,,,
859,Daniel-Schowalter,Daniel-Schowalter,gsmeenu@nytimes.com,8918346453,Equipment Vendors,80,Medium Risk,Not Accepting Orders,,,
860,Greenholt and Sons,Greenholt and Sons,cgedgenv@rambler.ru,8039592559,Maintenance Vendors,97,Medium Risk,Accepting Orders,,,
861,"Hirthe, Swaniawski and Fadel","Hirthe, Swaniawski and Fadel",gcheeneynw@meetup.com,2938009462,Logistics Partners,97,Low Risk,Not Accepting Orders,,,
862,Okuneva-Osinski,Okuneva-Osinski,fwinsburynx@delicious.com,5062904223,IT Vendors,75,High Risk,Not Accepting Orders,,,
863,"Hodkiewicz, Jakubowski and Howell","Hodkiewicz, Jakubowski and Howell",dpavisny@chron.com,5602168927,Raw Material Suppliers,97,High Risk,Accepting Orders,,,
864,"Weimann, Powlowski and MacGyver","Weimann, Powlowski and MacGyver",afeareynz@cbsnews.com,7668585776,Service Providers,98,High Risk,Not Accepting Orders,,,
865,Frami LLC,Frami LLC,croseveareo0@google.pl,9187517239,Raw Material Suppliers,97,High Risk,Not Accepting Orders,,,
866,Volkman-Reilly,Volkman-Reilly,crabbeo1@ehow.com,4343628671,Maintenance Vendors,97,Low Risk,Accepting Orders,,,
867,"Heaney, Mante and Terry","Heaney, Mante and Terry",jrobeo2@scribd.com,9369607276,Maintenance Vendors,81,Low Risk,Accepting Orders,,,
868,"Conroy, Lakin and Barton","Conroy, Lakin and Barton",cdoego3@dailymotion.com,5414165593,Maintenance Vendors,98,Medium Risk,Not Accepting Orders,,,
869,Prosacco-Streich,Prosacco-Streich,cmackino4@time.com,5481787709,Maintenance Vendors,81,High Risk,Accepting Orders,,,
870,Dibbert-Cormier,Dibbert-Cormier,bbabbo5@diigo.com,5877433569,Equipment Vendors,97,High Risk,Accepting Orders,,,
871,Schroeder Group,Schroeder Group,mciannio6@booking.com,8777955456,Equipment Vendors,80,Low Risk,Accepting Orders,,,
872,Balistreri-Zboncak,Balistreri-Zboncak,dscobleo7@baidu.com,4119935110,Raw Material Suppliers,83,Low Risk,Accepting Orders,,,
873,"Kris, Murphy and Romaguera","Kris, Murphy and Romaguera",sroacho8@indiatimes.com,5088742176,Service Providers,97,Medium Risk,Not Accepting Orders,,,
874,Ratke Group,Ratke Group,wvello9@wsj.com,6284193470,Maintenance Vendors,80,High Risk,Accepting Orders,,,
875,Medhurst-Gislason,Medhurst-Gislason,godoohaineoa@latimes.com,1141789432,IT Vendors,81,Low Risk,Not Accepting Orders,,,
876,"Runte, Romaguera and Halvorson","Runte, Romaguera and Halvorson",qthorob@bbb.org,3461476018,Logistics Partners,75,Medium Risk,Accepting Orders,,,
877,"Hirthe, Ebert and Mante","Hirthe, Ebert and Mante",bevangelinosoc@wikipedia.org,7376448405,Raw Material Suppliers,97,High Risk,Not Accepting Orders,,,
878,Buckridge Inc,Buckridge Inc,bgligorijevicod@plala.or.jp,4861214835,Service Providers,100,High Risk,Accepting Orders,,,
879,Heidenreich and Sons,Heidenreich and Sons,mharbouroe@noaa.gov,9543618610,Logistics Partners,83,Medium Risk,Not Accepting Orders,,,
880,Fisher-Schaden,Fisher-Schaden,amaccoleof@pen.io,8783550795,IT Vendors,75,Medium Risk,Accepting Orders,,,
881,Reichert LLC,Reichert LLC,tagostiniog@wufoo.com,6479516727,Service Providers,98,Low Risk,Not Accepting Orders,,,
882,"Kuhlman, Feil and Beier","Kuhlman, Feil and Beier",smcgonagleoh@ifeng.com,4713400260,Equipment Vendors,81,High Risk,Accepting Orders,,,
883,Bahringer Inc,Bahringer Inc,kellinoi@msn.com,4698009973,Logistics Partners,80,Low Risk,Not Accepting Orders,,,
884,Reynolds-Padberg,Reynolds-Padberg,sjackmanoj@alibaba.com,9853891853,Raw Material Suppliers,98,Low Risk,Not Accepting Orders,,,
885,Kreiger Group,Kreiger Group,srennelsok@va.gov,2043193341,Equipment Vendors,81,Medium Risk,Accepting Orders,,,
886,Torp-Toy,Torp-Toy,emicheletol@fc2.com,5776300425,Raw Material Suppliers,98,High Risk,Accepting Orders,,,
887,Feil-Bruen,Feil-Bruen,jaldieom@ed.gov,3848846687,Logistics Partners,80,Low Risk,Accepting Orders,,,
888,Nikolaus-Walsh,Nikolaus-Walsh,ecoskerryon@multiply.com,6974704444,Service Providers,81,Low Risk,Accepting Orders,,,
889,Cruickshank-Reichel,Cruickshank-Reichel,ppendelloo@pbs.org,5683704038,Logistics Partners,97,Low Risk,Not Accepting Orders,,,
890,"Lakin, Lockman and Leuschke","Lakin, Lockman and Leuschke",clangrishop@dot.gov,1717389476,Service Providers,83,High Risk,Accepting Orders,,,
891,Erdman LLC,Erdman LLC,bhoweoq@phpbb.com,6917008324,Raw Material Suppliers,98,Medium Risk,Accepting Orders,,,
892,"Hansen, Carroll and Lockman","Hansen, Carroll and Lockman",sjennemannor@chron.com,5756477625,Maintenance Vendors,75,Low Risk,Accepting Orders,,,
893,Will Inc,Will Inc,lhelisos@imdb.com,4475427464,IT Vendors,75,Low Risk,Not Accepting Orders,,,
894,Swaniawski Group,Swaniawski Group,epercyot@exblog.jp,9946612737,Equipment Vendors,98,High Risk,Not Accepting Orders,,,
895,Ledner Inc,Ledner Inc,jswynleyou@com.com,4442666535,Logistics Partners,97,High Risk,Accepting Orders,,,
896,Goyette and Sons,Goyette and Sons,tdiruggeroov@ox.ac.uk,4245721156,Equipment Vendors,80,Low Risk,Accepting Orders,,,
897,"Stamm, Legros and Douglas","Stamm, Legros and Douglas",casherow@dot.gov,9592155337,IT Vendors,100,High Risk,Accepting Orders,,,
898,Nicolas-Stroman,Nicolas-Stroman,hcastreeox@archive.org,7167181337,Raw Material Suppliers,83,High Risk,Not Accepting Orders,,,
899,"Jacobi, Corwin and Bins","Jacobi, Corwin and Bins",ssimonioy@wiley.com,2725818341,Logistics Partners,100,High Risk,Not Accepting Orders,,,
900,Ratke-Kiehn,Ratke-Kiehn,lsedgemondoz@hud.gov,9548487278,Equipment Vendors,80,High Risk,Accepting Orders,,,
901,Keebler-Littel,Keebler-Littel,kciccarellop0@dropbox.com,3207881945,Raw Material Suppliers,97,Medium Risk,Not Accepting Orders,,,
902,"Spencer, Mraz and Stanton","Spencer, Mraz and Stanton",meaganp1@geocities.com,9892546718,Logistics Partners,75,Medium Risk,Accepting Orders,,,
903,"Casper, Bode and West","Casper, Bode and West",hjigglep2@barnesandnoble.com,2883792751,IT Vendors,75,High Risk,Accepting Orders,,,
904,Hansen-Wilkinson,Hansen-Wilkinson,gazemarp3@nih.gov,6193216491,Raw Material Suppliers,80,High Risk,Accepting Orders,,,
905,Dibbert LLC,Dibbert LLC,pdollarp4@360.cn,1181796571,Logistics Partners,97,Low Risk,Not Accepting Orders,,,
906,Tromp-O'Keefe,Tromp-O'Keefe,emariep5@t-online.de,2408862991,Maintenance Vendors,98,Medium Risk,Not Accepting Orders,,,
907,"Hessel, Baumbach and Leannon","Hessel, Baumbach and Leannon",scarlozzip6@goodreads.com,3473703823,Equipment Vendors,98,Medium Risk,Accepting Orders,,,
908,Ward and Sons,Ward and Sons,apudgep7@tripadvisor.com,5434651109,Maintenance Vendors,100,High Risk,Not Accepting Orders,,,
909,"O'Kon, Harber and Kautzer","O'Kon, Harber and Kautzer",apfeiferp8@nih.gov,5725338426,Maintenance Vendors,80,Low Risk,Accepting Orders,,,
910,Lebsack-Dietrich,Lebsack-Dietrich,chorribinep9@wikispaces.com,2383327323,Maintenance Vendors,81,Low Risk,Accepting Orders,,,
911,"Yundt, Marvin and Auer","Yundt, Marvin and Auer",hkimmingspa@ehow.com,7092648443,Raw Material Suppliers,97,High Risk,Not Accepting Orders,,,
912,Lindgren Inc,Lindgren Inc,cmeighanpb@dmoz.org,6752176890,Logistics Partners,97,Low Risk,Accepting Orders,,,
913,Abshire-Bednar,Abshire-Bednar,astorrepc@reuters.com,4006907345,Equipment Vendors,75,Medium Risk,Not Accepting Orders,,,
914,"Bartoletti, Krajcik and Bartell","Bartoletti, Krajcik and Bartell",mdetocquevillepd@oakley.com,3983641558,Maintenance Vendors,97,High Risk,Accepting Orders,,,
915,Lockman Group,Lockman Group,tcarlingpe@hubpages.com,3317273879,Equipment Vendors,81,Medium Risk,Not Accepting Orders,,,
916,Bosco-Boyer,Bosco-Boyer,mquinionpf@google.de,1802529780,Logistics Partners,80,Low Risk,Not Accepting Orders,,,
917,Ritchie Inc,Ritchie Inc,kbahlpg@msu.edu,9279865719,Raw Material Suppliers,98,Low Risk,Accepting Orders,,,
918,Wyman Inc,Wyman Inc,kbenfordph@quantcast.com,8891874995,Service Providers,83,High Risk,Not Accepting Orders,,,
919,Smith and Sons,Smith and Sons,jtolworthiepi@a8.net,9879963710,Raw Material Suppliers,98,Medium Risk,Not Accepting Orders,,,
920,"Rogahn, Christiansen and Kautzer","Rogahn, Christiansen and Kautzer",gbusherpj@google.com.hk,3149869911,Logistics Partners,100,Low Risk,Accepting Orders,,,
921,"Ledner, Conroy and Cassin","Ledner, Conroy and Cassin",jgallepk@prlog.org,2161070695,Logistics Partners,80,Low Risk,Not Accepting Orders,,,
922,Predovic-Spinka,Predovic-Spinka,astrangewaypl@issuu.com,7958292135,Logistics Partners,80,Low Risk,Accepting Orders,,,
923,Bergnaum-Aufderhar,Bergnaum-Aufderhar,glawfullpm@nymag.com,8776531647,Equipment Vendors,80,Low Risk,Accepting Orders,,,
924,Kuhn-Jacobson,Kuhn-Jacobson,agittispn@discuz.net,9643882033,Equipment Vendors,80,High Risk,Not Accepting Orders,,,
925,Nader LLC,Nader LLC,achislettpo@soup.io,8745773920,Logistics Partners,81,Low Risk,Accepting Orders,,,
926,"Sporer, Reinger and Buckridge","Sporer, Reinger and Buckridge",obrozssetpp@uol.com.br,3649096012,Service Providers,97,High Risk,Accepting Orders,,,
927,Kessler LLC,Kessler LLC,otegellerpq@163.com,8469655838,Logistics Partners,98,Medium Risk,Accepting Orders,,,
928,Harvey-D'Amore,Harvey-D'Amore,ljaggipr@nps.gov,3671087913,Maintenance Vendors,81,Low Risk,Not Accepting Orders,,,
929,Abbott Group,Abbott Group,abricketps@timesonline.co.uk,5976474738,Raw Material Suppliers,75,High Risk,Not Accepting Orders,,,
930,Keeling and Sons,Keeling and Sons,hsellpt@histats.com,9958833552,Equipment Vendors,97,High Risk,Accepting Orders,,,
931,"Howe, Goldner and Lynch","Howe, Goldner and Lynch",naberdalgypu@springer.com,4826905214,Raw Material Suppliers,75,High Risk,Not Accepting Orders,,,
932,Gleason LLC,Gleason LLC,ajeramspv@forbes.com,3472592618,Equipment Vendors,80,Medium Risk,Accepting Orders,,,
933,"Bauch, Bednar and Kilback","Bauch, Bednar and Kilback",hsatcherpw@tamu.edu,8805473690,Maintenance Vendors,81,Low Risk,Not Accepting Orders,,,
934,Rath LLC,Rath LLC,cdelmontepx@imdb.com,5603956932,Logistics Partners,80,Medium Risk,Accepting Orders,,,
935,Schultz LLC,Schultz LLC,rcattermolepy@a8.net,9264074957,Service Providers,98,Low Risk,Not Accepting Orders,,,
936,Graham Group,Graham Group,fbacksonpz@state.gov,1378744584,Equipment Vendors,100,High Risk,Not Accepting Orders,,,
937,Fritsch LLC,Fritsch LLC,ucromlyq0@wired.com,8151963535,Service Providers,98,Low Risk,Accepting Orders,,,
938,Hartmann-Wiegand,Hartmann-Wiegand,cwofendenq1@google.ca,3426015114,Maintenance Vendors,98,Low Risk,Accepting Orders,,,
939,Howell-Feest,Howell-Feest,rdeenyq2@dell.com,9274500140,IT Vendors,97,Medium Risk,Accepting Orders,,,
940,Medhurst-Schoen,Medhurst-Schoen,irudolfq3@themeforest.net,7887072978,Logistics Partners,97,High Risk,Not Accepting Orders,,,
941,"Walsh, Bednar and Wiza","Walsh, Bednar and Wiza",nscargillq4@sun.com,9057689759,Maintenance Vendors,80,Low Risk,Not Accepting Orders,,,
942,Boyer Group,Boyer Group,mhalstedq5@nature.com,3041509698,Logistics Partners,100,Medium Risk,Not Accepting Orders,,,
943,"Kiehn, Kutch and Spencer","Kiehn, Kutch and Spencer",dkasq6@springer.com,2729029077,Logistics Partners,80,High Risk,Not Accepting Orders,,,
944,"Becker, Hauck and Tillman","Becker, Hauck and Tillman",gwraightq7@google.co.uk,4535644901,IT Vendors,80,High Risk,Accepting Orders,,,
945,Welch Inc,Welch Inc,hcockmanq8@odnoklassniki.ru,7193585358,Maintenance Vendors,97,Low Risk,Not Accepting Orders,,,
946,Blanda-Hilpert,Blanda-Hilpert,ebrazenorq9@bbc.co.uk,8709822846,Logistics Partners,98,High Risk,Accepting Orders,,,
947,O'Kon LLC,O'Kon LLC,msandsqa@ted.com,2041557952,Equipment Vendors,80,Low Risk,Accepting Orders,,,
948,Lesch and Sons,Lesch and Sons,ncannamqb@tmall.com,8846882209,Service Providers,97,High Risk,Not Accepting Orders,,,
949,Rodriguez-Harber,Rodriguez-Harber,mtomowiczqc@altervista.org,6892783472,Logistics Partners,75,High Risk,Not Accepting Orders,,,
950,"Kerluke, Gulgowski and Ferry","Kerluke, Gulgowski and Ferry",svowdonqd@google.com,2067982121,Maintenance Vendors,81,Low Risk,Not Accepting Orders,,,
951,"Mitchell, Shanahan and Roberts","Mitchell, Shanahan and Roberts",candrejevicqe@nytimes.com,9385619633,Equipment Vendors,83,Low Risk,Accepting Orders,,,
952,Koss and Sons,Koss and Sons,frollingsqf@1und1.de,2821954483,Raw Material Suppliers,83,Medium Risk,Not Accepting Orders,,,
953,"O'Connell, Pfannerstill and Wehner","O'Connell, Pfannerstill and Wehner",cyarringtonqg@webmd.com,8397938821,Service Providers,80,High Risk,Not Accepting Orders,,,
954,"Dare, Heathcote and Buckridge","Dare, Heathcote and Buckridge",eabelovitzqh@kickstarter.com,4906548629,Service Providers,75,Low Risk,Not Accepting Orders,,,
955,"Funk, Paucek and Larson","Funk, Paucek and Larson",csneddonqi@clickbank.net,6164629648,Equipment Vendors,98,Medium Risk,Accepting Orders,,,
956,"Murazik, Sanford and Becker","Murazik, Sanford and Becker",jfellneeqj@ow.ly,3323019023,Logistics Partners,81,High Risk,Not Accepting Orders,,,
957,"Huels, Steuber and Klein","Huels, Steuber and Klein",oheiningqk@printfriendly.com,9157347568,IT Vendors,97,Low Risk,Not Accepting Orders,,,
958,"Boyer, Fadel and Wyman","Boyer, Fadel and Wyman",ebrookzql@businessinsider.com,5608872345,Equipment Vendors,97,Medium Risk,Not Accepting Orders,,,
959,Goldner and Sons,Goldner and Sons,crebichonqm@forbes.com,2835615053,Service Providers,81,Medium Risk,Accepting Orders,,,
960,Boyle-Bosco,Boyle-Bosco,bspratlingqn@macromedia.com,7218972022,Service Providers,80,Medium Risk,Accepting Orders,,,
961,Quitzon and Sons,Quitzon and Sons,areubelqo@npr.org,7057260262,Raw Material Suppliers,97,High Risk,Accepting Orders,,,
962,Swift-Hettinger,Swift-Hettinger,cbausorqp@jiathis.com,4606917693,Maintenance Vendors,83,High Risk,Accepting Orders,,,
963,Robel and Sons,Robel and Sons,fszaboqq@cbsnews.com,3669686938,Equipment Vendors,80,Medium Risk,Accepting Orders,,,
964,Bosco Inc,Bosco Inc,mmcmillanqr@nydailynews.com,5653536448,Service Providers,80,Medium Risk,Not Accepting Orders,,,
965,"Christiansen, Nader and Wiza","Christiansen, Nader and Wiza",pmathieuqs@jimdo.com,4243521376,Logistics Partners,98,Medium Risk,Not Accepting Orders,,,
966,"Bernier, Parker and Rutherford","Bernier, Parker and Rutherford",dgilffillanqt@vk.com,5533774892,Maintenance Vendors,100,High Risk,Not Accepting Orders,,,
967,"Nienow, Kautzer and Grant","Nienow, Kautzer and Grant",ltremontequ@seattletimes.com,8579641515,Raw Material Suppliers,97,Low Risk,Not Accepting Orders,,,
968,Wisoky-Brekke,Wisoky-Brekke,cmoppettqv@sourceforge.net,1937209148,Service Providers,83,High Risk,Accepting Orders,,,
969,Braun Group,Braun Group,cmattusevichqw@about.me,9969833499,Raw Material Suppliers,75,High Risk,Accepting Orders,,,
970,Harvey-Walker,Harvey-Walker,gfuzzeyqx@newyorker.com,2054186001,Service Providers,80,Medium Risk,Not Accepting Orders,,,
971,"Kris, Koch and Barrows","Kris, Koch and Barrows",bbrafieldqy@twitpic.com,1268407171,Logistics Partners,81,Low Risk,Accepting Orders,,,
972,"Emmerich, Streich and Beatty","Emmerich, Streich and Beatty",jducastelqz@fotki.com,5355715671,Logistics Partners,97,High Risk,Not Accepting Orders,,,
973,Konopelski-McCullough,Konopelski-McCullough,arandlesr0@prweb.com,9746871302,IT Vendors,83,Low Risk,Not Accepting Orders,,,
974,"Pfannerstill, Harber and Wehner","Pfannerstill, Harber and Wehner",lkennawayr1@tripadvisor.com,1405168144,Equipment Vendors,80,High Risk,Not Accepting Orders,,,
975,"Von, Dietrich and Jacobi","Von, Dietrich and Jacobi",vskatcherr2@engadget.com,8746958053,IT Vendors,97,High Risk,Not Accepting Orders,,,
976,"Nolan, Lynch and Stark","Nolan, Lynch and Stark",bnernr3@cornell.edu,9739964191,IT Vendors,80,High Risk,Accepting Orders,,,
977,Pfeffer-Gislason,Pfeffer-Gislason,oowthwaiter4@dropbox.com,3015071302,Equipment Vendors,98,Medium Risk,Accepting Orders,,,
978,"Balistreri, Pfeffer and Kuphal","Balistreri, Pfeffer and Kuphal",cblancower5@usda.gov,6627882802,IT Vendors,75,Low Risk,Accepting Orders,,,
979,Torp Inc,Torp Inc,hhowtopreserver6@berkeley.edu,1134099046,Logistics Partners,83,Low Risk,Accepting Orders,,,
980,Legros LLC,Legros LLC,ltitmarshr7@wikimedia.org,6904055645,IT Vendors,97,Medium Risk,Accepting Orders,,,
981,"Kunde, Cummerata and Reilly","Kunde, Cummerata and Reilly",sarderner8@cdbaby.com,5403294903,Service Providers,83,Low Risk,Not Accepting Orders,,,
982,"Witting, Lakin and Roob","Witting, Lakin and Roob",fgerlackr9@mlb.com,9069378699,Equipment Vendors,81,High Risk,Accepting Orders,,,
983,Ruecker Inc,Ruecker Inc,asoldanra@godaddy.com,2466544369,Maintenance Vendors,80,Low Risk,Accepting Orders,,,
984,"Pollich, Jast and Jenkins","Pollich, Jast and Jenkins",agatchrb@foxnews.com,2278381215,Service Providers,98,Low Risk,Not Accepting Orders,,,
985,Homenick-Steuber,Homenick-Steuber,rmarenrc@smugmug.com,8913179751,Logistics Partners,80,High Risk,Not Accepting Orders,,,
986,"Considine, Jones and Herzog","Considine, Jones and Herzog",amownerd@europa.eu,2851735652,IT Vendors,75,Medium Risk,Accepting Orders,,,
987,Schamberger Inc,Schamberger Inc,jhowiesonre@trellian.com,9834856366,IT Vendors,97,High Risk,Not Accepting Orders,,,
988,"Grant, Schumm and Stanton","Grant, Schumm and Stanton",kgowdierf@house.gov,9171555275,IT Vendors,75,Medium Risk,Accepting Orders,,,
989,"Moore, Veum and Altenwerth","Moore, Veum and Altenwerth",okennarg@people.com.cn,8063461076,Raw Material Suppliers,100,High Risk,Accepting Orders,,,
990,Mante-Torp,Mante-Torp,rbarnevillerh@unicef.org,3693551470,IT Vendors,83,Low Risk,Accepting Orders,,,
991,"Wisoky, Becker and Lindgren","Wisoky, Becker and Lindgren",abisattri@pinterest.com,2568619578,Service Providers,100,Medium Risk,Not Accepting Orders,,,
992,Steuber Group,Steuber Group,cpigeramrj@themeforest.net,3491927191,Maintenance Vendors,98,High Risk,Not Accepting Orders,,,
993,Murphy-Wuckert,Murphy-Wuckert,wlukovicrk@youku.com,5351694793,Equipment Vendors,80,Low Risk,Accepting Orders,,,
994,Lesch and Sons,Lesch and Sons,tkersleyrl@dailymail.co.uk,4988960443,Equipment Vendors,75,Low Risk,Not Accepting Orders,,,
995,Quigley Group,Quigley Group,bderdesrm@g.co,5838261348,Equipment Vendors,100,High Risk,Not Accepting Orders,,,
996,Carter and Sons,Carter and Sons,radrianrn@histats.com,6327365259,Service Providers,75,Medium Risk,Accepting Orders,,,
997,Pfannerstill Group,Pfannerstill Group,jbirchnerro@woothemes.com,4155114051,Raw Material Suppliers,98,High Risk,Not Accepting Orders,,,
998,Nader-Macejkovic,Nader-Macejkovic,eabrahamovitzrp@mit.edu,6001708595,Maintenance Vendors,83,Low Risk,Not Accepting Orders,,,
999,Jenkins-O'Kon,Jenkins-O'Kon,rmacsherryrq@vimeo.com,8403311254,Equipment Vendors,97,Medium Risk,Accepting Orders,,,
1000,Schaefer-Weber,Schaefer-Weber,ablazewiczrr@imgur.com,2745424589,Service Providers,97,Medium Risk,Accepting Orders,,,
