id,poNumber,vendorId,requestId,amount,status,category,itemName,quantity,orderDate,expectedDeliveryDate,actualDeliveryDate
1,PO-2026-000001,15,390,189674,Delivered,Industrial Equipment,Supply Item 173,1541,2025-07-29,2025-09-04,2025-09-05
2,PO-2026-000002,69,147,449229,Draft,Electronics,Supply Item 7,790,2025-03-08,2025-05-05,
3,PO-2026-000003,19,28,356406,Approved,Logistics,Supply Item 74,1409,2024-02-27,2024-03-17,
4,PO-2026-000004,33,75,445077,Cancelled,IT Services,Supply Item 53,1553,2024-03-04,2024-04-24,
5,PO-2026-000005,70,17,193052,Draft,Packaging,Supply Item 191,1335,2026-04-13,2026-05-18,
6,PO-2026-000006,72,200,129568,Cancelled,IT Services,Supply Item 178,1370,2025-06-07,2025-08-03,
7,PO-2026-000007,7,475,205059,Cancelled,Office Supplies,Supply Item 142,120,2025-01-31,2025-03-05,
8,PO-2026-000008,2,381,136775,Cancelled,Maintenance Services,Supply Item 58,1876,2024-07-26,2024-09-10,
9,PO-2026-000009,82,361,377006,Cancelled,Packaging,Supply Item 199,1494,2025-10-25,2025-11-24,
10,PO-2026-000010,25,151,240308,Draft,Logistics,Supply Item 45,1515,2024-06-30,2024-08-19,
11,PO-2026-000011,66,62,202760,Approved,IT Services,Supply Item 34,339,2024-02-11,2024-03-16,
12,PO-2026-000012,75,434,138701,Ordered,Logistics,Supply Item 11,324,2024-01-06,2024-02-03,
13,PO-2026-000013,42,306,31662,Delivered,IT Services,Supply Item 126,1627,2026-03-03,2026-04-19,2026-04-26
14,PO-2026-000014,74,282,192739,Completed,Packaging,Supply Item 48,1076,2024-03-15,2024-05-11,2024-05-11
15,PO-2026-000015,9,403,269839,Delivered,Electronics,Supply Item 90,463,2024-06-12,2024-07-15,2024-07-15
16,PO-2026-000016,28,340,179002,Approved,Packaging,Supply Item 193,1276,2024-12-05,2025-01-04,
17,PO-2026-000017,68,244,299301,Completed,Office Supplies,Supply Item 115,502,2026-04-23,2026-06-17,2026-06-17
18,PO-2026-000018,83,315,330651,Completed,Industrial Equipment,Supply Item 30,800,2024-09-06,2024-09-15,2024-09-22
19,PO-2026-000019,33,277,384571,Delivered,Office Supplies,Supply Item 132,1654,2024-10-16,2024-10-24,2024-10-31
20,PO-2026-000020,66,229,260225,Completed,Electronics,Supply Item 25,352,2024-02-14,2024-03-10,2024-03-10
21,PO-2026-000021,99,276,284553,Draft,Packaging,Supply Item 172,1299,2024-01-08,2024-02-24,
22,PO-2026-000022,100,110,364349,Draft,Packaging,Supply Item 138,1707,2025-03-10,2025-05-09,
23,PO-2026-000023,90,450,393694,Completed,Electronics,Supply Item 192,1415,2026-03-04,2026-04-07,2026-04-10
24,PO-2026-000024,20,13,245766,Draft,Electronics,Supply Item 19,121,2026-01-04,2026-02-01,
25,PO-2026-000025,23,407,137072,Delivered,IT Services,Supply Item 105,804,2025-07-25,2025-08-05,2025-08-12
26,PO-2026-000026,58,323,217047,Draft,Industrial Equipment,Supply Item 173,252,2025-03-19,2025-04-15,
27,PO-2026-000027,69,4,341290,Draft,Raw Materials,Supply Item 180,1747,2026-01-07,2026-02-22,
28,PO-2026-000028,10,184,268631,Cancelled,IT Services,Supply Item 156,187,2024-04-18,2024-05-13,
29,PO-2026-000029,37,392,234468,Cancelled,Raw Materials,Supply Item 122,330,2025-01-25,2025-02-26,
30,PO-2026-000030,69,113,76503,Cancelled,IT Services,Supply Item 163,305,2026-02-03,2026-03-07,
31,PO-2026-000031,39,347,421817,Completed,Raw Materials,Supply Item 142,1801,2026-06-06,2026-07-29,2026-07-29
32,PO-2026-000032,72,73,69610,Delivered,Electronics,Supply Item 79,440,2024-02-12,2024-02-19,2024-02-20
33,PO-2026-000033,96,380,385600,Ordered,Logistics,Supply Item 42,386,2024-12-18,2025-01-07,
34,PO-2026-000034,29,316,442648,Draft,Logistics,Supply Item 172,1647,2024-09-15,2024-10-04,
35,PO-2026-000035,73,437,33515,Delivered,Electronics,Supply Item 75,1385,2026-05-21,2026-07-15,2026-07-15
36,PO-2026-000036,9,129,56486,Delivered,Office Supplies,Supply Item 92,272,2024-07-21,2024-09-12,2024-09-12
37,PO-2026-000037,86,336,127962,Delivered,Packaging,Supply Item 82,1005,2024-04-12,2024-05-07,2024-05-07
38,PO-2026-000038,58,169,328140,Completed,Office Supplies,Supply Item 81,1973,2025-11-06,2025-12-02,2025-12-03
39,PO-2026-000039,55,87,7533,Cancelled,Packaging,Supply Item 183,1525,2024-11-16,2024-12-08,
40,PO-2026-000040,83,224,150059,Pending Approval,Office Supplies,Supply Item 123,957,2026-05-10,2026-06-09,
41,PO-2026-000041,58,184,411201,Delivered,Electronics,Supply Item 72,1768,2024-11-08,2024-12-16,2024-12-16
42,PO-2026-000042,18,457,287390,Completed,Electronics,Supply Item 187,164,2024-07-20,2024-08-12,2024-08-19
43,PO-2026-000043,3,435,270907,Cancelled,Industrial Equipment,Supply Item 197,1218,2025-10-08,2025-10-16,
44,PO-2026-000044,28,465,24218,Delivered,Maintenance Services,Supply Item 168,1597,2025-07-18,2025-08-10,2025-08-17
45,PO-2026-000045,20,188,210782,Delivered,IT Services,Supply Item 35,961,2024-08-16,2024-10-11,2024-10-14
46,PO-2026-000046,65,262,52476,Delivered,Packaging,Supply Item 158,1411,2025-02-10,2025-03-12,2025-03-12
47,PO-2026-000047,22,388,274555,Pending Approval,Logistics,Supply Item 145,1952,2024-05-23,2024-06-27,
48,PO-2026-000048,73,338,81650,Ordered,Office Supplies,Supply Item 11,458,2026-01-23,2026-03-17,
49,PO-2026-000049,98,250,126503,Approved,Packaging,Supply Item 11,1379,2024-03-05,2024-03-28,
50,PO-2026-000050,27,266,419953,Ordered,Maintenance Services,Supply Item 12,91,2025-01-04,2025-02-04,
51,PO-2026-000051,84,166,59119,Completed,IT Services,Supply Item 149,1124,2025-12-21,2026-01-30,2026-02-06
52,PO-2026-000052,73,90,202478,Approved,Electronics,Supply Item 133,525,2025-10-31,2025-12-01,
53,PO-2026-000053,49,499,121863,Approved,Office Supplies,Supply Item 125,1633,2025-06-12,2025-07-14,
54,PO-2026-000054,62,455,321780,Pending Approval,Maintenance Services,Supply Item 43,481,2024-01-07,2024-02-15,
55,PO-2026-000055,10,264,342367,Pending Approval,Logistics,Supply Item 41,751,2024-10-14,2024-11-03,
56,PO-2026-000056,78,368,433319,Pending Approval,Industrial Equipment,Supply Item 85,1485,2024-05-01,2024-06-19,
57,PO-2026-000057,15,247,359014,Pending Approval,Logistics,Supply Item 166,1716,2025-05-05,2025-06-11,
58,PO-2026-000058,53,12,132753,Delivered,Logistics,Supply Item 162,1059,2024-02-14,2024-02-29,2024-03-01
59,PO-2026-000059,6,457,305033,Pending Approval,IT Services,Supply Item 47,1068,2024-05-30,2024-06-09,
60,PO-2026-000060,52,307,300491,Completed,IT Services,Supply Item 22,453,2025-10-14,2025-10-22,2025-10-25
61,PO-2026-000061,58,311,252156,Pending Approval,Packaging,Supply Item 106,1240,2026-06-07,2026-07-14,
62,PO-2026-000062,19,407,310474,Pending Approval,IT Services,Supply Item 43,1493,2026-04-20,2026-06-15,
63,PO-2026-000063,88,176,242748,Draft,Packaging,Supply Item 97,799,2025-09-02,2025-10-16,
64,PO-2026-000064,17,56,13683,Cancelled,Industrial Equipment,Supply Item 39,1250,2024-07-26,2024-09-04,
65,PO-2026-000065,13,91,254492,Delivered,Electronics,Supply Item 24,997,2026-07-12,2026-08-27,2026-08-27
66,PO-2026-000066,85,67,321394,Draft,Industrial Equipment,Supply Item 134,871,2025-07-06,2025-09-03,
67,PO-2026-000067,48,448,27774,Ordered,Packaging,Supply Item 124,1627,2025-12-15,2026-01-24,
68,PO-2026-000068,99,196,188772,Completed,Electronics,Supply Item 109,284,2025-08-26,2025-10-23,2025-10-30
69,PO-2026-000069,33,245,406530,Approved,Industrial Equipment,Supply Item 66,397,2024-08-26,2024-09-07,
70,PO-2026-000070,1,364,394884,Delivered,Raw Materials,Supply Item 97,1350,2026-03-19,2026-03-26,2026-03-26
71,PO-2026-000071,27,353,426678,Approved,Electronics,Supply Item 40,882,2024-11-19,2024-12-22,
72,PO-2026-000072,84,300,137976,Ordered,Office Supplies,Supply Item 157,574,2024-09-24,2024-11-04,
73,PO-2026-000073,88,204,400822,Delivered,Maintenance Services,Supply Item 46,768,2024-07-27,2024-08-29,2024-09-01
74,PO-2026-000074,72,285,258629,Delivered,Industrial Equipment,Supply Item 189,292,2024-09-16,2024-10-12,2024-10-12
75,PO-2026-000075,85,61,397070,Cancelled,Logistics,Supply Item 26,449,2024-08-23,2024-09-27,
76,PO-2026-000076,66,206,417132,Delivered,Raw Materials,Supply Item 42,806,2024-12-12,2025-02-08,2025-02-09
77,PO-2026-000077,82,3,426721,Pending Approval,Maintenance Services,Supply Item 154,901,2024-04-03,2024-06-01,
78,PO-2026-000078,12,33,142935,Draft,Raw Materials,Supply Item 186,797,2024-08-15,2024-09-14,
79,PO-2026-000079,52,315,349024,Completed,Raw Materials,Supply Item 199,1689,2025-06-17,2025-07-12,2025-07-26
80,PO-2026-000080,23,328,264191,Pending Approval,IT Services,Supply Item 50,78,2025-03-25,2025-04-01,
81,PO-2026-000081,77,262,275434,Delivered,Raw Materials,Supply Item 93,499,2025-12-16,2026-01-06,2026-01-06
82,PO-2026-000082,84,1,87546,Cancelled,Industrial Equipment,Supply Item 91,1381,2024-03-29,2024-04-22,
83,PO-2026-000083,51,208,312274,Draft,Electronics,Supply Item 24,1135,2024-07-24,2024-09-02,
84,PO-2026-000084,37,372,440035,Approved,Office Supplies,Supply Item 71,473,2025-07-26,2025-09-08,
85,PO-2026-000085,78,494,106987,Delivered,Logistics,Supply Item 105,1046,2025-04-10,2025-05-12,2025-05-12
86,PO-2026-000086,14,287,42951,Approved,Electronics,Supply Item 132,1969,2025-05-30,2025-06-24,
87,PO-2026-000087,33,449,287016,Delivered,Maintenance Services,Supply Item 97,1163,2026-04-12,2026-06-08,2026-06-08
88,PO-2026-000088,62,395,132545,Cancelled,Maintenance Services,Supply Item 175,953,2026-02-14,2026-03-14,
89,PO-2026-000089,76,442,19339,Approved,Electronics,Supply Item 98,1307,2025-05-08,2025-05-22,
90,PO-2026-000090,29,347,372618,Approved,Industrial Equipment,Supply Item 91,1067,2024-08-23,2024-10-20,
91,PO-2026-000091,69,5,372430,Pending Approval,IT Services,Supply Item 24,827,2026-05-02,2026-05-25,
92,PO-2026-000092,87,384,435479,Delivered,Maintenance Services,Supply Item 81,734,2024-12-16,2024-12-27,2025-01-10
93,PO-2026-000093,28,458,305790,Completed,Packaging,Supply Item 128,1519,2024-10-02,2024-10-20,2024-10-21
94,PO-2026-000094,26,121,390576,Pending Approval,Packaging,Supply Item 52,1719,2024-09-04,2024-09-27,
95,PO-2026-000095,32,429,329322,Cancelled,Electronics,Supply Item 31,1894,2024-12-30,2025-01-15,
96,PO-2026-000096,11,347,352825,Draft,Raw Materials,Supply Item 124,770,2025-05-19,2025-07-04,
97,PO-2026-000097,80,162,263128,Cancelled,IT Services,Supply Item 126,384,2026-07-08,2026-08-20,
98,PO-2026-000098,98,469,272981,Pending Approval,Logistics,Supply Item 14,1086,2024-10-13,2024-11-14,
99,PO-2026-000099,55,245,288518,Approved,Industrial Equipment,Supply Item 176,1599,2024-02-03,2024-03-13,
100,PO-2026-000100,23,235,68107,Ordered,Office Supplies,Supply Item 177,27,2025-12-16,2026-01-25,
101,PO-2026-000101,2,346,115494,Draft,Office Supplies,Supply Item 93,1264,2025-01-23,2025-03-08,
102,PO-2026-000102,34,96,292605,Approved,Maintenance Services,Supply Item 157,712,2024-09-26,2024-10-18,
103,PO-2026-000103,47,95,266499,Ordered,Office Supplies,Supply Item 94,1759,2025-03-10,2025-03-30,
104,PO-2026-000104,52,144,241311,Pending Approval,Packaging,Supply Item 26,1486,2024-07-03,2024-08-15,
105,PO-2026-000105,35,412,128629,Cancelled,Industrial Equipment,Supply Item 51,308,2025-07-22,2025-08-25,
106,PO-2026-000106,95,77,252981,Pending Approval,Industrial Equipment,Supply Item 128,285,2026-04-05,2026-04-12,
107,PO-2026-000107,81,265,284960,Cancelled,Maintenance Services,Supply Item 77,523,2026-01-07,2026-02-03,
108,PO-2026-000108,72,440,302708,Draft,Logistics,Supply Item 16,451,2024-02-18,2024-03-21,
109,PO-2026-000109,33,244,444862,Ordered,Office Supplies,Supply Item 67,749,2025-10-06,2025-10-19,
110,PO-2026-000110,47,287,297286,Approved,Office Supplies,Supply Item 6,853,2026-08-12,2026-10-09,
111,PO-2026-000111,16,180,361298,Delivered,Logistics,Supply Item 200,592,2025-09-12,2025-10-01,2025-10-02
112,PO-2026-000112,46,167,357946,Cancelled,Maintenance Services,Supply Item 21,790,2025-06-06,2025-07-14,
113,PO-2026-000113,79,147,248139,Cancelled,Logistics,Supply Item 164,1664,2025-10-08,2025-10-24,
114,PO-2026-000114,44,216,335969,Ordered,Electronics,Supply Item 21,341,2025-09-19,2025-11-01,
115,PO-2026-000115,44,117,169354,Approved,IT Services,Supply Item 155,1330,2024-11-20,2025-01-07,
116,PO-2026-000116,51,139,238254,Completed,Maintenance Services,Supply Item 106,352,2026-03-10,2026-04-09,2026-04-10
117,PO-2026-000117,24,438,17111,Pending Approval,IT Services,Supply Item 191,1445,2024-05-08,2024-06-30,
118,PO-2026-000118,96,41,115400,Draft,Electronics,Supply Item 17,1928,2024-06-19,2024-07-21,
119,PO-2026-000119,61,281,33220,Ordered,Electronics,Supply Item 27,547,2024-01-27,2024-03-23,
120,PO-2026-000120,80,80,49203,Approved,Packaging,Supply Item 64,1520,2025-11-01,2025-12-02,
121,PO-2026-000121,37,227,333456,Delivered,Raw Materials,Supply Item 9,1368,2024-05-09,2024-05-24,2024-05-31
122,PO-2026-000122,46,441,175499,Ordered,IT Services,Supply Item 141,921,2026-06-03,2026-07-10,
123,PO-2026-000123,18,497,370755,Delivered,Industrial Equipment,Supply Item 135,1320,2025-07-06,2025-07-24,2025-07-25
124,PO-2026-000124,82,274,167351,Ordered,Packaging,Supply Item 23,914,2026-07-19,2026-08-17,
125,PO-2026-000125,40,188,221113,Approved,Raw Materials,Supply Item 1,1081,2024-09-23,2024-10-09,
126,PO-2026-000126,98,435,76460,Ordered,Raw Materials,Supply Item 177,1898,2024-12-18,2025-01-12,
127,PO-2026-000127,63,485,401085,Draft,Industrial Equipment,Supply Item 75,1232,2025-05-03,2025-05-29,
128,PO-2026-000128,30,408,8784,Pending Approval,Industrial Equipment,Supply Item 144,905,2025-07-15,2025-08-14,
129,PO-2026-000129,51,128,90600,Completed,Industrial Equipment,Supply Item 57,548,2026-01-02,2026-02-25,2026-02-25
130,PO-2026-000130,11,217,332849,Cancelled,IT Services,Supply Item 73,1338,2024-09-02,2024-10-12,
131,PO-2026-000131,96,273,429048,Pending Approval,Electronics,Supply Item 47,289,2024-10-02,2024-11-04,
132,PO-2026-000132,38,57,338915,Ordered,IT Services,Supply Item 180,1285,2025-04-11,2025-05-27,
133,PO-2026-000133,63,97,173109,Draft,Raw Materials,Supply Item 48,219,2024-01-20,2024-02-05,
134,PO-2026-000134,37,138,70556,Completed,Electronics,Supply Item 39,40,2026-01-02,2026-02-06,2026-02-06
135,PO-2026-000135,64,112,184260,Cancelled,Maintenance Services,Supply Item 96,959,2025-03-06,2025-04-01,
136,PO-2026-000136,90,406,21639,Cancelled,Logistics,Supply Item 15,555,2024-12-04,2024-12-16,
137,PO-2026-000137,100,201,42426,Pending Approval,Packaging,Supply Item 65,1683,2025-07-10,2025-08-16,
138,PO-2026-000138,49,425,11614,Completed,Maintenance Services,Supply Item 64,1520,2024-05-04,2024-06-29,2024-06-29
139,PO-2026-000139,5,102,246610,Draft,Packaging,Supply Item 122,806,2026-01-22,2026-03-19,
140,PO-2026-000140,88,493,168635,Pending Approval,Raw Materials,Supply Item 191,1929,2026-08-16,2026-09-12,
141,PO-2026-000141,71,267,69037,Completed,Office Supplies,Supply Item 14,1778,2024-09-16,2024-10-23,2024-10-23
142,PO-2026-000142,86,112,64207,Ordered,Office Supplies,Supply Item 4,352,2024-08-29,2024-10-15,
143,PO-2026-000143,36,300,67730,Pending Approval,Raw Materials,Supply Item 11,1200,2025-02-09,2025-04-07,
144,PO-2026-000144,89,244,365923,Approved,Electronics,Supply Item 64,332,2025-09-02,2025-09-18,
145,PO-2026-000145,64,47,364632,Cancelled,Raw Materials,Supply Item 16,738,2025-09-25,2025-10-23,
146,PO-2026-000146,83,79,372697,Draft,Logistics,Supply Item 125,486,2025-07-03,2025-08-29,
147,PO-2026-000147,41,286,418433,Approved,Maintenance Services,Supply Item 188,405,2025-10-22,2025-12-16,
148,PO-2026-000148,3,353,203059,Pending Approval,IT Services,Supply Item 11,1003,2025-01-01,2025-02-23,
149,PO-2026-000149,91,225,298089,Completed,Logistics,Supply Item 140,722,2024-10-28,2024-12-08,2024-12-08
150,PO-2026-000150,42,375,250573,Delivered,Logistics,Supply Item 18,1097,2024-10-08,2024-12-07,2024-12-14
151,PO-2026-000151,20,231,160017,Delivered,Raw Materials,Supply Item 199,1316,2026-04-19,2026-05-12,2026-05-12
152,PO-2026-000152,65,195,389647,Delivered,Packaging,Supply Item 83,1486,2024-07-08,2024-07-16,2024-07-23
153,PO-2026-000153,9,338,287568,Pending Approval,Maintenance Services,Supply Item 197,1139,2026-04-18,2026-05-19,
154,PO-2026-000154,20,314,153441,Completed,Electronics,Supply Item 134,1359,2024-11-26,2024-12-29,2024-12-29
155,PO-2026-000155,9,23,442881,Pending Approval,Raw Materials,Supply Item 52,229,2026-08-18,2026-09-02,
156,PO-2026-000156,63,99,56775,Completed,Maintenance Services,Supply Item 135,1287,2024-02-02,2024-03-16,2024-03-23
157,PO-2026-000157,90,303,139185,Pending Approval,Electronics,Supply Item 4,1915,2024-02-20,2024-03-21,
158,PO-2026-000158,27,336,262638,Draft,Maintenance Services,Supply Item 164,134,2026-08-08,2026-10-07,
159,PO-2026-000159,47,286,394796,Cancelled,Office Supplies,Supply Item 182,129,2026-08-18,2026-09-20,
160,PO-2026-000160,79,137,282359,Draft,IT Services,Supply Item 20,1944,2024-02-11,2024-04-04,
161,PO-2026-000161,28,492,277359,Completed,Industrial Equipment,Supply Item 49,405,2024-04-09,2024-04-22,2024-04-22
162,PO-2026-000162,68,337,135423,Pending Approval,Industrial Equipment,Supply Item 192,226,2025-08-06,2025-09-22,
163,PO-2026-000163,99,327,307285,Ordered,Industrial Equipment,Supply Item 27,351,2025-01-01,2025-02-20,
164,PO-2026-000164,24,282,215531,Completed,Maintenance Services,Supply Item 91,1858,2025-05-31,2025-06-28,2025-06-28
165,PO-2026-000165,41,282,175212,Ordered,Industrial Equipment,Supply Item 186,672,2026-05-15,2026-06-14,
166,PO-2026-000166,78,124,300250,Ordered,IT Services,Supply Item 93,1979,2025-07-12,2025-08-01,
167,PO-2026-000167,58,230,213189,Draft,IT Services,Supply Item 153,43,2024-01-01,2024-02-23,
168,PO-2026-000168,67,70,163251,Pending Approval,Packaging,Supply Item 81,54,2024-01-07,2024-02-02,
169,PO-2026-000169,99,421,366611,Delivered,Logistics,Supply Item 25,87,2026-04-22,2026-05-16,2026-05-16
170,PO-2026-000170,59,183,86845,Approved,Packaging,Supply Item 60,534,2024-05-21,2024-06-13,
171,PO-2026-000171,39,48,304099,Pending Approval,Electronics,Supply Item 186,674,2025-02-13,2025-03-28,
172,PO-2026-000172,62,89,260997,Completed,Electronics,Supply Item 153,1325,2026-04-25,2026-06-15,2026-06-16
173,PO-2026-000173,39,20,388144,Ordered,Electronics,Supply Item 200,124,2026-04-07,2026-05-20,
174,PO-2026-000174,99,172,187415,Ordered,Industrial Equipment,Supply Item 31,1791,2026-06-19,2026-08-17,
175,PO-2026-000175,99,117,396998,Draft,Industrial Equipment,Supply Item 14,634,2025-10-30,2025-12-14,
176,PO-2026-000176,68,22,172413,Pending Approval,Office Supplies,Supply Item 129,1439,2025-07-06,2025-08-18,
177,PO-2026-000177,29,79,31486,Ordered,Maintenance Services,Supply Item 193,1228,2025-11-20,2026-01-12,
178,PO-2026-000178,74,259,52229,Approved,Industrial Equipment,Supply Item 38,280,2024-08-15,2024-09-18,
179,PO-2026-000179,44,43,254484,Draft,Industrial Equipment,Supply Item 68,184,2025-08-08,2025-10-01,
180,PO-2026-000180,52,257,232798,Pending Approval,Logistics,Supply Item 124,1155,2026-03-03,2026-04-23,
181,PO-2026-000181,26,250,212260,Pending Approval,Packaging,Supply Item 63,156,2025-10-29,2025-12-11,
182,PO-2026-000182,35,398,230478,Delivered,Industrial Equipment,Supply Item 109,758,2024-11-27,2025-01-16,2025-01-16
183,PO-2026-000183,45,98,173159,Completed,IT Services,Supply Item 44,726,2024-12-18,2025-02-01,2025-02-01
184,PO-2026-000184,79,421,425896,Pending Approval,Maintenance Services,Supply Item 12,1902,2025-03-28,2025-05-13,
185,PO-2026-000185,30,103,364325,Cancelled,Electronics,Supply Item 29,1524,2025-01-17,2025-02-02,
186,PO-2026-000186,7,125,330584,Cancelled,IT Services,Supply Item 4,713,2026-08-06,2026-08-22,
187,PO-2026-000187,89,412,63341,Ordered,Raw Materials,Supply Item 85,438,2024-11-08,2024-12-13,
188,PO-2026-000188,95,276,116083,Delivered,Maintenance Services,Supply Item 160,1504,2024-07-27,2024-09-06,2024-09-09
189,PO-2026-000189,19,356,371348,Ordered,Raw Materials,Supply Item 66,358,2025-11-15,2025-11-23,
190,PO-2026-000190,8,146,110222,Delivered,Maintenance Services,Supply Item 168,1945,2026-03-19,2026-05-09,2026-05-09
191,PO-2026-000191,2,35,208761,Completed,Office Supplies,Supply Item 28,49,2025-11-07,2025-12-01,2025-12-08
192,PO-2026-000192,38,445,345478,Ordered,Electronics,Supply Item 81,1002,2025-01-30,2025-02-20,
193,PO-2026-000193,77,273,51148,Delivered,Raw Materials,Supply Item 11,516,2024-07-09,2024-07-28,2024-08-11
194,PO-2026-000194,68,157,179886,Completed,Office Supplies,Supply Item 176,730,2025-05-16,2025-06-17,2025-06-17
195,PO-2026-000195,46,321,163506,Approved,Raw Materials,Supply Item 161,537,2024-08-29,2024-10-07,
196,PO-2026-000196,50,456,432220,Approved,Packaging,Supply Item 39,709,2024-01-31,2024-03-13,
197,PO-2026-000197,51,337,76964,Ordered,Packaging,Supply Item 107,502,2024-03-30,2024-05-22,
198,PO-2026-000198,74,79,228590,Approved,Maintenance Services,Supply Item 139,279,2024-11-15,2024-12-30,
199,PO-2026-000199,27,335,77654,Completed,Logistics,Supply Item 80,1420,2025-08-17,2025-09-27,2025-09-30
200,PO-2026-000200,91,461,279624,Ordered,Logistics,Supply Item 168,1920,2026-07-20,2026-08-04,
201,PO-2026-000201,73,470,87862,Delivered,Electronics,Supply Item 48,660,2024-11-21,2024-12-02,2024-12-02
202,PO-2026-000202,19,373,20457,Ordered,Industrial Equipment,Supply Item 78,917,2026-02-22,2026-03-21,
203,PO-2026-000203,96,479,435806,Completed,Packaging,Supply Item 28,279,2026-07-04,2026-08-20,2026-08-20
204,PO-2026-000204,24,14,404742,Approved,Packaging,Supply Item 153,485,2025-09-18,2025-11-03,
205,PO-2026-000205,30,352,18675,Completed,Logistics,Supply Item 129,1742,2025-01-02,2025-01-14,2025-01-17
206,PO-2026-000206,78,241,378303,Pending Approval,Industrial Equipment,Supply Item 126,980,2025-10-27,2025-11-26,
207,PO-2026-000207,18,84,106323,Ordered,Raw Materials,Supply Item 70,1956,2024-08-19,2024-08-28,
208,PO-2026-000208,53,114,394213,Cancelled,Packaging,Supply Item 17,372,2025-11-18,2025-12-07,
209,PO-2026-000209,57,444,328516,Approved,Maintenance Services,Supply Item 64,885,2025-05-16,2025-07-06,
210,PO-2026-000210,52,398,26929,Cancelled,Industrial Equipment,Supply Item 185,650,2025-09-14,2025-11-07,
211,PO-2026-000211,51,314,394266,Delivered,Raw Materials,Supply Item 134,233,2025-08-08,2025-09-22,2025-09-22
212,PO-2026-000212,58,234,438591,Pending Approval,Industrial Equipment,Supply Item 189,90,2026-06-17,2026-06-26,
213,PO-2026-000213,72,199,275599,Draft,Packaging,Supply Item 75,910,2026-02-22,2026-04-10,
214,PO-2026-000214,51,453,164674,Approved,Maintenance Services,Supply Item 43,875,2026-03-03,2026-05-01,
215,PO-2026-000215,38,314,33598,Pending Approval,Maintenance Services,Supply Item 166,935,2025-12-07,2026-01-16,
216,PO-2026-000216,12,370,267488,Cancelled,Logistics,Supply Item 101,856,2024-04-25,2024-05-13,
217,PO-2026-000217,42,231,18061,Delivered,Packaging,Supply Item 117,194,2024-07-02,2024-08-07,2024-08-14
218,PO-2026-000218,33,166,367659,Cancelled,Logistics,Supply Item 184,1511,2025-10-26,2025-12-17,
219,PO-2026-000219,16,47,64855,Completed,Industrial Equipment,Supply Item 187,1630,2025-12-24,2026-01-28,2026-01-28
220,PO-2026-000220,66,314,88833,Ordered,Raw Materials,Supply Item 197,359,2025-01-22,2025-03-05,
221,PO-2026-000221,43,290,350783,Pending Approval,Logistics,Supply Item 46,1585,2026-06-02,2026-06-18,
222,PO-2026-000222,92,27,224981,Completed,Maintenance Services,Supply Item 74,1292,2024-11-11,2024-12-07,2024-12-10
223,PO-2026-000223,24,61,73981,Delivered,Raw Materials,Supply Item 118,1029,2024-07-26,2024-08-02,2024-08-05
224,PO-2026-000224,64,279,428338,Ordered,Packaging,Supply Item 56,1215,2024-01-06,2024-02-20,
225,PO-2026-000225,85,244,242889,Draft,Raw Materials,Supply Item 63,1816,2025-02-23,2025-03-30,
226,PO-2026-000226,71,143,329935,Cancelled,Packaging,Supply Item 13,388,2025-10-05,2025-11-16,
227,PO-2026-000227,19,29,347505,Pending Approval,Raw Materials,Supply Item 171,1193,2024-12-23,2025-01-01,
228,PO-2026-000228,78,153,178597,Draft,Electronics,Supply Item 107,375,2026-07-31,2026-08-12,
229,PO-2026-000229,21,345,154097,Completed,Logistics,Supply Item 117,1544,2025-09-17,2025-11-05,2025-11-06
230,PO-2026-000230,75,185,23790,Approved,Office Supplies,Supply Item 95,1848,2024-04-05,2024-05-31,
231,PO-2026-000231,49,420,40476,Cancelled,Electronics,Supply Item 75,974,2026-02-15,2026-03-21,
232,PO-2026-000232,18,63,369180,Approved,Industrial Equipment,Supply Item 135,439,2026-05-30,2026-06-23,
233,PO-2026-000233,90,108,325892,Delivered,Electronics,Supply Item 124,1492,2024-02-29,2024-03-13,2024-03-16
234,PO-2026-000234,89,310,418235,Ordered,Office Supplies,Supply Item 67,1086,2025-12-24,2026-01-18,
235,PO-2026-000235,74,320,190521,Delivered,Maintenance Services,Supply Item 127,1664,2026-08-07,2026-08-22,2026-08-23
236,PO-2026-000236,24,453,324504,Approved,Packaging,Supply Item 1,252,2024-08-26,2024-10-17,
237,PO-2026-000237,4,239,332921,Completed,Industrial Equipment,Supply Item 106,103,2026-03-26,2026-04-09,2026-04-16
238,PO-2026-000238,43,180,298819,Pending Approval,Raw Materials,Supply Item 164,422,2026-04-05,2026-05-22,
239,PO-2026-000239,89,145,138388,Approved,IT Services,Supply Item 130,1136,2026-03-20,2026-03-31,
240,PO-2026-000240,42,393,8214,Approved,Office Supplies,Supply Item 102,1493,2024-04-26,2024-06-15,
241,PO-2026-000241,73,316,20265,Pending Approval,Office Supplies,Supply Item 87,1898,2026-05-02,2026-05-20,
242,PO-2026-000242,87,246,253774,Completed,Logistics,Supply Item 161,953,2026-03-27,2026-04-05,2026-04-05
243,PO-2026-000243,69,459,180693,Cancelled,Industrial Equipment,Supply Item 191,124,2025-04-18,2025-06-14,
244,PO-2026-000244,67,154,301192,Approved,Raw Materials,Supply Item 54,1192,2026-01-12,2026-03-03,
245,PO-2026-000245,88,170,424186,Approved,Electronics,Supply Item 39,584,2026-07-27,2026-09-22,
246,PO-2026-000246,4,174,201734,Cancelled,Logistics,Supply Item 147,1250,2025-10-03,2025-11-13,
247,PO-2026-000247,50,96,317051,Cancelled,IT Services,Supply Item 181,1766,2024-04-29,2024-06-25,
248,PO-2026-000248,41,364,21582,Draft,Maintenance Services,Supply Item 61,771,2024-10-05,2024-11-07,
249,PO-2026-000249,58,425,163664,Approved,Logistics,Supply Item 29,776,2024-08-09,2024-09-18,
250,PO-2026-000250,5,399,110957,Ordered,Raw Materials,Supply Item 124,1863,2026-07-24,2026-08-05,
251,PO-2026-000251,65,79,104725,Completed,IT Services,Supply Item 199,680,2024-12-14,2025-01-20,2025-01-27
252,PO-2026-000252,19,394,56512,Completed,Packaging,Supply Item 186,84,2026-04-21,2026-05-31,2026-06-30
253,PO-2026-000253,59,199,379172,Draft,Raw Materials,Supply Item 80,1919,2026-06-04,2026-07-14,
254,PO-2026-000254,6,352,449661,Approved,Maintenance Services,Supply Item 12,221,2025-08-31,2025-09-12,
255,PO-2026-000255,67,393,350497,Draft,IT Services,Supply Item 164,1837,2026-02-02,2026-02-28,
256,PO-2026-000256,27,165,110148,Approved,Office Supplies,Supply Item 198,913,2024-07-16,2024-08-10,
257,PO-2026-000257,86,61,147949,Approved,Electronics,Supply Item 4,1972,2024-06-01,2024-06-18,
258,PO-2026-000258,80,287,274515,Delivered,Office Supplies,Supply Item 70,299,2024-04-14,2024-05-04,2024-05-04
259,PO-2026-000259,91,412,153513,Pending Approval,Electronics,Supply Item 80,1265,2025-08-10,2025-09-01,
260,PO-2026-000260,44,277,237599,Draft,Maintenance Services,Supply Item 173,113,2024-02-21,2024-03-07,
261,PO-2026-000261,14,197,33206,Ordered,Logistics,Supply Item 181,1230,2024-03-29,2024-05-02,
262,PO-2026-000262,76,323,443396,Ordered,Office Supplies,Supply Item 80,690,2025-12-07,2026-01-27,
263,PO-2026-000263,26,366,402621,Delivered,Maintenance Services,Supply Item 146,279,2025-11-17,2026-01-14,2026-01-14
264,PO-2026-000264,12,417,425662,Ordered,Electronics,Supply Item 117,645,2026-07-30,2026-09-19,
265,PO-2026-000265,88,330,377357,Ordered,Packaging,Supply Item 58,304,2026-02-23,2026-03-31,
266,PO-2026-000266,79,133,195552,Completed,Office Supplies,Supply Item 84,938,2025-02-05,2025-02-23,2025-03-02
267,PO-2026-000267,63,16,39270,Approved,Maintenance Services,Supply Item 119,1742,2025-05-01,2025-05-15,
268,PO-2026-000268,22,145,407622,Delivered,Electronics,Supply Item 104,1684,2024-12-22,2025-02-05,2025-02-05
269,PO-2026-000269,92,408,61089,Completed,IT Services,Supply Item 137,954,2024-11-29,2025-01-10,2025-01-10
270,PO-2026-000270,52,303,221762,Pending Approval,Logistics,Supply Item 124,796,2024-09-01,2024-10-17,
271,PO-2026-000271,9,175,114176,Delivered,Industrial Equipment,Supply Item 146,1622,2026-04-13,2026-06-03,2026-06-03
272,PO-2026-000272,44,279,368925,Completed,Maintenance Services,Supply Item 30,1222,2024-08-29,2024-09-16,2024-09-17
273,PO-2026-000273,77,238,175591,Cancelled,Maintenance Services,Supply Item 46,640,2025-07-22,2025-08-04,
274,PO-2026-000274,52,36,318660,Cancelled,Industrial Equipment,Supply Item 84,1022,2024-04-21,2024-06-10,
275,PO-2026-000275,83,339,37234,Cancelled,Logistics,Supply Item 149,1859,2024-04-02,2024-04-22,
276,PO-2026-000276,97,326,429589,Pending Approval,Logistics,Supply Item 116,1098,2024-01-01,2024-02-25,
277,PO-2026-000277,38,200,327737,Pending Approval,Packaging,Supply Item 175,1806,2025-08-14,2025-09-18,
278,PO-2026-000278,41,154,303989,Approved,Industrial Equipment,Supply Item 184,1884,2026-03-24,2026-05-13,
279,PO-2026-000279,45,46,310516,Delivered,Logistics,Supply Item 76,137,2024-01-09,2024-02-24,2024-02-24
280,PO-2026-000280,48,462,292773,Completed,Office Supplies,Supply Item 29,1773,2024-02-24,2024-03-02,2024-03-03
281,PO-2026-000281,37,444,21349,Completed,Office Supplies,Supply Item 183,793,2024-08-28,2024-10-01,2024-10-02
282,PO-2026-000282,52,196,233164,Completed,Logistics,Supply Item 49,1147,2025-07-12,2025-08-01,2025-08-01
283,PO-2026-000283,50,432,193894,Pending Approval,IT Services,Supply Item 172,267,2026-05-10,2026-06-12,
284,PO-2026-000284,18,6,42615,Pending Approval,Maintenance Services,Supply Item 169,904,2025-10-25,2025-11-02,
285,PO-2026-000285,18,44,76942,Ordered,Maintenance Services,Supply Item 179,1247,2025-10-19,2025-12-16,
286,PO-2026-000286,55,320,99265,Ordered,Maintenance Services,Supply Item 99,737,2025-04-10,2025-05-19,
287,PO-2026-000287,29,96,227702,Delivered,Packaging,Supply Item 183,1037,2025-09-11,2025-09-18,2025-09-18
288,PO-2026-000288,35,211,291348,Draft,Raw Materials,Supply Item 146,999,2025-08-13,2025-09-12,
289,PO-2026-000289,91,189,64330,Completed,IT Services,Supply Item 120,1068,2025-08-17,2025-09-23,2025-09-23
290,PO-2026-000290,11,268,324852,Ordered,Electronics,Supply Item 176,1307,2024-03-31,2024-04-22,
291,PO-2026-000291,70,409,308892,Draft,Office Supplies,Supply Item 137,1604,2024-11-15,2024-12-31,
292,PO-2026-000292,2,241,243044,Delivered,Industrial Equipment,Supply Item 91,1977,2025-06-08,2025-07-15,2025-07-18
293,PO-2026-000293,38,149,92822,Delivered,IT Services,Supply Item 16,1298,2024-02-06,2024-03-28,2024-03-31
294,PO-2026-000294,61,297,93646,Completed,Raw Materials,Supply Item 74,1002,2025-08-09,2025-08-19,2025-09-18
295,PO-2026-000295,11,65,270077,Approved,IT Services,Supply Item 34,1271,2024-03-19,2024-05-15,
296,PO-2026-000296,36,141,139718,Draft,Logistics,Supply Item 152,1523,2024-01-15,2024-03-09,
297,PO-2026-000297,20,338,239174,Pending Approval,IT Services,Supply Item 180,493,2025-01-13,2025-03-12,
298,PO-2026-000298,63,93,424101,Approved,Electronics,Supply Item 38,1229,2025-06-24,2025-07-03,
299,PO-2026-000299,20,429,265019,Cancelled,Industrial Equipment,Supply Item 61,1363,2026-02-09,2026-03-14,
300,PO-2026-000300,57,372,339272,Delivered,Office Supplies,Supply Item 14,1325,2024-06-20,2024-07-10,2024-07-13
301,PO-2026-000301,34,387,434670,Pending Approval,Maintenance Services,Supply Item 103,985,2024-04-28,2024-05-08,
302,PO-2026-000302,39,244,396197,Delivered,Industrial Equipment,Supply Item 122,547,2026-08-29,2026-10-23,2026-10-23
303,PO-2026-000303,19,272,232925,Cancelled,Maintenance Services,Supply Item 98,1399,2024-01-13,2024-02-07,
304,PO-2026-000304,41,493,283005,Draft,Office Supplies,Supply Item 111,1260,2025-11-30,2025-12-09,
305,PO-2026-000305,84,440,147915,Approved,Electronics,Supply Item 66,1350,2024-12-09,2025-01-02,
306,PO-2026-000306,75,201,246753,Completed,Packaging,Supply Item 134,701,2026-03-02,2026-04-21,2026-04-21
307,PO-2026-000307,87,354,99328,Draft,Raw Materials,Supply Item 18,34,2024-11-16,2024-12-28,
308,PO-2026-000308,53,51,280389,Ordered,Office Supplies,Supply Item 57,1495,2024-04-16,2024-06-05,
309,PO-2026-000309,37,129,106229,Delivered,Packaging,Supply Item 154,1316,2024-02-04,2024-02-12,2024-02-12
310,PO-2026-000310,16,363,67902,Pending Approval,Industrial Equipment,Supply Item 169,1574,2024-03-29,2024-05-13,
311,PO-2026-000311,83,290,426108,Completed,IT Services,Supply Item 120,1362,2024-07-08,2024-07-22,2024-07-22
312,PO-2026-000312,10,328,242735,Cancelled,Industrial Equipment,Supply Item 178,1860,2026-08-02,2026-08-26,
313,PO-2026-000313,86,395,408764,Pending Approval,Electronics,Supply Item 71,1601,2024-11-27,2024-12-20,
314,PO-2026-000314,8,196,208733,Approved,IT Services,Supply Item 46,912,2024-12-06,2024-12-16,
315,PO-2026-000315,9,252,110208,Pending Approval,Maintenance Services,Supply Item 28,304,2025-09-16,2025-10-18,
316,PO-2026-000316,70,394,231101,Completed,Maintenance Services,Supply Item 184,540,2024-08-11,2024-09-26,2024-09-26
317,PO-2026-000317,14,18,43230,Completed,Maintenance Services,Supply Item 5,1846,2024-03-13,2024-04-25,2024-04-25
318,PO-2026-000318,64,77,347289,Draft,Industrial Equipment,Supply Item 69,320,2025-10-17,2025-10-24,
319,PO-2026-000319,90,169,210169,Delivered,Maintenance Services,Supply Item 123,903,2025-08-11,2025-08-18,2025-08-21
320,PO-2026-000320,52,433,386559,Cancelled,Electronics,Supply Item 139,472,2026-03-10,2026-05-07,
321,PO-2026-000321,1,197,366371,Ordered,Electronics,Supply Item 146,1106,2026-04-17,2026-06-12,
322,PO-2026-000322,46,171,362478,Draft,Electronics,Supply Item 94,1104,2024-11-06,2024-12-08,
323,PO-2026-000323,44,42,446021,Cancelled,IT Services,Supply Item 166,425,2025-04-15,2025-06-09,
324,PO-2026-000324,23,284,25620,Pending Approval,IT Services,Supply Item 179,808,2025-01-28,2025-03-18,
325,PO-2026-000325,14,323,366151,Draft,Maintenance Services,Supply Item 189,398,2025-01-02,2025-02-09,
326,PO-2026-000326,18,19,106236,Delivered,Industrial Equipment,Supply Item 17,1633,2024-01-26,2024-03-19,2024-03-19
327,PO-2026-000327,70,330,166339,Cancelled,Maintenance Services,Supply Item 5,85,2025-05-26,2025-07-06,
328,PO-2026-000328,44,29,182061,Draft,Industrial Equipment,Supply Item 31,443,2026-03-17,2026-05-09,
329,PO-2026-000329,84,342,279265,Cancelled,Logistics,Supply Item 190,1196,2025-04-14,2025-06-03,
330,PO-2026-000330,30,474,42766,Pending Approval,Maintenance Services,Supply Item 168,49,2024-02-07,2024-04-01,
331,PO-2026-000331,61,465,329205,Completed,Raw Materials,Supply Item 45,1305,2024-02-16,2024-03-09,2024-03-10
332,PO-2026-000332,7,464,166133,Draft,Maintenance Services,Supply Item 157,359,2026-04-20,2026-06-16,
333,PO-2026-000333,76,33,433762,Draft,Maintenance Services,Supply Item 153,1646,2026-04-17,2026-04-30,
334,PO-2026-000334,79,113,38087,Ordered,Office Supplies,Supply Item 189,1399,2026-04-03,2026-04-22,
335,PO-2026-000335,52,167,68335,Delivered,Packaging,Supply Item 196,103,2025-12-01,2026-01-13,2026-01-13
336,PO-2026-000336,76,89,180900,Approved,Logistics,Supply Item 194,860,2024-03-05,2024-03-19,
337,PO-2026-000337,22,357,198948,Ordered,Packaging,Supply Item 149,93,2025-07-20,2025-08-06,
338,PO-2026-000338,18,52,419739,Delivered,Logistics,Supply Item 5,1811,2026-05-17,2026-07-03,2026-07-03
339,PO-2026-000339,63,42,8329,Draft,IT Services,Supply Item 107,1430,2024-01-08,2024-01-26,
340,PO-2026-000340,99,244,367995,Pending Approval,IT Services,Supply Item 134,932,2024-05-09,2024-05-29,
341,PO-2026-000341,53,123,96513,Draft,Logistics,Supply Item 184,1033,2025-09-17,2025-11-07,
342,PO-2026-000342,79,487,51148,Cancelled,IT Services,Supply Item 90,867,2025-10-04,2025-12-02,
343,PO-2026-000343,1,286,128542,Delivered,Office Supplies,Supply Item 195,1115,2024-07-15,2024-07-29,2024-08-12
344,PO-2026-000344,65,113,248382,Completed,Raw Materials,Supply Item 50,240,2026-02-27,2026-04-15,2026-04-15
345,PO-2026-000345,20,351,447384,Ordered,Logistics,Supply Item 41,1382,2026-07-22,2026-08-28,
346,PO-2026-000346,6,28,343092,Pending Approval,Industrial Equipment,Supply Item 65,694,2025-01-07,2025-02-01,
347,PO-2026-000347,79,413,402624,Draft,Raw Materials,Supply Item 138,370,2025-04-09,2025-04-18,
348,PO-2026-000348,21,403,20238,Draft,Electronics,Supply Item 61,1487,2025-05-11,2025-06-19,
349,PO-2026-000349,57,304,308962,Pending Approval,Office Supplies,Supply Item 59,1605,2024-11-29,2025-01-01,
350,PO-2026-000350,15,167,124423,Completed,Packaging,Supply Item 97,1835,2024-04-10,2024-05-02,2024-05-02
351,PO-2026-000351,29,38,251934,Draft,Industrial Equipment,Supply Item 38,452,2025-08-22,2025-09-29,
352,PO-2026-000352,79,233,98355,Pending Approval,Maintenance Services,Supply Item 185,407,2025-01-31,2025-03-02,
353,PO-2026-000353,81,184,146397,Pending Approval,Raw Materials,Supply Item 178,1174,2024-07-26,2024-08-23,
354,PO-2026-000354,8,144,76566,Ordered,Industrial Equipment,Supply Item 44,1567,2024-04-23,2024-05-29,
355,PO-2026-000355,44,113,159749,Cancelled,Logistics,Supply Item 148,1996,2025-09-10,2025-09-27,
356,PO-2026-000356,71,438,125430,Cancelled,Maintenance Services,Supply Item 56,1221,2024-03-29,2024-05-01,
357,PO-2026-000357,61,429,247621,Completed,Packaging,Supply Item 64,680,2024-10-12,2024-10-19,2024-10-19
358,PO-2026-000358,56,297,121605,Pending Approval,Raw Materials,Supply Item 107,100,2026-07-02,2026-08-15,
359,PO-2026-000359,6,241,389552,Draft,Industrial Equipment,Supply Item 136,817,2026-02-26,2026-04-06,
360,PO-2026-000360,62,415,423391,Draft,Maintenance Services,Supply Item 127,502,2025-12-14,2026-02-11,
361,PO-2026-000361,11,286,399830,Completed,Packaging,Supply Item 34,744,2024-01-13,2024-03-04,2024-03-04
362,PO-2026-000362,38,123,344549,Ordered,IT Services,Supply Item 42,1450,2024-04-02,2024-04-10,
363,PO-2026-000363,59,440,304043,Draft,Maintenance Services,Supply Item 119,1590,2026-02-04,2026-03-20,
364,PO-2026-000364,18,448,373645,Cancelled,Office Supplies,Supply Item 161,960,2025-02-19,2025-03-09,
365,PO-2026-000365,91,325,5714,Draft,Industrial Equipment,Supply Item 177,691,2026-05-31,2026-07-17,
366,PO-2026-000366,68,17,160498,Approved,Packaging,Supply Item 176,175,2025-03-12,2025-05-06,
367,PO-2026-000367,80,451,181000,Delivered,Office Supplies,Supply Item 14,237,2026-01-23,2026-02-02,2026-02-16
368,PO-2026-000368,50,188,248978,Approved,Office Supplies,Supply Item 45,1337,2025-09-25,2025-10-04,
369,PO-2026-000369,72,361,40130,Cancelled,Packaging,Supply Item 36,695,2025-07-28,2025-09-18,
370,PO-2026-000370,31,277,64536,Completed,Packaging,Supply Item 193,1535,2025-10-26,2025-12-02,2025-12-16
371,PO-2026-000371,98,116,173015,Delivered,IT Services,Supply Item 14,139,2024-12-27,2025-01-20,2025-01-21
372,PO-2026-000372,48,177,242193,Delivered,Maintenance Services,Supply Item 182,1099,2025-05-12,2025-06-20,2025-06-27
373,PO-2026-000373,87,423,284369,Ordered,Office Supplies,Supply Item 173,1946,2026-07-10,2026-08-04,
374,PO-2026-000374,89,415,39407,Draft,Electronics,Supply Item 101,1848,2024-07-11,2024-08-16,
375,PO-2026-000375,23,148,45342,Approved,Electronics,Supply Item 179,313,2024-04-21,2024-05-08,
376,PO-2026-000376,64,78,112089,Draft,IT Services,Supply Item 107,1995,2025-06-17,2025-08-03,
377,PO-2026-000377,88,278,74220,Ordered,Maintenance Services,Supply Item 189,1330,2025-04-30,2025-05-29,
378,PO-2026-000378,3,150,104122,Cancelled,Packaging,Supply Item 134,1330,2024-03-05,2024-03-13,
379,PO-2026-000379,43,211,308407,Completed,Maintenance Services,Supply Item 152,1373,2024-12-17,2025-02-03,2025-02-06
380,PO-2026-000380,90,272,446402,Ordered,IT Services,Supply Item 146,280,2025-07-15,2025-08-19,
381,PO-2026-000381,40,88,418803,Ordered,Office Supplies,Supply Item 74,1586,2024-09-23,2024-10-14,
382,PO-2026-000382,7,76,190137,Pending Approval,Logistics,Supply Item 183,1106,2024-10-18,2024-11-23,
383,PO-2026-000383,37,94,96938,Completed,Logistics,Supply Item 42,497,2026-05-09,2026-06-30,2026-07-07
384,PO-2026-000384,15,22,171003,Ordered,IT Services,Supply Item 95,387,2025-08-11,2025-08-26,
385,PO-2026-000385,27,288,375742,Approved,Office Supplies,Supply Item 38,773,2024-02-05,2024-03-25,
386,PO-2026-000386,58,277,90247,Draft,Raw Materials,Supply Item 104,1916,2025-06-30,2025-07-26,
387,PO-2026-000387,64,394,81223,Approved,Logistics,Supply Item 2,1996,2026-08-28,2026-10-03,
388,PO-2026-000388,95,280,271028,Completed,IT Services,Supply Item 194,1184,2024-12-05,2025-01-22,2025-01-22
389,PO-2026-000389,86,76,424208,Ordered,Office Supplies,Supply Item 177,240,2025-08-01,2025-09-23,
390,PO-2026-000390,94,246,26013,Delivered,Raw Materials,Supply Item 103,1274,2024-05-22,2024-07-11,2024-07-11
391,PO-2026-000391,29,229,192377,Draft,Packaging,Supply Item 150,1088,2024-04-04,2024-05-01,
392,PO-2026-000392,29,401,407178,Draft,Electronics,Supply Item 138,1749,2024-10-11,2024-10-30,
393,PO-2026-000393,58,347,357089,Ordered,Packaging,Supply Item 126,660,2024-03-30,2024-05-08,
394,PO-2026-000394,78,310,273202,Completed,Logistics,Supply Item 184,1758,2026-08-24,2026-09-03,2026-09-03
395,PO-2026-000395,55,190,207434,Approved,Office Supplies,Supply Item 90,640,2025-01-16,2025-01-23,
396,PO-2026-000396,58,448,299142,Completed,Industrial Equipment,Supply Item 114,601,2024-03-30,2024-04-19,2024-04-26
397,PO-2026-000397,21,413,386682,Completed,Logistics,Supply Item 151,1234,2026-07-08,2026-08-11,2026-08-18
398,PO-2026-000398,12,74,113938,Cancelled,Office Supplies,Supply Item 17,1921,2024-11-06,2024-12-13,
399,PO-2026-000399,76,388,202012,Ordered,IT Services,Supply Item 107,368,2024-03-31,2024-04-07,
400,PO-2026-000400,72,237,377373,Pending Approval,Packaging,Supply Item 48,1714,2025-08-04,2025-09-28,
401,PO-2026-000401,49,149,295385,Cancelled,IT Services,Supply Item 150,632,2025-05-17,2025-05-26,
402,PO-2026-000402,64,287,392897,Draft,Raw Materials,Supply Item 40,547,2025-04-19,2025-05-10,
403,PO-2026-000403,39,490,340835,Ordered,Electronics,Supply Item 168,1373,2026-05-04,2026-06-20,
404,PO-2026-000404,37,214,99042,Completed,Electronics,Supply Item 196,577,2025-05-18,2025-07-08,2025-07-08
405,PO-2026-000405,64,497,39983,Approved,Maintenance Services,Supply Item 145,903,2025-09-05,2025-10-29,
406,PO-2026-000406,34,322,364615,Cancelled,Electronics,Supply Item 96,1059,2025-05-02,2025-06-22,
407,PO-2026-000407,94,295,14198,Pending Approval,Raw Materials,Supply Item 38,664,2026-05-15,2026-06-07,
408,PO-2026-000408,60,450,368479,Pending Approval,Raw Materials,Supply Item 70,749,2024-05-18,2024-06-16,
409,PO-2026-000409,54,326,191638,Approved,Electronics,Supply Item 132,406,2024-02-19,2024-03-15,
410,PO-2026-000410,99,322,101074,Delivered,Office Supplies,Supply Item 81,1703,2026-02-22,2026-03-07,2026-03-10
411,PO-2026-000411,88,410,162848,Completed,Electronics,Supply Item 137,1197,2024-10-04,2024-11-23,2024-11-24
412,PO-2026-000412,46,422,80349,Delivered,Maintenance Services,Supply Item 106,706,2024-01-14,2024-01-29,2024-01-29
413,PO-2026-000413,21,53,119229,Pending Approval,Packaging,Supply Item 144,1266,2024-06-07,2024-07-16,
414,PO-2026-000414,89,426,280593,Completed,Electronics,Supply Item 107,953,2026-05-16,2026-06-26,2026-06-27
415,PO-2026-000415,10,60,434310,Ordered,Office Supplies,Supply Item 80,1425,2024-05-14,2024-05-22,
416,PO-2026-000416,47,72,433363,Delivered,Office Supplies,Supply Item 45,1463,2025-03-28,2025-05-12,2025-05-15
417,PO-2026-000417,39,15,395311,Pending Approval,Logistics,Supply Item 178,301,2026-04-14,2026-04-28,
418,PO-2026-000418,89,117,166180,Pending Approval,Electronics,Supply Item 109,1424,2024-05-08,2024-05-28,
419,PO-2026-000419,98,402,63574,Cancelled,Maintenance Services,Supply Item 194,893,2024-03-20,2024-03-28,
420,PO-2026-000420,6,101,61527,Completed,Raw Materials,Supply Item 121,253,2024-02-03,2024-03-31,2024-03-31
421,PO-2026-000421,33,23,39732,Draft,Electronics,Supply Item 32,1894,2024-11-04,2024-12-23,
422,PO-2026-000422,78,106,313073,Pending Approval,Office Supplies,Supply Item 8,195,2026-07-11,2026-07-30,
423,PO-2026-000423,19,434,396222,Delivered,Logistics,Supply Item 129,1609,2026-08-22,2026-09-15,2026-09-15
424,PO-2026-000424,94,314,131784,Draft,Electronics,Supply Item 149,1573,2025-06-01,2025-07-14,
425,PO-2026-000425,2,271,118769,Approved,Logistics,Supply Item 194,1110,2026-01-02,2026-01-21,
426,PO-2026-000426,1,499,385291,Delivered,Maintenance Services,Supply Item 94,1439,2024-04-11,2024-05-01,2024-05-08
427,PO-2026-000427,76,95,235511,Pending Approval,Office Supplies,Supply Item 98,878,2025-11-20,2025-12-03,
428,PO-2026-000428,28,264,124303,Cancelled,Office Supplies,Supply Item 32,964,2025-02-21,2025-03-07,
429,PO-2026-000429,15,267,76257,Approved,IT Services,Supply Item 143,1488,2025-05-22,2025-07-16,
430,PO-2026-000430,6,43,177026,Ordered,IT Services,Supply Item 117,1239,2025-05-20,2025-06-03,
431,PO-2026-000431,95,160,365210,Pending Approval,Industrial Equipment,Supply Item 75,1761,2026-05-11,2026-06-15,
432,PO-2026-000432,55,97,41495,Cancelled,Maintenance Services,Supply Item 174,762,2026-07-05,2026-09-03,
433,PO-2026-000433,23,7,358453,Draft,Industrial Equipment,Supply Item 113,1080,2025-05-18,2025-07-07,
434,PO-2026-000434,85,347,49567,Ordered,Industrial Equipment,Supply Item 178,1219,2024-05-02,2024-05-18,
435,PO-2026-000435,14,380,93459,Pending Approval,Office Supplies,Supply Item 52,1228,2024-03-07,2024-04-06,
436,PO-2026-000436,52,63,127090,Completed,IT Services,Supply Item 194,1626,2026-05-08,2026-06-11,2026-06-11
437,PO-2026-000437,83,483,214838,Completed,Industrial Equipment,Supply Item 125,1057,2024-12-30,2025-02-05,2025-02-06
438,PO-2026-000438,36,76,407652,Draft,IT Services,Supply Item 126,1028,2025-04-10,2025-04-23,
439,PO-2026-000439,30,322,75573,Completed,Electronics,Supply Item 128,1398,2024-01-31,2024-02-13,2024-02-13
440,PO-2026-000440,4,498,98897,Completed,IT Services,Supply Item 160,1286,2025-01-26,2025-03-12,2025-03-12
441,PO-2026-000441,13,390,45117,Delivered,Maintenance Services,Supply Item 52,611,2025-11-07,2026-01-01,2026-01-04
442,PO-2026-000442,85,255,262032,Delivered,Raw Materials,Supply Item 196,74,2025-05-31,2025-06-23,2025-06-23
443,PO-2026-000443,56,451,67460,Approved,Industrial Equipment,Supply Item 114,951,2025-01-27,2025-03-03,
444,PO-2026-000444,5,17,97730,Cancelled,IT Services,Supply Item 181,346,2025-07-24,2025-09-11,
445,PO-2026-000445,63,221,75510,Ordered,Maintenance Services,Supply Item 196,234,2024-11-15,2025-01-06,
446,PO-2026-000446,73,346,262191,Completed,Maintenance Services,Supply Item 122,1161,2025-11-06,2025-12-18,2025-12-18
447,PO-2026-000447,21,260,34222,Ordered,Industrial Equipment,Supply Item 158,1395,2025-02-04,2025-02-27,
448,PO-2026-000448,46,393,154127,Draft,Raw Materials,Supply Item 33,1724,2024-11-24,2024-12-04,
449,PO-2026-000449,47,179,429439,Draft,Office Supplies,Supply Item 98,209,2026-01-29,2026-03-14,
450,PO-2026-000450,55,177,192362,Draft,Packaging,Supply Item 64,490,2025-02-25,2025-03-26,
451,PO-2026-000451,83,160,315657,Draft,IT Services,Supply Item 30,701,2024-03-27,2024-05-17,
452,PO-2026-000452,22,11,287285,Ordered,Industrial Equipment,Supply Item 146,1064,2024-11-29,2024-12-08,
453,PO-2026-000453,54,137,15696,Delivered,Office Supplies,Supply Item 97,1178,2025-12-13,2026-01-19,2026-01-19
454,PO-2026-000454,50,166,305175,Ordered,Electronics,Supply Item 177,1392,2024-04-10,2024-06-07,
455,PO-2026-000455,27,173,265430,Cancelled,Office Supplies,Supply Item 43,1269,2025-05-29,2025-07-26,
456,PO-2026-000456,39,187,233584,Completed,Electronics,Supply Item 138,448,2024-07-25,2024-09-01,2024-09-08
457,PO-2026-000457,37,136,29920,Ordered,Packaging,Supply Item 160,1531,2024-10-31,2024-12-13,
458,PO-2026-000458,12,368,447597,Delivered,Electronics,Supply Item 146,1650,2025-08-15,2025-08-28,2025-08-28
459,PO-2026-000459,68,244,228926,Cancelled,Electronics,Supply Item 167,1697,2024-08-02,2024-08-31,
460,PO-2026-000460,39,259,426593,Completed,Packaging,Supply Item 107,833,2024-11-03,2024-12-07,2024-12-07
461,PO-2026-000461,33,320,275201,Cancelled,Logistics,Supply Item 5,1295,2025-04-09,2025-05-28,
462,PO-2026-000462,91,265,102800,Pending Approval,Maintenance Services,Supply Item 69,1929,2025-08-13,2025-09-20,
463,PO-2026-000463,82,273,429114,Ordered,Raw Materials,Supply Item 134,420,2025-09-21,2025-11-16,
464,PO-2026-000464,47,237,82460,Completed,IT Services,Supply Item 112,850,2024-09-03,2024-09-19,2024-09-20
465,PO-2026-000465,41,441,440271,Completed,Industrial Equipment,Supply Item 69,1696,2026-07-22,2026-08-02,2026-08-02
466,PO-2026-000466,37,331,89192,Delivered,Packaging,Supply Item 30,317,2024-09-19,2024-11-08,2024-11-08
467,PO-2026-000467,25,15,133758,Approved,Maintenance Services,Supply Item 125,1156,2026-03-27,2026-05-25,
468,PO-2026-000468,56,217,344173,Pending Approval,Logistics,Supply Item 70,289,2026-07-16,2026-07-25,
469,PO-2026-000469,4,133,419014,Completed,Raw Materials,Supply Item 185,1005,2026-04-02,2026-04-26,2026-04-27
470,PO-2026-000470,3,29,49003,Approved,Electronics,Supply Item 105,1846,2024-11-17,2025-01-01,
471,PO-2026-000471,47,344,349682,Ordered,Logistics,Supply Item 61,239,2026-06-25,2026-07-07,
472,PO-2026-000472,74,377,267274,Delivered,IT Services,Supply Item 128,1821,2026-08-13,2026-08-27,2026-08-28
473,PO-2026-000473,12,122,319479,Cancelled,Office Supplies,Supply Item 85,1714,2024-05-05,2024-06-30,
474,PO-2026-000474,75,378,209446,Completed,Industrial Equipment,Supply Item 56,305,2026-04-05,2026-05-29,2026-05-29
475,PO-2026-000475,14,90,117254,Ordered,IT Services,Supply Item 151,124,2024-10-08,2024-11-12,
476,PO-2026-000476,63,274,201453,Approved,Industrial Equipment,Supply Item 122,1408,2025-12-17,2025-12-31,
477,PO-2026-000477,32,494,150612,Pending Approval,Office Supplies,Supply Item 122,1475,2026-06-19,2026-08-15,
478,PO-2026-000478,48,421,166570,Delivered,Raw Materials,Supply Item 177,1888,2024-01-22,2024-03-10,2024-03-10
479,PO-2026-000479,86,123,137635,Approved,Office Supplies,Supply Item 176,259,2025-07-19,2025-08-19,
480,PO-2026-000480,69,444,128932,Ordered,Raw Materials,Supply Item 101,1909,2026-05-28,2026-07-02,
481,PO-2026-000481,33,155,52317,Cancelled,Packaging,Supply Item 77,440,2026-08-16,2026-10-14,
482,PO-2026-000482,21,469,235081,Cancelled,Industrial Equipment,Supply Item 9,571,2025-10-08,2025-11-04,
483,PO-2026-000483,11,422,413659,Ordered,Industrial Equipment,Supply Item 86,1479,2026-08-21,2026-09-28,
484,PO-2026-000484,55,449,435042,Pending Approval,IT Services,Supply Item 130,145,2024-04-12,2024-06-10,
485,PO-2026-000485,46,216,320682,Delivered,Maintenance Services,Supply Item 178,66,2026-01-16,2026-03-16,2026-03-19
486,PO-2026-000486,98,27,341264,Completed,Logistics,Supply Item 1,830,2025-10-18,2025-11-05,2025-11-05
487,PO-2026-000487,26,322,165194,Draft,Electronics,Supply Item 41,521,2024-11-17,2024-12-30,
488,PO-2026-000488,67,366,407447,Cancelled,Logistics,Supply Item 153,1414,2026-04-30,2026-06-17,
489,PO-2026-000489,53,406,172457,Cancelled,Logistics,Supply Item 67,365,2025-04-07,2025-05-14,
490,PO-2026-000490,88,304,438464,Approved,Packaging,Supply Item 22,858,2024-12-01,2025-01-28,
491,PO-2026-000491,48,94,211304,Cancelled,Packaging,Supply Item 6,1951,2026-06-16,2026-07-17,
492,PO-2026-000492,3,473,297830,Completed,Electronics,Supply Item 119,416,2025-10-24,2025-12-09,2025-12-09
493,PO-2026-000493,34,360,93476,Delivered,IT Services,Supply Item 39,192,2024-02-20,2024-03-23,2024-03-23
494,PO-2026-000494,48,88,302398,Completed,Maintenance Services,Supply Item 173,1022,2024-04-30,2024-05-07,2024-05-07
495,PO-2026-000495,16,115,379112,Cancelled,IT Services,Supply Item 74,1538,2024-07-27,2024-08-15,
496,PO-2026-000496,64,196,73261,Delivered,IT Services,Supply Item 187,1396,2025-03-17,2025-04-06,2025-04-06
497,PO-2026-000497,25,215,99565,Pending Approval,Raw Materials,Supply Item 75,546,2025-02-22,2025-04-20,
498,PO-2026-000498,31,317,241441,Approved,Maintenance Services,Supply Item 22,31,2026-07-18,2026-08-09,
499,PO-2026-000499,61,69,174473,Completed,Industrial Equipment,Supply Item 182,876,2025-12-10,2026-01-11,2026-01-11
500,PO-2026-000500,95,306,139336,Delivered,Office Supplies,Supply Item 61,974,2024-03-15,2024-03-28,2024-03-28
501,PO-2026-000501,46,311,356687,Completed,Raw Materials,Supply Item 2,529,2026-04-01,2026-05-16,2026-05-19
502,PO-2026-000502,65,318,204721,Completed,Raw Materials,Supply Item 149,377,2024-11-05,2024-12-07,2024-12-07
503,PO-2026-000503,34,87,269108,Ordered,Logistics,Supply Item 23,659,2025-05-19,2025-06-16,
504,PO-2026-000504,91,272,231979,Draft,Office Supplies,Supply Item 12,271,2024-05-25,2024-06-17,
505,PO-2026-000505,64,447,442677,Approved,Industrial Equipment,Supply Item 73,1858,2024-10-14,2024-12-07,
506,PO-2026-000506,34,314,439943,Delivered,Logistics,Supply Item 81,1519,2026-02-18,2026-03-13,2026-03-13
507,PO-2026-000507,63,392,84306,Completed,Raw Materials,Supply Item 49,314,2025-07-23,2025-09-10,2025-09-13
508,PO-2026-000508,7,118,101018,Approved,Logistics,Supply Item 181,966,2024-02-06,2024-03-14,
509,PO-2026-000509,56,60,264475,Approved,Maintenance Services,Supply Item 118,1019,2024-02-11,2024-03-17,
510,PO-2026-000510,15,434,382363,Draft,Office Supplies,Supply Item 24,427,2026-06-06,2026-06-22,
511,PO-2026-000511,37,93,442756,Delivered,Packaging,Supply Item 150,1999,2024-06-21,2024-08-14,2024-08-21
512,PO-2026-000512,1,270,407049,Ordered,Electronics,Supply Item 64,1583,2025-08-07,2025-08-25,
513,PO-2026-000513,64,347,54443,Draft,IT Services,Supply Item 175,1403,2026-06-27,2026-07-25,
514,PO-2026-000514,16,202,200852,Cancelled,Office Supplies,Supply Item 40,69,2025-08-27,2025-09-09,
515,PO-2026-000515,11,236,440525,Ordered,Maintenance Services,Supply Item 161,1966,2025-12-25,2026-02-12,
516,PO-2026-000516,35,305,349984,Draft,Maintenance Services,Supply Item 84,1950,2024-01-06,2024-02-03,
517,PO-2026-000517,94,376,422875,Pending Approval,Raw Materials,Supply Item 165,589,2025-08-05,2025-08-20,
518,PO-2026-000518,42,409,34116,Delivered,Industrial Equipment,Supply Item 24,826,2026-01-31,2026-02-11,2026-02-25
519,PO-2026-000519,33,92,130871,Draft,Raw Materials,Supply Item 54,343,2026-02-28,2026-04-01,
520,PO-2026-000520,50,400,215971,Cancelled,Logistics,Supply Item 31,621,2024-10-18,2024-12-05,
521,PO-2026-000521,63,411,231680,Approved,Logistics,Supply Item 92,1372,2026-01-23,2026-03-22,
522,PO-2026-000522,13,427,197653,Ordered,Maintenance Services,Supply Item 100,985,2025-06-08,2025-06-27,
523,PO-2026-000523,35,289,319751,Cancelled,Industrial Equipment,Supply Item 95,1267,2025-03-09,2025-03-21,
524,PO-2026-000524,24,223,335661,Draft,Office Supplies,Supply Item 119,1395,2025-03-12,2025-03-24,
525,PO-2026-000525,29,332,364785,Ordered,Electronics,Supply Item 75,968,2025-12-31,2026-01-16,
526,PO-2026-000526,56,41,425240,Pending Approval,Logistics,Supply Item 176,1859,2025-05-04,2025-05-30,
527,PO-2026-000527,39,431,135366,Approved,Raw Materials,Supply Item 142,166,2025-06-19,2025-07-23,
528,PO-2026-000528,6,263,61430,Ordered,Electronics,Supply Item 119,1363,2025-06-06,2025-07-10,
529,PO-2026-000529,93,292,431154,Approved,Electronics,Supply Item 197,1041,2024-09-16,2024-10-15,
530,PO-2026-000530,3,59,393243,Pending Approval,Logistics,Supply Item 101,102,2025-11-08,2025-12-14,
531,PO-2026-000531,11,214,374297,Delivered,Maintenance Services,Supply Item 160,1664,2024-10-31,2024-11-27,2024-11-30
532,PO-2026-000532,34,175,429676,Pending Approval,Electronics,Supply Item 192,1247,2024-07-10,2024-07-30,
533,PO-2026-000533,34,447,358060,Delivered,Industrial Equipment,Supply Item 30,37,2024-04-18,2024-05-22,2024-05-22
534,PO-2026-000534,22,336,255148,Ordered,Maintenance Services,Supply Item 78,1276,2025-04-16,2025-06-06,
535,PO-2026-000535,79,185,367105,Completed,IT Services,Supply Item 23,266,2025-11-20,2026-01-10,2026-01-10
536,PO-2026-000536,18,8,105035,Draft,Packaging,Supply Item 7,438,2024-04-24,2024-06-22,
537,PO-2026-000537,62,333,81102,Ordered,Packaging,Supply Item 23,626,2025-10-27,2025-11-18,
538,PO-2026-000538,99,238,82681,Draft,Electronics,Supply Item 43,1858,2025-04-30,2025-06-03,
539,PO-2026-000539,20,379,373363,Ordered,Raw Materials,Supply Item 116,1208,2025-03-31,2025-05-08,
540,PO-2026-000540,32,104,159576,Cancelled,Industrial Equipment,Supply Item 14,693,2025-08-06,2025-10-05,
541,PO-2026-000541,2,53,335516,Ordered,Industrial Equipment,Supply Item 127,1519,2026-05-17,2026-07-08,
542,PO-2026-000542,75,306,388295,Draft,Maintenance Services,Supply Item 103,1005,2025-07-21,2025-08-15,
543,PO-2026-000543,66,303,384906,Cancelled,Maintenance Services,Supply Item 60,1472,2025-09-18,2025-11-07,
544,PO-2026-000544,8,271,14971,Approved,Electronics,Supply Item 69,1838,2025-03-08,2025-04-20,
545,PO-2026-000545,83,214,253165,Delivered,Office Supplies,Supply Item 115,1438,2024-04-29,2024-06-06,2024-06-20
546,PO-2026-000546,56,11,89585,Pending Approval,Maintenance Services,Supply Item 89,907,2024-10-21,2024-12-13,
547,PO-2026-000547,30,260,120187,Approved,Maintenance Services,Supply Item 34,1818,2025-08-24,2025-10-13,
548,PO-2026-000548,38,371,377970,Cancelled,Office Supplies,Supply Item 121,1647,2025-02-03,2025-03-08,
549,PO-2026-000549,21,319,113636,Completed,Maintenance Services,Supply Item 34,364,2024-10-16,2024-12-06,2024-12-06
550,PO-2026-000550,26,81,322586,Cancelled,Industrial Equipment,Supply Item 127,631,2025-05-18,2025-05-31,
551,PO-2026-000551,31,108,296939,Approved,IT Services,Supply Item 92,1396,2024-02-18,2024-02-26,
552,PO-2026-000552,21,90,439083,Draft,Electronics,Supply Item 87,891,2026-05-30,2026-07-08,
553,PO-2026-000553,15,317,123850,Pending Approval,Maintenance Services,Supply Item 67,706,2024-05-03,2024-06-14,
554,PO-2026-000554,46,394,29471,Approved,Logistics,Supply Item 177,1799,2026-02-27,2026-04-10,
555,PO-2026-000555,66,310,356003,Draft,Maintenance Services,Supply Item 118,1981,2024-04-16,2024-06-07,
556,PO-2026-000556,97,57,60517,Delivered,Electronics,Supply Item 144,95,2026-03-11,2026-04-26,2026-04-29
557,PO-2026-000557,65,54,92580,Cancelled,Packaging,Supply Item 93,331,2025-10-07,2025-10-21,
558,PO-2026-000558,94,150,376281,Delivered,Electronics,Supply Item 40,1335,2025-03-28,2025-05-22,2025-05-22
559,PO-2026-000559,47,172,434476,Cancelled,Packaging,Supply Item 113,1995,2024-05-21,2024-06-04,
560,PO-2026-000560,54,394,408194,Cancelled,Maintenance Services,Supply Item 88,597,2024-01-07,2024-01-29,
561,PO-2026-000561,65,88,49687,Completed,Office Supplies,Supply Item 162,1371,2024-09-29,2024-10-29,2024-11-01
562,PO-2026-000562,32,78,399897,Ordered,Packaging,Supply Item 36,1652,2026-02-10,2026-03-22,
563,PO-2026-000563,55,212,219595,Cancelled,Office Supplies,Supply Item 8,916,2026-07-08,2026-08-13,
564,PO-2026-000564,19,395,10215,Delivered,Electronics,Supply Item 87,654,2026-01-04,2026-03-03,2026-03-17
565,PO-2026-000565,52,396,91153,Ordered,Raw Materials,Supply Item 170,1899,2025-03-20,2025-03-30,
566,PO-2026-000566,83,78,306233,Completed,IT Services,Supply Item 108,833,2024-02-29,2024-04-16,2024-04-19
567,PO-2026-000567,88,359,295251,Completed,Office Supplies,Supply Item 3,1703,2026-06-13,2026-07-09,2026-07-12
568,PO-2026-000568,36,461,281714,Completed,Packaging,Supply Item 140,1288,2025-09-17,2025-10-03,2025-10-03
569,PO-2026-000569,80,334,236810,Cancelled,Industrial Equipment,Supply Item 199,414,2025-12-15,2026-01-13,
570,PO-2026-000570,39,44,24383,Ordered,Logistics,Supply Item 134,1117,2025-07-04,2025-08-01,
571,PO-2026-000571,37,110,53664,Approved,Office Supplies,Supply Item 194,1311,2025-06-07,2025-07-19,
572,PO-2026-000572,21,12,19623,Delivered,Packaging,Supply Item 199,632,2026-06-30,2026-08-26,2026-08-27
573,PO-2026-000573,93,217,269909,Draft,Office Supplies,Supply Item 67,1294,2024-04-23,2024-06-15,
574,PO-2026-000574,65,182,69913,Completed,Maintenance Services,Supply Item 77,1182,2024-02-18,2024-04-13,2024-04-27
575,PO-2026-000575,95,3,242579,Cancelled,Packaging,Supply Item 90,622,2024-12-13,2025-01-04,
576,PO-2026-000576,37,342,416455,Delivered,Industrial Equipment,Supply Item 134,1520,2026-04-14,2026-06-05,2026-06-06
577,PO-2026-000577,32,54,176886,Pending Approval,Office Supplies,Supply Item 117,210,2025-06-12,2025-07-26,
578,PO-2026-000578,19,365,228185,Draft,Electronics,Supply Item 16,880,2026-04-28,2026-05-31,
579,PO-2026-000579,17,244,117608,Approved,Industrial Equipment,Supply Item 151,1154,2025-04-01,2025-04-12,
580,PO-2026-000580,67,399,211979,Delivered,Industrial Equipment,Supply Item 113,1421,2026-06-11,2026-07-04,2026-07-04
581,PO-2026-000581,63,375,223587,Pending Approval,Logistics,Supply Item 125,1466,2026-04-23,2026-05-10,
582,PO-2026-000582,59,67,374373,Draft,Packaging,Supply Item 117,979,2025-06-09,2025-07-19,
583,PO-2026-000583,5,383,87229,Approved,Electronics,Supply Item 155,1755,2026-08-24,2026-10-05,
584,PO-2026-000584,53,57,68368,Approved,Raw Materials,Supply Item 134,323,2025-01-13,2025-02-25,
585,PO-2026-000585,16,191,164868,Approved,Maintenance Services,Supply Item 8,1630,2025-01-18,2025-02-13,
586,PO-2026-000586,19,73,415933,Draft,IT Services,Supply Item 73,451,2025-08-26,2025-09-28,
587,PO-2026-000587,24,420,392795,Draft,Office Supplies,Supply Item 18,1792,2025-05-15,2025-05-22,
588,PO-2026-000588,6,214,257275,Delivered,Office Supplies,Supply Item 97,983,2025-08-09,2025-09-04,2025-09-04
589,PO-2026-000589,93,427,322566,Pending Approval,Maintenance Services,Supply Item 195,931,2024-05-15,2024-07-09,
590,PO-2026-000590,86,230,83109,Approved,Electronics,Supply Item 160,1370,2026-06-06,2026-07-29,
591,PO-2026-000591,80,210,208022,Approved,Raw Materials,Supply Item 172,1832,2024-08-26,2024-09-27,
592,PO-2026-000592,57,377,150424,Cancelled,Logistics,Supply Item 182,60,2025-10-23,2025-11-04,
593,PO-2026-000593,74,323,422416,Approved,Electronics,Supply Item 165,1155,2026-03-01,2026-04-22,
594,PO-2026-000594,11,99,329379,Cancelled,Raw Materials,Supply Item 146,1078,2025-07-08,2025-08-20,
595,PO-2026-000595,25,385,254474,Draft,Logistics,Supply Item 5,573,2025-05-29,2025-06-06,
596,PO-2026-000596,27,126,439996,Delivered,Office Supplies,Supply Item 103,1216,2025-12-23,2026-02-21,2026-02-21
597,PO-2026-000597,6,252,17196,Pending Approval,Industrial Equipment,Supply Item 7,1770,2024-12-14,2025-01-17,
598,PO-2026-000598,68,163,205283,Draft,Electronics,Supply Item 139,354,2024-09-20,2024-10-02,
599,PO-2026-000599,37,74,100771,Draft,Logistics,Supply Item 79,1960,2024-09-18,2024-11-13,
600,PO-2026-000600,53,348,93704,Approved,Logistics,Supply Item 7,1470,2024-03-01,2024-04-16,
601,PO-2026-000601,8,153,209440,Pending Approval,Industrial Equipment,Supply Item 83,538,2024-04-11,2024-05-08,
602,PO-2026-000602,49,483,438974,Draft,Packaging,Supply Item 62,1550,2026-07-10,2026-07-24,
603,PO-2026-000603,77,301,128989,Cancelled,Industrial Equipment,Supply Item 30,561,2025-05-19,2025-06-27,
604,PO-2026-000604,8,163,248701,Draft,Maintenance Services,Supply Item 8,844,2025-07-20,2025-08-22,
605,PO-2026-000605,82,120,14763,Delivered,Packaging,Supply Item 196,1146,2024-10-02,2024-11-13,2024-11-14
606,PO-2026-000606,84,403,70835,Ordered,Maintenance Services,Supply Item 22,1743,2024-11-07,2024-12-20,
607,PO-2026-000607,82,257,111670,Approved,Logistics,Supply Item 63,1110,2026-03-12,2026-03-28,
608,PO-2026-000608,55,493,296059,Draft,Maintenance Services,Supply Item 159,602,2025-04-07,2025-04-16,
609,PO-2026-000609,84,498,92756,Ordered,IT Services,Supply Item 154,523,2024-01-01,2024-01-11,
610,PO-2026-000610,88,195,189244,Pending Approval,IT Services,Supply Item 12,340,2026-05-12,2026-06-28,
611,PO-2026-000611,95,274,300216,Draft,Industrial Equipment,Supply Item 179,261,2024-03-12,2024-04-07,
612,PO-2026-000612,18,372,296755,Pending Approval,Office Supplies,Supply Item 175,1946,2024-10-13,2024-11-16,
613,PO-2026-000613,44,326,142028,Ordered,IT Services,Supply Item 63,1366,2026-02-09,2026-04-02,
614,PO-2026-000614,42,175,115427,Approved,Raw Materials,Supply Item 178,283,2025-04-15,2025-05-30,
615,PO-2026-000615,83,473,6073,Draft,Raw Materials,Supply Item 173,365,2025-09-15,2025-10-22,
616,PO-2026-000616,53,285,370161,Cancelled,Industrial Equipment,Supply Item 138,176,2025-12-21,2026-01-28,
617,PO-2026-000617,84,334,45644,Cancelled,Maintenance Services,Supply Item 173,262,2025-07-05,2025-07-13,
618,PO-2026-000618,46,498,431131,Delivered,Logistics,Supply Item 197,1672,2025-01-20,2025-03-20,2025-03-20
619,PO-2026-000619,90,5,70412,Pending Approval,Maintenance Services,Supply Item 3,463,2025-04-18,2025-05-18,
620,PO-2026-000620,96,11,402631,Completed,Electronics,Supply Item 158,1290,2024-10-14,2024-12-03,2024-12-03
621,PO-2026-000621,39,414,381338,Ordered,Office Supplies,Supply Item 10,584,2024-08-14,2024-09-04,
622,PO-2026-000622,64,464,374123,Pending Approval,Raw Materials,Supply Item 51,1691,2025-12-24,2026-02-07,
623,PO-2026-000623,82,203,63167,Delivered,Logistics,Supply Item 142,406,2026-06-09,2026-07-03,2026-07-03
624,PO-2026-000624,85,379,301593,Delivered,Electronics,Supply Item 151,272,2025-11-19,2026-01-08,2026-01-09
625,PO-2026-000625,96,34,71810,Cancelled,Packaging,Supply Item 134,1502,2024-09-22,2024-11-04,
626,PO-2026-000626,36,99,449421,Completed,IT Services,Supply Item 175,1157,2025-11-25,2025-12-03,2025-12-04
627,PO-2026-000627,59,2,228930,Completed,Office Supplies,Supply Item 111,1739,2025-10-18,2025-12-07,2025-12-07
628,PO-2026-000628,53,141,68815,Ordered,Maintenance Services,Supply Item 93,1069,2025-11-27,2026-01-06,
629,PO-2026-000629,98,23,383127,Approved,Industrial Equipment,Supply Item 137,929,2024-08-17,2024-08-27,
630,PO-2026-000630,41,3,210446,Draft,Raw Materials,Supply Item 189,472,2024-07-18,2024-08-15,
631,PO-2026-000631,89,217,44028,Pending Approval,Logistics,Supply Item 85,646,2026-07-28,2026-08-19,
632,PO-2026-000632,9,321,332834,Ordered,Industrial Equipment,Supply Item 7,1223,2024-04-09,2024-04-17,
633,PO-2026-000633,81,479,180270,Pending Approval,Electronics,Supply Item 122,498,2026-05-10,2026-06-02,
634,PO-2026-000634,44,427,33538,Delivered,Electronics,Supply Item 199,1238,2026-04-21,2026-05-19,2026-05-22
635,PO-2026-000635,80,225,405607,Ordered,Electronics,Supply Item 22,134,2024-04-07,2024-05-24,
636,PO-2026-000636,5,194,169248,Draft,Logistics,Supply Item 16,1892,2026-06-30,2026-08-20,
637,PO-2026-000637,57,29,163057,Ordered,Electronics,Supply Item 27,1397,2025-09-17,2025-11-03,
638,PO-2026-000638,8,287,32369,Ordered,Electronics,Supply Item 159,1550,2024-10-28,2024-11-28,
639,PO-2026-000639,53,120,319350,Delivered,Industrial Equipment,Supply Item 119,1638,2026-03-17,2026-05-05,2026-05-05
640,PO-2026-000640,55,451,330169,Approved,Raw Materials,Supply Item 117,1069,2025-09-26,2025-10-09,
641,PO-2026-000641,43,301,105915,Draft,Electronics,Supply Item 152,1626,2024-04-20,2024-05-03,
642,PO-2026-000642,25,464,305528,Delivered,Industrial Equipment,Supply Item 124,1494,2024-05-09,2024-06-25,2024-06-25
643,PO-2026-000643,80,228,102477,Cancelled,Raw Materials,Supply Item 16,271,2024-09-05,2024-09-20,
644,PO-2026-000644,40,300,233509,Cancelled,Office Supplies,Supply Item 80,1205,2025-06-09,2025-07-27,
645,PO-2026-000645,70,398,81349,Approved,Office Supplies,Supply Item 75,765,2024-05-30,2024-07-06,
646,PO-2026-000646,2,266,312463,Pending Approval,Raw Materials,Supply Item 61,1048,2025-11-04,2025-12-24,
647,PO-2026-000647,72,440,33629,Pending Approval,Packaging,Supply Item 164,1870,2025-03-08,2025-04-06,
648,PO-2026-000648,26,403,40863,Completed,Maintenance Services,Supply Item 154,1428,2024-12-15,2025-01-03,2025-01-03
649,PO-2026-000649,43,437,308253,Delivered,Office Supplies,Supply Item 42,224,2025-08-02,2025-08-30,2025-08-30
650,PO-2026-000650,59,449,418763,Ordered,Packaging,Supply Item 1,1318,2026-07-21,2026-07-30,
651,PO-2026-000651,29,355,125729,Pending Approval,Packaging,Supply Item 124,1514,2025-04-22,2025-06-07,
652,PO-2026-000652,99,488,432112,Completed,Industrial Equipment,Supply Item 48,1701,2024-12-05,2025-02-01,2025-02-01
653,PO-2026-000653,1,186,10186,Draft,Electronics,Supply Item 37,605,2024-03-16,2024-04-14,
654,PO-2026-000654,57,100,336001,Approved,Raw Materials,Supply Item 8,417,2025-08-22,2025-10-16,
655,PO-2026-000655,26,146,96302,Completed,Packaging,Supply Item 46,411,2024-08-12,2024-09-04,2024-09-04
656,PO-2026-000656,3,91,446912,Draft,Logistics,Supply Item 98,1351,2024-09-25,2024-10-08,
657,PO-2026-000657,15,174,115224,Pending Approval,Office Supplies,Supply Item 96,1363,2024-11-08,2024-12-14,
658,PO-2026-000658,22,482,281261,Ordered,Electronics,Supply Item 31,305,2026-03-29,2026-05-14,
659,PO-2026-000659,17,407,104426,Ordered,Office Supplies,Supply Item 82,1237,2024-07-15,2024-08-25,
660,PO-2026-000660,55,326,133214,Cancelled,Packaging,Supply Item 138,612,2026-08-01,2026-08-10,
661,PO-2026-000661,20,168,134589,Cancelled,IT Services,Supply Item 33,1753,2024-02-24,2024-04-11,
662,PO-2026-000662,66,496,311227,Pending Approval,Electronics,Supply Item 121,1629,2026-06-26,2026-08-03,
663,PO-2026-000663,85,315,39012,Ordered,Office Supplies,Supply Item 128,1072,2024-06-20,2024-07-29,
664,PO-2026-000664,60,92,173728,Delivered,Maintenance Services,Supply Item 122,559,2025-12-30,2026-01-29,2026-01-30
665,PO-2026-000665,75,206,339551,Delivered,Packaging,Supply Item 57,1842,2026-08-01,2026-09-27,2026-09-28
666,PO-2026-000666,26,232,127885,Approved,Industrial Equipment,Supply Item 97,1180,2025-02-09,2025-03-01,
667,PO-2026-000667,21,479,446676,Delivered,Electronics,Supply Item 76,920,2025-01-18,2025-02-10,2025-02-10
668,PO-2026-000668,67,181,125679,Ordered,Office Supplies,Supply Item 110,933,2025-08-20,2025-08-29,
669,PO-2026-000669,60,222,219409,Ordered,Office Supplies,Supply Item 70,793,2025-01-11,2025-03-10,
670,PO-2026-000670,4,92,236571,Completed,Electronics,Supply Item 76,1735,2024-08-27,2024-09-19,2024-09-19
671,PO-2026-000671,65,263,291603,Cancelled,IT Services,Supply Item 59,211,2025-10-21,2025-11-02,
672,PO-2026-000672,16,37,193867,Pending Approval,Office Supplies,Supply Item 51,1392,2024-02-09,2024-03-21,
673,PO-2026-000673,43,129,163710,Cancelled,IT Services,Supply Item 49,1455,2026-02-02,2026-04-02,
674,PO-2026-000674,78,71,399465,Delivered,Raw Materials,Supply Item 198,623,2026-01-03,2026-02-26,2026-03-05
675,PO-2026-000675,37,422,186735,Ordered,Raw Materials,Supply Item 121,1349,2026-03-12,2026-04-13,
676,PO-2026-000676,66,390,83266,Pending Approval,Packaging,Supply Item 186,1544,2026-06-05,2026-07-07,
677,PO-2026-000677,27,243,127538,Cancelled,Maintenance Services,Supply Item 185,1677,2025-06-12,2025-07-26,
678,PO-2026-000678,60,175,420191,Cancelled,Packaging,Supply Item 110,1587,2024-03-28,2024-04-24,
679,PO-2026-000679,90,214,114882,Cancelled,Raw Materials,Supply Item 96,294,2025-03-25,2025-04-29,
680,PO-2026-000680,74,448,72290,Draft,Maintenance Services,Supply Item 169,1718,2024-11-08,2025-01-01,
681,PO-2026-000681,46,174,123222,Completed,IT Services,Supply Item 84,1212,2025-03-05,2025-04-08,2025-04-11
682,PO-2026-000682,3,291,416753,Pending Approval,Office Supplies,Supply Item 146,1299,2024-02-02,2024-02-17,
683,PO-2026-000683,78,468,323681,Ordered,Packaging,Supply Item 101,140,2025-08-10,2025-09-11,
684,PO-2026-000684,69,198,103743,Approved,Maintenance Services,Supply Item 164,1842,2025-05-01,2025-05-14,
685,PO-2026-000685,39,48,94875,Delivered,Maintenance Services,Supply Item 7,392,2024-04-16,2024-06-05,2024-06-05
686,PO-2026-000686,26,36,207319,Pending Approval,IT Services,Supply Item 169,1083,2024-10-17,2024-11-06,
687,PO-2026-000687,9,233,35122,Draft,Logistics,Supply Item 84,1770,2025-01-12,2025-02-21,
688,PO-2026-000688,53,201,87331,Delivered,Electronics,Supply Item 100,1966,2024-04-23,2024-05-08,2024-05-08
689,PO-2026-000689,27,67,112833,Cancelled,Maintenance Services,Supply Item 41,1246,2024-11-13,2024-12-17,
690,PO-2026-000690,74,481,167693,Delivered,Maintenance Services,Supply Item 71,423,2025-08-24,2025-09-12,2025-09-15
691,PO-2026-000691,1,74,238691,Ordered,Packaging,Supply Item 135,683,2024-03-06,2024-05-04,
692,PO-2026-000692,73,451,262403,Delivered,Electronics,Supply Item 74,1333,2025-04-16,2025-05-22,2025-05-22
693,PO-2026-000693,59,178,372167,Cancelled,IT Services,Supply Item 101,1265,2026-05-12,2026-07-03,
694,PO-2026-000694,23,213,135618,Completed,Industrial Equipment,Supply Item 169,385,2024-07-02,2024-08-17,2024-08-17
695,PO-2026-000695,90,292,55087,Draft,Packaging,Supply Item 41,570,2025-02-06,2025-03-29,
696,PO-2026-000696,81,276,158034,Completed,Packaging,Supply Item 127,852,2025-11-13,2025-11-24,2025-11-27
697,PO-2026-000697,98,284,68559,Cancelled,Electronics,Supply Item 130,1579,2025-01-12,2025-01-23,
698,PO-2026-000698,100,167,220008,Approved,Packaging,Supply Item 130,101,2025-04-06,2025-04-23,
699,PO-2026-000699,60,14,43375,Completed,Industrial Equipment,Supply Item 88,1537,2025-10-16,2025-12-06,2025-12-09
700,PO-2026-000700,52,439,106923,Draft,IT Services,Supply Item 30,1462,2025-02-10,2025-02-19,
701,PO-2026-000701,18,168,356427,Ordered,Maintenance Services,Supply Item 18,179,2026-02-05,2026-03-13,
702,PO-2026-000702,71,337,132031,Pending Approval,Maintenance Services,Supply Item 72,1733,2025-12-31,2026-02-04,
703,PO-2026-000703,21,88,444613,Draft,Logistics,Supply Item 76,264,2024-01-19,2024-03-04,
704,PO-2026-000704,69,380,209917,Completed,IT Services,Supply Item 40,912,2024-06-21,2024-07-02,2024-07-05
705,PO-2026-000705,46,92,118598,Completed,Maintenance Services,Supply Item 179,107,2026-01-01,2026-01-10,2026-01-10
706,PO-2026-000706,82,416,279136,Completed,Electronics,Supply Item 100,1423,2025-10-18,2025-12-06,2025-12-07
707,PO-2026-000707,40,228,32480,Draft,Industrial Equipment,Supply Item 197,423,2025-09-04,2025-09-11,
708,PO-2026-000708,32,192,130063,Draft,Industrial Equipment,Supply Item 8,39,2024-07-23,2024-08-04,
709,PO-2026-000709,44,421,105742,Draft,Packaging,Supply Item 25,1642,2025-11-27,2026-01-15,
710,PO-2026-000710,86,86,384590,Ordered,Electronics,Supply Item 84,670,2024-06-20,2024-06-29,
711,PO-2026-000711,72,321,104377,Delivered,Industrial Equipment,Supply Item 31,485,2025-10-01,2025-10-21,2025-10-21
712,PO-2026-000712,28,55,191948,Draft,Industrial Equipment,Supply Item 168,657,2024-11-27,2024-12-15,
713,PO-2026-000713,2,200,116551,Draft,IT Services,Supply Item 167,1287,2025-04-14,2025-05-05,
714,PO-2026-000714,48,23,40300,Ordered,IT Services,Supply Item 197,1236,2026-06-25,2026-07-15,
715,PO-2026-000715,64,53,378571,Cancelled,Logistics,Supply Item 65,1974,2025-07-03,2025-08-29,
716,PO-2026-000716,13,308,175055,Ordered,Logistics,Supply Item 86,369,2025-10-08,2025-11-28,
717,PO-2026-000717,82,390,365513,Ordered,Electronics,Supply Item 86,46,2024-11-21,2025-01-09,
718,PO-2026-000718,78,467,311727,Delivered,Packaging,Supply Item 129,1213,2025-04-04,2025-05-05,2025-05-06
719,PO-2026-000719,91,7,126952,Cancelled,Electronics,Supply Item 80,494,2024-01-22,2024-03-08,
720,PO-2026-000720,95,220,402014,Draft,Raw Materials,Supply Item 36,777,2024-09-06,2024-10-22,
721,PO-2026-000721,64,152,110912,Pending Approval,Raw Materials,Supply Item 61,1901,2024-06-04,2024-07-05,
722,PO-2026-000722,93,307,237640,Pending Approval,IT Services,Supply Item 82,1328,2026-01-26,2026-02-23,
723,PO-2026-000723,98,21,278087,Completed,Raw Materials,Supply Item 59,1744,2026-03-21,2026-04-23,2026-04-26
724,PO-2026-000724,94,170,184688,Delivered,Packaging,Supply Item 176,1435,2024-09-05,2024-09-25,2024-09-25
725,PO-2026-000725,93,114,323800,Delivered,Maintenance Services,Supply Item 162,22,2026-06-12,2026-07-13,2026-07-13
726,PO-2026-000726,9,446,262762,Draft,Logistics,Supply Item 53,267,2024-03-12,2024-03-31,
727,PO-2026-000727,12,89,315709,Cancelled,Packaging,Supply Item 61,1049,2025-07-16,2025-09-14,
728,PO-2026-000728,11,219,385103,Pending Approval,Packaging,Supply Item 63,878,2025-04-23,2025-05-19,
729,PO-2026-000729,23,311,135531,Delivered,Packaging,Supply Item 70,1776,2024-11-06,2024-12-01,2024-12-01
730,PO-2026-000730,62,41,193524,Pending Approval,Maintenance Services,Supply Item 113,875,2025-02-11,2025-03-14,
731,PO-2026-000731,65,313,390313,Pending Approval,Maintenance Services,Supply Item 6,1570,2025-03-19,2025-05-13,
732,PO-2026-000732,49,219,48637,Delivered,Logistics,Supply Item 66,789,2026-02-16,2026-03-14,2026-03-14
733,PO-2026-000733,60,157,242818,Delivered,Electronics,Supply Item 86,289,2024-10-17,2024-11-17,2024-11-18
734,PO-2026-000734,92,241,107611,Draft,Raw Materials,Supply Item 129,1505,2024-06-07,2024-06-26,
735,PO-2026-000735,93,192,262663,Ordered,Office Supplies,Supply Item 99,1012,2025-02-18,2025-03-23,
736,PO-2026-000736,40,329,313443,Draft,Electronics,Supply Item 99,1919,2024-03-13,2024-04-15,
737,PO-2026-000737,73,84,106831,Approved,Office Supplies,Supply Item 131,1462,2026-02-20,2026-03-26,
738,PO-2026-000738,63,326,365966,Draft,Industrial Equipment,Supply Item 109,1516,2025-01-12,2025-03-04,
739,PO-2026-000739,32,125,255465,Approved,Raw Materials,Supply Item 179,1373,2024-02-05,2024-04-04,
740,PO-2026-000740,83,76,142012,Completed,Packaging,Supply Item 155,1194,2025-09-11,2025-10-17,2025-10-17
741,PO-2026-000741,85,431,89634,Cancelled,Electronics,Supply Item 165,1467,2024-01-13,2024-01-27,
742,PO-2026-000742,50,204,375183,Delivered,Industrial Equipment,Supply Item 43,1709,2025-08-23,2025-09-04,2025-09-11
743,PO-2026-000743,55,130,367721,Delivered,Industrial Equipment,Supply Item 151,640,2024-11-05,2024-12-14,2024-12-15
744,PO-2026-000744,94,211,399506,Cancelled,Electronics,Supply Item 28,1312,2026-06-16,2026-08-08,
745,PO-2026-000745,74,398,423137,Pending Approval,IT Services,Supply Item 192,439,2024-12-18,2025-02-15,
746,PO-2026-000746,96,204,371482,Pending Approval,Maintenance Services,Supply Item 1,208,2024-11-11,2024-11-18,
747,PO-2026-000747,9,397,370070,Ordered,IT Services,Supply Item 188,892,2025-03-03,2025-04-12,
748,PO-2026-000748,22,91,201425,Pending Approval,Packaging,Supply Item 125,382,2024-07-09,2024-08-30,
749,PO-2026-000749,65,486,62796,Cancelled,Packaging,Supply Item 48,421,2025-04-06,2025-05-19,
750,PO-2026-000750,8,384,100802,Pending Approval,IT Services,Supply Item 105,912,2026-04-08,2026-06-02,
751,PO-2026-000751,81,468,332376,Pending Approval,Electronics,Supply Item 76,185,2024-04-21,2024-06-07,
752,PO-2026-000752,49,64,150103,Draft,Packaging,Supply Item 123,1003,2024-03-06,2024-04-03,
753,PO-2026-000753,87,390,57853,Approved,Raw Materials,Supply Item 171,1202,2024-01-10,2024-01-20,
754,PO-2026-000754,6,50,115660,Draft,Industrial Equipment,Supply Item 155,1075,2025-06-18,2025-08-14,
755,PO-2026-000755,98,137,259765,Approved,Industrial Equipment,Supply Item 87,769,2025-04-29,2025-06-23,
756,PO-2026-000756,88,456,184871,Pending Approval,Office Supplies,Supply Item 171,826,2024-11-18,2025-01-16,
757,PO-2026-000757,49,313,35011,Cancelled,Electronics,Supply Item 1,945,2024-12-30,2025-01-27,
758,PO-2026-000758,90,206,385224,Draft,Electronics,Supply Item 136,582,2026-05-05,2026-05-20,
759,PO-2026-000759,90,385,432321,Ordered,Maintenance Services,Supply Item 132,856,2024-09-11,2024-10-11,
760,PO-2026-000760,85,97,6640,Approved,Raw Materials,Supply Item 163,747,2025-10-15,2025-12-13,
761,PO-2026-000761,6,497,428392,Completed,Maintenance Services,Supply Item 103,1523,2026-01-23,2026-02-19,2026-02-19
762,PO-2026-000762,79,407,47660,Ordered,Electronics,Supply Item 188,798,2024-12-22,2025-01-25,
763,PO-2026-000763,38,311,107276,Cancelled,Raw Materials,Supply Item 33,1029,2025-12-30,2026-01-15,
764,PO-2026-000764,12,155,441393,Cancelled,Maintenance Services,Supply Item 44,1845,2025-11-20,2026-01-01,
765,PO-2026-000765,58,489,65648,Delivered,Packaging,Supply Item 44,1552,2025-05-08,2025-06-26,2025-06-26
766,PO-2026-000766,85,359,51888,Completed,Office Supplies,Supply Item 99,1579,2024-04-18,2024-05-22,2024-05-22
767,PO-2026-000767,36,113,382054,Ordered,Electronics,Supply Item 171,288,2024-09-20,2024-11-08,
768,PO-2026-000768,69,325,385326,Cancelled,Office Supplies,Supply Item 58,1918,2025-05-18,2025-05-30,
769,PO-2026-000769,74,393,319929,Approved,Industrial Equipment,Supply Item 184,1531,2024-03-07,2024-04-24,
770,PO-2026-000770,95,372,205094,Cancelled,Industrial Equipment,Supply Item 60,467,2025-10-31,2025-12-18,
771,PO-2026-000771,34,60,157555,Draft,Office Supplies,Supply Item 190,1222,2024-03-30,2024-04-13,
772,PO-2026-000772,25,382,65873,Pending Approval,Office Supplies,Supply Item 98,1191,2025-08-09,2025-09-08,
773,PO-2026-000773,95,1,167948,Delivered,Industrial Equipment,Supply Item 109,664,2024-03-04,2024-04-17,2024-04-17
774,PO-2026-000774,99,187,423129,Pending Approval,Packaging,Supply Item 28,819,2025-11-26,2026-01-22,
775,PO-2026-000775,2,276,246488,Cancelled,IT Services,Supply Item 57,1033,2024-11-19,2024-12-05,
776,PO-2026-000776,88,234,82293,Pending Approval,Raw Materials,Supply Item 154,665,2025-09-07,2025-10-02,
777,PO-2026-000777,40,258,366024,Cancelled,Maintenance Services,Supply Item 162,1707,2024-05-06,2024-05-30,
778,PO-2026-000778,28,254,157827,Draft,Office Supplies,Supply Item 40,1705,2025-12-22,2026-01-22,
779,PO-2026-000779,92,108,449632,Pending Approval,Raw Materials,Supply Item 199,376,2026-01-20,2026-03-19,
780,PO-2026-000780,63,373,210420,Completed,Logistics,Supply Item 6,1132,2024-11-02,2024-12-31,2025-01-07
781,PO-2026-000781,51,173,226478,Approved,Industrial Equipment,Supply Item 101,157,2025-11-25,2026-01-01,
782,PO-2026-000782,68,373,153394,Pending Approval,Industrial Equipment,Supply Item 25,278,2024-10-16,2024-12-06,
783,PO-2026-000783,42,386,419857,Draft,IT Services,Supply Item 118,1350,2025-08-17,2025-10-14,
784,PO-2026-000784,21,296,77121,Ordered,IT Services,Supply Item 38,439,2025-03-28,2025-05-18,
785,PO-2026-000785,28,412,397367,Completed,Electronics,Supply Item 174,1618,2024-07-19,2024-09-11,2024-09-11
786,PO-2026-000786,19,193,228929,Pending Approval,Raw Materials,Supply Item 25,738,2025-11-26,2026-01-25,
787,PO-2026-000787,61,92,32510,Completed,Industrial Equipment,Supply Item 39,1294,2024-04-30,2024-06-08,2024-06-08
788,PO-2026-000788,93,207,133451,Pending Approval,Industrial Equipment,Supply Item 126,629,2024-02-04,2024-02-18,
789,PO-2026-000789,89,306,95432,Ordered,Electronics,Supply Item 200,959,2025-10-30,2025-12-23,
790,PO-2026-000790,84,196,149292,Ordered,Office Supplies,Supply Item 3,255,2025-10-09,2025-11-26,
791,PO-2026-000791,15,43,68990,Completed,Packaging,Supply Item 6,1211,2025-05-15,2025-07-02,2025-07-09
792,PO-2026-000792,74,294,256395,Completed,Logistics,Supply Item 99,1001,2024-10-07,2024-11-27,2024-11-27
793,PO-2026-000793,83,360,232360,Pending Approval,Electronics,Supply Item 84,140,2024-11-01,2024-12-14,
794,PO-2026-000794,92,466,421926,Ordered,Raw Materials,Supply Item 101,1148,2025-07-04,2025-07-22,
795,PO-2026-000795,69,402,430824,Draft,Electronics,Supply Item 193,1552,2025-06-26,2025-08-03,
796,PO-2026-000796,27,495,350286,Pending Approval,Logistics,Supply Item 2,1146,2026-07-08,2026-07-22,
797,PO-2026-000797,58,410,169781,Pending Approval,Packaging,Supply Item 168,340,2024-05-05,2024-05-14,
798,PO-2026-000798,12,288,139616,Draft,Electronics,Supply Item 32,1046,2026-05-21,2026-07-15,
799,PO-2026-000799,39,187,290436,Completed,IT Services,Supply Item 12,1947,2024-06-24,2024-07-28,2024-07-28
800,PO-2026-000800,67,464,415413,Delivered,Maintenance Services,Supply Item 178,650,2024-10-27,2024-12-15,2024-12-15
801,PO-2026-000801,67,467,189610,Delivered,Electronics,Supply Item 170,1688,2025-09-12,2025-10-23,2025-10-23
802,PO-2026-000802,6,122,24259,Approved,Packaging,Supply Item 35,1243,2024-07-11,2024-07-27,
803,PO-2026-000803,71,111,315264,Pending Approval,Industrial Equipment,Supply Item 20,1136,2025-01-02,2025-01-26,
804,PO-2026-000804,33,134,205163,Ordered,Maintenance Services,Supply Item 22,1944,2025-10-27,2025-11-13,
805,PO-2026-000805,33,347,228002,Pending Approval,Packaging,Supply Item 19,1299,2026-08-20,2026-10-10,
806,PO-2026-000806,94,138,336937,Pending Approval,Office Supplies,Supply Item 145,1356,2025-12-14,2026-01-31,
807,PO-2026-000807,83,421,273135,Ordered,Logistics,Supply Item 81,1623,2025-09-11,2025-09-28,
808,PO-2026-000808,56,195,18584,Draft,IT Services,Supply Item 32,1098,2025-09-10,2025-10-02,
809,PO-2026-000809,15,351,292503,Approved,Electronics,Supply Item 93,1872,2025-02-20,2025-03-03,
810,PO-2026-000810,43,399,148263,Pending Approval,IT Services,Supply Item 3,210,2024-05-29,2024-07-26,
811,PO-2026-000811,49,497,121510,Cancelled,Electronics,Supply Item 45,1088,2025-01-22,2025-02-04,
812,PO-2026-000812,94,449,165720,Cancelled,Maintenance Services,Supply Item 25,1093,2025-08-25,2025-10-23,
813,PO-2026-000813,45,359,304975,Delivered,Electronics,Supply Item 13,359,2026-06-05,2026-06-30,2026-06-30
814,PO-2026-000814,41,485,399197,Approved,Industrial Equipment,Supply Item 123,1223,2025-02-02,2025-02-20,
815,PO-2026-000815,17,133,9979,Completed,Logistics,Supply Item 37,785,2025-12-04,2026-01-12,2026-01-12
816,PO-2026-000816,73,377,145178,Completed,Packaging,Supply Item 174,1256,2024-02-24,2024-04-17,2024-05-01
817,PO-2026-000817,54,362,245012,Approved,Maintenance Services,Supply Item 129,597,2024-07-06,2024-08-10,
818,PO-2026-000818,36,488,229272,Cancelled,Packaging,Supply Item 79,1311,2025-06-17,2025-08-08,
819,PO-2026-000819,12,486,165254,Approved,Electronics,Supply Item 163,172,2025-02-20,2025-04-17,
820,PO-2026-000820,10,374,130848,Pending Approval,Raw Materials,Supply Item 22,1532,2026-08-25,2026-09-06,
821,PO-2026-000821,37,284,263395,Ordered,Logistics,Supply Item 123,1029,2026-04-07,2026-04-14,
822,PO-2026-000822,66,351,359824,Completed,Raw Materials,Supply Item 158,399,2026-06-28,2026-08-08,2026-08-08
823,PO-2026-000823,96,4,379425,Delivered,Packaging,Supply Item 190,1364,2025-03-11,2025-05-01,2025-05-04
824,PO-2026-000824,68,351,324392,Ordered,Logistics,Supply Item 173,1915,2024-02-13,2024-03-29,
825,PO-2026-000825,98,269,123000,Approved,Logistics,Supply Item 132,733,2024-06-28,2024-07-09,
826,PO-2026-000826,7,217,264788,Approved,Electronics,Supply Item 87,1881,2025-01-23,2025-02-09,
827,PO-2026-000827,87,128,441064,Cancelled,Electronics,Supply Item 75,622,2025-07-06,2025-08-31,
828,PO-2026-000828,62,151,143805,Completed,Industrial Equipment,Supply Item 56,1900,2024-08-06,2024-08-13,2024-08-14
829,PO-2026-000829,40,476,342103,Draft,Maintenance Services,Supply Item 159,1747,2025-06-11,2025-08-09,
830,PO-2026-000830,63,30,191512,Ordered,Office Supplies,Supply Item 77,734,2024-01-07,2024-02-22,
831,PO-2026-000831,14,3,188354,Pending Approval,Industrial Equipment,Supply Item 91,28,2026-06-30,2026-08-22,
832,PO-2026-000832,13,221,262973,Delivered,Logistics,Supply Item 106,263,2024-07-21,2024-08-02,2024-08-02
833,PO-2026-000833,63,4,86595,Approved,Packaging,Supply Item 121,819,2026-02-26,2026-04-16,
834,PO-2026-000834,48,154,196100,Delivered,Electronics,Supply Item 113,1354,2025-03-14,2025-04-01,2025-04-04
835,PO-2026-000835,57,83,78334,Ordered,Raw Materials,Supply Item 92,1819,2024-12-28,2025-02-20,
836,PO-2026-000836,91,102,63020,Draft,Logistics,Supply Item 102,872,2024-07-13,2024-08-07,
837,PO-2026-000837,96,170,21570,Pending Approval,Maintenance Services,Supply Item 171,554,2024-06-13,2024-08-01,
838,PO-2026-000838,16,216,261412,Cancelled,Logistics,Supply Item 84,1548,2025-07-17,2025-08-24,
839,PO-2026-000839,98,400,214650,Completed,Industrial Equipment,Supply Item 34,234,2025-05-28,2025-07-20,2025-07-27
840,PO-2026-000840,14,406,16089,Approved,Raw Materials,Supply Item 197,1411,2024-05-09,2024-05-25,
841,PO-2026-000841,31,27,360629,Ordered,Raw Materials,Supply Item 112,993,2026-04-29,2026-05-27,
842,PO-2026-000842,38,145,259766,Ordered,Packaging,Supply Item 159,322,2024-03-25,2024-05-19,
843,PO-2026-000843,94,262,102968,Cancelled,Electronics,Supply Item 68,1445,2024-09-12,2024-10-06,
844,PO-2026-000844,32,342,435235,Ordered,Electronics,Supply Item 180,1505,2025-03-15,2025-04-03,
845,PO-2026-000845,65,313,99994,Completed,Packaging,Supply Item 31,280,2024-07-12,2024-08-25,2024-08-26
846,PO-2026-000846,52,20,148582,Ordered,Raw Materials,Supply Item 158,418,2024-07-15,2024-07-31,
847,PO-2026-000847,12,443,31715,Delivered,Packaging,Supply Item 57,698,2025-01-24,2025-02-26,2025-02-26
848,PO-2026-000848,55,246,37164,Completed,Electronics,Supply Item 69,754,2025-06-06,2025-07-10,2025-07-10
849,PO-2026-000849,36,483,189037,Pending Approval,Office Supplies,Supply Item 13,382,2025-12-29,2026-01-31,
850,PO-2026-000850,6,1,32331,Approved,Packaging,Supply Item 74,976,2025-11-07,2025-12-31,
851,PO-2026-000851,36,466,322992,Pending Approval,IT Services,Supply Item 126,754,2024-04-13,2024-05-17,
852,PO-2026-000852,43,156,63473,Draft,Logistics,Supply Item 85,748,2024-04-09,2024-05-28,
853,PO-2026-000853,95,415,194469,Delivered,Office Supplies,Supply Item 61,1341,2026-01-30,2026-03-27,2026-03-27
854,PO-2026-000854,36,108,311355,Draft,Logistics,Supply Item 162,1530,2025-01-28,2025-02-09,
855,PO-2026-000855,78,62,26516,Cancelled,Packaging,Supply Item 50,1453,2025-08-23,2025-10-10,
856,PO-2026-000856,58,474,56714,Delivered,Maintenance Services,Supply Item 195,423,2024-03-17,2024-04-27,2024-04-27
857,PO-2026-000857,69,370,85568,Pending Approval,Industrial Equipment,Supply Item 141,1467,2024-02-14,2024-02-29,
858,PO-2026-000858,33,457,403120,Approved,Office Supplies,Supply Item 115,1299,2026-05-23,2026-07-04,
859,PO-2026-000859,92,61,233655,Ordered,Raw Materials,Supply Item 43,1237,2024-03-10,2024-04-16,
860,PO-2026-000860,36,357,72598,Delivered,Packaging,Supply Item 190,1678,2024-10-23,2024-11-01,2024-11-01
861,PO-2026-000861,51,254,363976,Draft,Logistics,Supply Item 113,1547,2025-06-29,2025-08-07,
862,PO-2026-000862,66,197,299911,Ordered,IT Services,Supply Item 53,386,2026-03-09,2026-04-09,
863,PO-2026-000863,1,82,304839,Completed,Maintenance Services,Supply Item 129,1459,2024-08-11,2024-09-24,2024-09-24
864,PO-2026-000864,93,269,140703,Approved,IT Services,Supply Item 142,253,2024-11-06,2024-11-27,
865,PO-2026-000865,22,115,28914,Approved,Raw Materials,Supply Item 164,313,2025-06-30,2025-07-22,
866,PO-2026-000866,36,475,74715,Draft,Packaging,Supply Item 54,1104,2024-10-03,2024-11-29,
867,PO-2026-000867,15,1,345077,Delivered,Office Supplies,Supply Item 22,1948,2024-12-21,2025-02-06,2025-02-20
868,PO-2026-000868,91,453,292978,Pending Approval,Industrial Equipment,Supply Item 157,613,2024-09-27,2024-11-19,
869,PO-2026-000869,42,30,333180,Cancelled,Office Supplies,Supply Item 57,1506,2026-04-15,2026-04-22,
870,PO-2026-000870,36,91,139211,Completed,Electronics,Supply Item 185,1537,2024-01-17,2024-02-27,2024-03-12
871,PO-2026-000871,89,196,347792,Completed,Packaging,Supply Item 114,461,2024-09-20,2024-11-06,2024-11-07
872,PO-2026-000872,42,138,111912,Cancelled,Industrial Equipment,Supply Item 40,923,2025-08-18,2025-10-04,
873,PO-2026-000873,30,374,385783,Pending Approval,Maintenance Services,Supply Item 24,1025,2025-03-20,2025-04-19,
874,PO-2026-000874,24,236,102007,Pending Approval,Maintenance Services,Supply Item 187,379,2026-04-15,2026-05-03,
875,PO-2026-000875,83,145,16034,Pending Approval,Industrial Equipment,Supply Item 176,1254,2024-11-13,2024-11-30,
876,PO-2026-000876,25,36,80247,Pending Approval,Maintenance Services,Supply Item 166,1997,2024-03-14,2024-04-17,
877,PO-2026-000877,52,52,384745,Completed,Raw Materials,Supply Item 155,214,2025-06-23,2025-07-08,2025-07-11
878,PO-2026-000878,49,197,15861,Draft,Raw Materials,Supply Item 34,518,2024-04-22,2024-06-20,
879,PO-2026-000879,99,43,145329,Delivered,Raw Materials,Supply Item 28,1120,2024-05-26,2024-07-12,2024-07-12
880,PO-2026-000880,95,419,182413,Draft,Packaging,Supply Item 36,993,2026-05-23,2026-07-14,
881,PO-2026-000881,98,289,237954,Approved,Office Supplies,Supply Item 123,326,2026-04-15,2026-05-02,
882,PO-2026-000882,32,29,289964,Completed,Raw Materials,Supply Item 12,220,2025-12-09,2026-01-02,2026-01-02
883,PO-2026-000883,70,152,58774,Ordered,Logistics,Supply Item 1,1878,2025-06-07,2025-08-06,
884,PO-2026-000884,29,13,123843,Pending Approval,Office Supplies,Supply Item 168,597,2025-03-13,2025-04-13,
885,PO-2026-000885,29,472,363831,Completed,Electronics,Supply Item 126,357,2025-01-28,2025-03-19,2025-03-26
886,PO-2026-000886,15,115,58339,Draft,Office Supplies,Supply Item 31,748,2024-10-15,2024-11-13,
887,PO-2026-000887,11,459,27726,Pending Approval,Industrial Equipment,Supply Item 136,695,2025-09-11,2025-09-27,
888,PO-2026-000888,77,93,361218,Completed,IT Services,Supply Item 90,1802,2025-03-11,2025-03-27,2025-03-28
889,PO-2026-000889,14,139,266751,Approved,Electronics,Supply Item 1,1774,2025-11-08,2025-12-08,
890,PO-2026-000890,20,399,348856,Pending Approval,Industrial Equipment,Supply Item 115,1487,2024-05-30,2024-06-26,
891,PO-2026-000891,62,418,40291,Ordered,IT Services,Supply Item 38,195,2024-04-25,2024-06-07,
892,PO-2026-000892,42,66,100353,Approved,Office Supplies,Supply Item 127,878,2026-02-24,2026-03-27,
893,PO-2026-000893,62,356,222026,Completed,Packaging,Supply Item 99,867,2025-09-08,2025-11-04,2025-11-04
894,PO-2026-000894,71,255,287458,Delivered,Packaging,Supply Item 99,181,2025-06-30,2025-08-07,2025-08-07
895,PO-2026-000895,75,367,226166,Cancelled,Packaging,Supply Item 180,188,2025-06-23,2025-08-05,
896,PO-2026-000896,31,186,6502,Approved,Maintenance Services,Supply Item 35,1896,2024-07-27,2024-08-04,
897,PO-2026-000897,15,31,188158,Cancelled,Logistics,Supply Item 76,952,2025-01-04,2025-03-01,
898,PO-2026-000898,19,428,294145,Pending Approval,Packaging,Supply Item 58,124,2026-08-11,2026-09-13,
899,PO-2026-000899,96,71,66465,Pending Approval,Industrial Equipment,Supply Item 188,63,2025-12-13,2026-02-03,
900,PO-2026-000900,90,495,227669,Completed,Electronics,Supply Item 123,1725,2025-01-15,2025-01-25,2025-01-25
901,PO-2026-000901,77,446,87928,Approved,Logistics,Supply Item 21,511,2024-01-31,2024-02-16,
902,PO-2026-000902,10,7,303415,Ordered,Logistics,Supply Item 196,383,2026-05-01,2026-06-29,
903,PO-2026-000903,61,381,78459,Completed,Maintenance Services,Supply Item 106,1489,2026-02-05,2026-03-17,2026-03-31
904,PO-2026-000904,44,228,414677,Draft,IT Services,Supply Item 29,329,2025-10-22,2025-12-12,
905,PO-2026-000905,8,452,341831,Cancelled,Logistics,Supply Item 129,338,2024-02-02,2024-03-18,
906,PO-2026-000906,2,203,441564,Ordered,IT Services,Supply Item 147,1037,2025-03-09,2025-04-28,
907,PO-2026-000907,40,364,124178,Approved,Electronics,Supply Item 134,783,2025-03-09,2025-03-26,
908,PO-2026-000908,17,381,116077,Draft,Packaging,Supply Item 101,386,2025-02-14,2025-04-01,
909,PO-2026-000909,96,500,298231,Draft,Maintenance Services,Supply Item 123,651,2025-09-11,2025-11-10,
910,PO-2026-000910,84,329,217389,Pending Approval,Raw Materials,Supply Item 96,1334,2026-04-27,2026-05-28,
911,PO-2026-000911,55,100,146515,Draft,Office Supplies,Supply Item 155,1604,2024-04-21,2024-05-04,
912,PO-2026-000912,43,15,130582,Delivered,Packaging,Supply Item 153,32,2024-10-15,2024-11-01,2024-11-01
913,PO-2026-000913,97,466,167067,Pending Approval,Raw Materials,Supply Item 62,561,2024-07-11,2024-08-22,
914,PO-2026-000914,11,292,301116,Cancelled,Maintenance Services,Supply Item 12,108,2024-02-15,2024-03-29,
915,PO-2026-000915,41,48,166797,Cancelled,IT Services,Supply Item 102,1034,2024-01-09,2024-02-07,
916,PO-2026-000916,25,162,399181,Approved,Logistics,Supply Item 180,1391,2025-02-04,2025-03-29,
917,PO-2026-000917,13,170,218535,Delivered,Logistics,Supply Item 7,1212,2026-07-07,2026-08-30,2026-08-30
918,PO-2026-000918,49,245,312420,Approved,Logistics,Supply Item 39,1407,2026-06-08,2026-06-17,
919,PO-2026-000919,60,41,333179,Pending Approval,Packaging,Supply Item 175,1349,2024-04-05,2024-05-27,
920,PO-2026-000920,19,394,381729,Delivered,Office Supplies,Supply Item 115,1618,2024-06-13,2024-07-22,2024-08-21
921,PO-2026-000921,17,174,157484,Cancelled,Industrial Equipment,Supply Item 11,1834,2025-01-03,2025-02-18,
922,PO-2026-000922,92,397,363022,Pending Approval,Electronics,Supply Item 40,1171,2025-01-31,2025-02-22,
923,PO-2026-000923,81,255,56068,Pending Approval,IT Services,Supply Item 141,1786,2026-04-04,2026-04-11,
924,PO-2026-000924,12,256,54342,Pending Approval,IT Services,Supply Item 42,149,2025-04-10,2025-05-07,
925,PO-2026-000925,36,296,195488,Draft,Logistics,Supply Item 182,1590,2024-12-27,2025-01-08,
926,PO-2026-000926,59,133,253125,Ordered,Logistics,Supply Item 32,2000,2024-09-19,2024-11-13,
927,PO-2026-000927,73,250,25757,Ordered,Industrial Equipment,Supply Item 159,1888,2025-01-07,2025-02-01,
928,PO-2026-000928,88,67,236120,Cancelled,Office Supplies,Supply Item 96,180,2025-01-10,2025-02-18,
929,PO-2026-000929,88,212,270259,Completed,Raw Materials,Supply Item 190,1629,2025-04-05,2025-04-28,2025-04-28
930,PO-2026-000930,32,359,435563,Pending Approval,Electronics,Supply Item 75,779,2025-07-28,2025-08-04,
931,PO-2026-000931,21,292,214337,Pending Approval,Industrial Equipment,Supply Item 119,1380,2026-05-24,2026-06-04,
932,PO-2026-000932,12,179,249254,Delivered,Maintenance Services,Supply Item 28,185,2025-04-24,2025-06-11,2025-06-18
933,PO-2026-000933,24,375,61805,Cancelled,Industrial Equipment,Supply Item 52,832,2026-07-28,2026-08-29,
934,PO-2026-000934,43,34,171348,Ordered,Packaging,Supply Item 180,1528,2024-12-16,2025-01-30,
935,PO-2026-000935,61,59,150948,Delivered,Maintenance Services,Supply Item 38,1321,2025-04-10,2025-04-19,2025-04-19
936,PO-2026-000936,28,164,302903,Cancelled,Industrial Equipment,Supply Item 16,1927,2024-02-02,2024-03-18,
937,PO-2026-000937,47,405,230501,Draft,Packaging,Supply Item 6,1961,2025-04-29,2025-05-19,
938,PO-2026-000938,98,351,226732,Completed,Logistics,Supply Item 18,570,2024-10-03,2024-10-26,2024-10-26
939,PO-2026-000939,52,42,161414,Ordered,Industrial Equipment,Supply Item 135,448,2026-06-13,2026-08-04,
940,PO-2026-000940,86,458,141025,Draft,Electronics,Supply Item 110,710,2024-07-07,2024-09-05,
941,PO-2026-000941,97,153,91262,Ordered,Maintenance Services,Supply Item 122,1106,2024-07-22,2024-08-20,
942,PO-2026-000942,89,402,89247,Approved,Industrial Equipment,Supply Item 3,1158,2025-12-14,2026-01-17,
943,PO-2026-000943,77,102,45794,Delivered,Office Supplies,Supply Item 171,1696,2026-01-10,2026-02-28,2026-03-01
944,PO-2026-000944,94,381,437660,Approved,Raw Materials,Supply Item 39,1846,2026-01-24,2026-03-18,
945,PO-2026-000945,59,479,82325,Draft,Industrial Equipment,Supply Item 68,1076,2025-05-26,2025-06-22,
946,PO-2026-000946,93,2,241222,Cancelled,Logistics,Supply Item 163,930,2026-08-23,2026-10-22,
947,PO-2026-000947,82,497,308236,Pending Approval,Packaging,Supply Item 108,1436,2024-04-09,2024-04-18,
948,PO-2026-000948,70,397,92084,Pending Approval,Office Supplies,Supply Item 54,1960,2025-09-07,2025-10-08,
949,PO-2026-000949,25,498,361320,Approved,Office Supplies,Supply Item 5,628,2025-08-13,2025-08-20,
950,PO-2026-000950,40,258,434418,Completed,Maintenance Services,Supply Item 106,850,2026-06-07,2026-06-21,2026-06-21
951,PO-2026-000951,46,181,439207,Delivered,Office Supplies,Supply Item 30,1907,2025-07-09,2025-08-12,2025-08-26
952,PO-2026-000952,23,235,229596,Delivered,Industrial Equipment,Supply Item 98,593,2025-01-17,2025-02-04,2025-02-05
953,PO-2026-000953,85,353,361663,Approved,Electronics,Supply Item 23,1660,2025-03-23,2025-05-09,
954,PO-2026-000954,14,46,345590,Ordered,Electronics,Supply Item 128,1545,2024-01-17,2024-03-03,
955,PO-2026-000955,97,320,290597,Ordered,Raw Materials,Supply Item 171,603,2024-04-12,2024-05-29,
956,PO-2026-000956,54,109,121852,Delivered,Packaging,Supply Item 121,1956,2026-03-06,2026-04-11,2026-04-11
957,PO-2026-000957,16,180,421154,Ordered,Industrial Equipment,Supply Item 2,1934,2026-07-24,2026-08-29,
958,PO-2026-000958,48,401,122407,Approved,IT Services,Supply Item 79,1727,2025-06-03,2025-06-28,
959,PO-2026-000959,54,345,131644,Draft,Raw Materials,Supply Item 7,324,2024-01-05,2024-02-07,
960,PO-2026-000960,48,431,433189,Completed,Office Supplies,Supply Item 44,1974,2025-06-15,2025-08-13,2025-08-14
961,PO-2026-000961,74,221,131789,Pending Approval,Industrial Equipment,Supply Item 14,1651,2025-07-23,2025-08-24,
962,PO-2026-000962,74,220,72565,Ordered,Logistics,Supply Item 104,1861,2026-08-19,2026-10-05,
963,PO-2026-000963,41,265,88070,Draft,Logistics,Supply Item 130,252,2025-03-23,2025-04-13,
964,PO-2026-000964,81,296,416189,Cancelled,IT Services,Supply Item 142,335,2025-02-05,2025-04-06,
965,PO-2026-000965,42,105,53892,Ordered,Raw Materials,Supply Item 161,1587,2024-04-05,2024-04-13,
966,PO-2026-000966,76,79,19584,Delivered,Electronics,Supply Item 147,793,2025-09-24,2025-11-15,2025-11-29
967,PO-2026-000967,4,381,389916,Completed,Office Supplies,Supply Item 48,500,2024-05-13,2024-06-18,2024-06-19
968,PO-2026-000968,84,460,121263,Delivered,Industrial Equipment,Supply Item 198,543,2024-10-31,2024-11-19,2024-11-26
969,PO-2026-000969,85,27,149160,Completed,Electronics,Supply Item 29,950,2024-03-25,2024-04-10,2024-04-10
970,PO-2026-000970,77,63,61139,Approved,Logistics,Supply Item 24,168,2024-05-25,2024-06-19,
971,PO-2026-000971,64,433,194476,Pending Approval,Industrial Equipment,Supply Item 26,1015,2026-07-23,2026-09-21,
972,PO-2026-000972,3,212,43574,Draft,Packaging,Supply Item 176,869,2025-05-13,2025-06-29,
973,PO-2026-000973,49,456,169408,Cancelled,Logistics,Supply Item 47,621,2025-10-10,2025-11-14,
974,PO-2026-000974,2,463,98678,Completed,Raw Materials,Supply Item 31,712,2025-11-06,2025-12-19,2025-12-20
975,PO-2026-000975,45,248,326915,Draft,Logistics,Supply Item 134,1528,2025-09-06,2025-10-17,
976,PO-2026-000976,33,475,68750,Draft,Raw Materials,Supply Item 133,1058,2024-07-16,2024-08-30,
977,PO-2026-000977,98,79,118406,Draft,Packaging,Supply Item 8,680,2026-06-06,2026-07-06,
978,PO-2026-000978,18,113,48748,Pending Approval,IT Services,Supply Item 71,996,2026-01-15,2026-03-07,
979,PO-2026-000979,26,489,53218,Delivered,Maintenance Services,Supply Item 191,1666,2024-12-22,2025-02-12,2025-02-13
980,PO-2026-000980,64,224,273779,Pending Approval,IT Services,Supply Item 45,415,2026-08-27,2026-09-28,
981,PO-2026-000981,88,434,381122,Draft,IT Services,Supply Item 43,1636,2024-10-14,2024-11-15,
982,PO-2026-000982,27,489,383567,Ordered,Industrial Equipment,Supply Item 153,1540,2025-05-14,2025-06-17,
983,PO-2026-000983,35,418,172116,Delivered,Packaging,Supply Item 146,732,2025-09-29,2025-10-12,2025-10-12
984,PO-2026-000984,48,460,336716,Ordered,Logistics,Supply Item 9,1972,2026-04-19,2026-04-30,
985,PO-2026-000985,66,130,312688,Delivered,Office Supplies,Supply Item 102,71,2025-02-23,2025-03-20,2025-03-27
986,PO-2026-000986,15,93,429170,Cancelled,Logistics,Supply Item 92,512,2024-11-26,2024-12-30,
987,PO-2026-000987,10,111,349433,Pending Approval,Office Supplies,Supply Item 32,29,2025-01-15,2025-02-14,
988,PO-2026-000988,41,353,10715,Pending Approval,Maintenance Services,Supply Item 146,1638,2026-01-04,2026-02-01,
989,PO-2026-000989,42,461,126974,Ordered,IT Services,Supply Item 155,444,2025-07-29,2025-08-09,
990,PO-2026-000990,68,112,58959,Completed,Electronics,Supply Item 147,1838,2025-07-28,2025-08-21,2025-08-22
991,PO-2026-000991,83,216,362633,Approved,Office Supplies,Supply Item 51,413,2026-02-13,2026-03-19,
992,PO-2026-000992,7,411,263963,Approved,Industrial Equipment,Supply Item 31,264,2025-05-25,2025-06-03,
993,PO-2026-000993,58,88,320322,Ordered,Packaging,Supply Item 148,53,2024-11-30,2025-01-13,
994,PO-2026-000994,37,10,342466,Draft,Maintenance Services,Supply Item 73,278,2026-03-13,2026-04-25,
995,PO-2026-000995,52,19,284690,Draft,Office Supplies,Supply Item 166,43,2026-07-29,2026-09-07,
996,PO-2026-000996,9,241,54870,Ordered,IT Services,Supply Item 71,659,2026-04-29,2026-06-26,
997,PO-2026-000997,97,178,214895,Cancelled,Office Supplies,Supply Item 127,1264,2024-03-22,2024-05-03,
998,PO-2026-000998,7,202,161470,Ordered,Electronics,Supply Item 96,1930,2025-12-14,2026-01-19,
999,PO-2026-000999,80,53,20355,Cancelled,Raw Materials,Supply Item 36,225,2024-08-17,2024-08-27,
1000,PO-2026-001000,42,442,365499,Pending Approval,Logistics,Supply Item 23,401,2026-01-11,2026-02-14,
