id,vendorId,date,reliabilityScore,riskLevel,deliveryScore,qualityScore,communicationScore,complianceScore
1,2,2025-05-19,67.93,High,52.68,88.05,91.25,91.92
2,41,2024-09-06,66.54,High,45.68,64.48,89.75,50.09
3,60,2025-01-10,97.0,Low,89.97,66.92,50.68,92.0
4,54,2025-09-03,50.48,High,58.31,64.63,69.28,73.63
5,10,2026-05-09,49.7,Critical,93.5,71.53,81.38,75.4
6,75,2024-02-24,92.01,Low,63.52,98.68,50.0,42.84
7,98,2026-04-23,55.98,High,40.78,44.61,99.47,60.88
8,88,2024-04-27,81.87,Medium,63.34,88.15,81.46,65.3
9,16,2024-09-04,87.52,Low,44.61,76.84,71.61,56.07
10,5,2024-02-16,84.98,Medium,58.63,76.12,43.38,68.57
11,21,2026-02-06,76.87,Medium,57.75,70.95,59.97,53.49
12,89,2026-04-20,67.32,High,92.05,80.8,95.02,72.89
13,16,2026-05-21,53.12,High,56.71,83.95,76.23,49.25
14,42,2026-07-02,86.19,Low,60.52,66.28,56.34,90.02
15,90,2024-11-26,84.21,Medium,73.46,92.69,77.76,90.58
16,33,2026-06-07,89.1,Low,65.26,50.77,96.1,89.13
17,24,2025-02-19,82.45,Medium,88.67,47.29,72.52,54.0
18,77,2024-09-21,58.84,High,45.86,52.47,86.35,55.1
19,30,2025-02-02,49.97,Critical,53.06,43.16,54.54,93.69
20,61,2025-06-17,76.68,Medium,79.69,60.26,97.48,42.77
21,76,2025-11-08,67.72,High,58.35,92.92,74.76,67.89
22,81,2026-01-16,59.71,High,41.93,99.12,76.68,91.97
23,90,2025-05-10,50.7,High,78.16,93.52,59.72,96.74
24,12,2025-06-04,67.18,High,43.86,92.64,52.95,77.3
25,25,2025-04-08,94.52,Low,41.73,81.54,47.26,79.41
26,91,2024-01-12,60.57,High,82.38,50.82,47.96,50.3
27,22,2026-08-25,83.95,Medium,56.22,81.3,71.51,87.51
28,93,2026-04-08,57.17,High,43.68,80.42,54.74,84.01
29,56,2026-07-12,61.57,High,40.86,93.49,45.99,87.45
30,38,2024-10-30,59.23,High,85.65,73.16,91.18,49.32
31,86,2025-12-10,46.63,Critical,56.77,88.51,85.24,40.44
32,77,2025-02-25,61.31,High,61.06,93.67,45.45,80.1
33,66,2024-03-07,67.57,High,98.79,64.99,56.44,76.76
34,74,2024-11-12,60.11,High,69.7,51.54,72.35,82.4
35,25,2024-11-23,69.78,High,58.66,78.18,58.0,59.49
36,12,2025-09-30,81.27,Medium,43.35,94.56,50.75,91.6
37,86,2026-03-09,92.8,Low,44.24,78.58,59.1,59.17
38,35,2025-08-14,54.61,High,75.62,50.53,78.05,50.47
39,62,2025-01-25,65.26,High,65.97,79.84,99.94,76.0
40,100,2024-12-21,53.9,High,54.02,72.24,45.6,55.0
41,9,2025-07-08,78.13,Medium,86.95,51.51,80.61,90.15
42,30,2024-11-08,86.52,Low,47.61,79.22,91.52,57.64
43,49,2024-06-30,67.51,High,70.74,51.27,64.61,52.09
44,39,2025-07-05,80.75,Medium,76.27,97.14,55.44,68.36
45,14,2026-01-25,94.77,Low,71.61,66.17,76.74,83.9
46,65,2026-04-07,68.04,High,61.72,57.28,57.06,83.65
47,23,2025-09-27,65.34,High,96.68,73.27,60.61,66.99
48,27,2026-05-02,63.02,High,41.3,91.72,49.79,85.55
49,72,2026-08-16,78.58,Medium,71.38,77.29,62.39,56.32
50,62,2026-06-05,89.71,Low,40.5,74.16,88.4,76.3
51,55,2024-08-02,60.02,High,59.36,45.77,91.71,64.29
52,6,2024-05-07,58.71,High,88.15,71.38,40.27,85.72
53,76,2024-05-19,63.03,High,73.03,96.97,52.74,56.49
54,37,2025-09-17,84.2,Medium,78.7,80.02,70.98,66.02
55,58,2025-09-17,76.22,Medium,74.76,67.42,64.51,46.39
56,90,2025-10-19,90.23,Low,41.33,91.8,91.31,75.05
57,11,2025-09-28,89.85,Low,66.42,44.92,41.58,85.52
58,68,2026-08-31,58.82,High,82.95,96.72,46.16,63.53
59,46,2026-01-15,67.2,High,59.55,79.16,44.59,83.68
60,55,2025-12-03,95.02,Low,45.76,69.48,57.55,73.78
61,93,2024-07-28,81.2,Medium,57.05,52.45,97.93,76.64
62,82,2025-08-12,97.12,Low,71.03,41.12,98.58,95.58
63,42,2024-01-18,85.25,Low,78.74,86.89,64.51,82.44
64,30,2024-11-14,70.68,Medium,42.73,89.49,84.96,55.86
65,23,2025-03-21,87.16,Low,44.33,89.89,72.22,50.07
66,43,2024-05-07,87.48,Low,58.04,42.0,47.8,43.34
67,88,2025-07-05,90.54,Low,59.42,82.34,69.43,84.67
68,97,2026-04-30,64.95,High,58.05,99.56,44.28,64.68
69,97,2025-10-24,58.22,High,57.25,54.67,84.92,91.57
70,7,2024-07-19,80.57,Medium,59.38,61.05,41.14,90.39
71,3,2026-05-20,85.8,Low,85.85,66.36,74.69,76.06
72,11,2025-09-17,96.24,Low,78.91,40.09,57.64,95.24
73,48,2026-06-08,52.81,High,94.22,69.38,61.02,62.56
74,61,2024-08-09,47.58,Critical,63.24,64.9,43.1,51.66
75,55,2024-11-07,56.43,High,80.8,52.68,75.71,64.18
76,100,2026-02-04,76.68,Medium,84.32,54.68,46.3,44.32
77,20,2025-01-14,55.4,High,66.38,65.3,68.61,90.53
78,7,2024-08-13,68.77,High,90.29,93.15,58.09,91.98
79,60,2025-03-14,69.46,High,50.38,64.81,48.15,54.7
80,51,2024-11-16,68.56,High,81.8,70.57,94.1,73.26
81,78,2025-05-22,70.88,Medium,55.9,69.75,86.4,62.46
82,35,2025-10-27,81.26,Medium,54.37,57.12,70.15,60.06
83,76,2024-07-13,63.77,High,66.77,67.58,55.22,89.55
84,4,2026-03-13,96.0,Low,54.4,63.36,65.19,68.52
85,4,2024-06-02,59.05,High,41.35,91.99,65.28,61.28
86,40,2024-12-25,76.63,Medium,51.98,45.3,59.03,68.27
87,27,2024-07-31,79.54,Medium,43.56,75.3,87.33,78.6
88,6,2024-10-11,75.26,Medium,84.31,87.78,62.36,61.42
89,65,2026-02-01,52.95,High,57.43,55.8,54.65,98.99
90,43,2025-03-08,79.7,Medium,61.93,60.52,50.82,52.02
91,87,2025-02-25,51.9,High,65.79,41.91,81.01,94.93
92,98,2024-02-07,45.71,Critical,55.61,41.73,99.97,84.21
93,9,2024-09-08,48.18,Critical,88.9,75.09,85.21,61.7
94,54,2025-09-06,49.12,Critical,81.37,75.87,74.06,84.14
95,41,2024-03-29,97.66,Low,72.86,80.97,59.1,52.9
96,58,2024-10-10,86.74,Low,64.11,44.59,83.81,68.22
97,55,2025-06-06,93.94,Low,78.57,78.87,70.67,80.14
98,36,2026-01-20,83.19,Medium,75.01,63.99,79.05,86.92
99,50,2024-05-30,74.02,Medium,82.49,40.95,62.37,47.99
100,52,2025-09-06,63.18,High,75.17,41.01,78.51,44.07
101,92,2024-08-26,53.7,High,81.5,40.22,50.83,82.26
102,64,2024-10-19,67.41,High,91.32,58.93,90.29,80.82
103,80,2024-06-27,73.36,Medium,94.88,44.03,43.29,44.03
104,12,2025-01-20,73.19,Medium,41.93,69.07,67.06,54.62
105,71,2024-04-02,76.31,Medium,55.2,83.99,70.02,50.06
106,59,2024-11-05,60.86,High,89.66,40.16,59.64,55.75
107,14,2026-07-07,45.88,Critical,84.78,80.33,94.98,53.56
108,65,2024-08-19,70.49,Medium,90.3,99.53,72.24,84.86
109,90,2025-02-20,85.0,Low,64.82,95.54,91.87,68.74
110,13,2024-07-27,55.8,High,95.12,44.58,80.46,40.52
111,46,2024-07-19,72.25,Medium,56.05,96.68,65.1,59.1
112,11,2026-08-31,63.51,High,77.32,71.63,72.28,78.26
113,89,2025-07-17,51.3,High,76.14,60.62,77.36,77.19
114,74,2025-12-23,72.69,Medium,93.17,87.62,44.56,50.25
115,71,2024-12-04,96.9,Low,61.66,71.13,93.23,91.92
116,49,2026-02-15,69.42,High,77.25,52.91,52.33,91.23
117,76,2025-06-29,56.68,High,85.73,74.32,72.86,82.99
118,6,2024-07-19,83.81,Medium,97.63,43.9,55.49,63.11
119,34,2025-09-13,51.74,High,98.92,50.38,94.88,46.17
120,78,2025-08-11,91.44,Low,67.8,90.47,98.68,90.82
121,76,2024-04-14,83.98,Medium,50.4,70.9,49.28,94.28
122,38,2024-03-30,49.81,Critical,57.74,64.09,51.8,45.03
123,83,2024-07-19,63.89,High,90.94,97.14,59.24,42.34
124,8,2024-10-30,87.85,Low,40.62,66.46,45.28,82.73
125,7,2026-06-28,77.68,Medium,84.42,61.63,72.94,79.82
126,41,2025-02-20,61.95,High,84.49,82.48,54.24,88.01
127,42,2024-11-06,97.36,Low,47.18,73.5,98.43,75.86
128,13,2026-08-19,52.49,High,76.83,94.29,56.01,49.16
129,54,2024-03-25,61.26,High,96.1,95.04,88.22,41.37
130,14,2026-02-05,93.64,Low,62.95,78.44,81.4,45.6
131,8,2026-06-28,92.44,Low,90.41,82.14,71.59,47.94
132,86,2026-03-30,58.25,High,84.4,64.27,48.48,89.45
133,17,2024-03-26,53.05,High,77.97,69.95,95.67,64.13
134,84,2026-05-05,86.45,Low,77.1,86.75,97.28,41.83
135,25,2025-05-23,78.47,Medium,74.38,95.94,45.18,40.23
136,45,2024-05-22,75.14,Medium,79.72,78.05,95.35,96.83
137,46,2026-02-17,71.09,Medium,47.96,77.64,42.95,52.07
138,19,2025-10-22,46.62,Critical,79.66,94.77,56.04,60.38
139,64,2024-09-17,83.96,Medium,88.3,73.39,96.36,48.68
140,45,2024-12-08,49.68,Critical,51.18,83.03,42.68,80.61
141,66,2026-04-02,91.88,Low,78.55,82.39,48.85,77.91
142,67,2026-04-05,66.17,High,62.81,57.28,41.72,87.48
143,24,2025-03-04,58.89,High,86.99,90.83,93.18,55.81
144,52,2025-09-13,81.71,Medium,97.96,42.5,74.77,55.43
145,11,2026-01-16,78.63,Medium,75.07,59.83,63.53,81.27
146,27,2026-07-11,46.87,Critical,63.34,77.62,61.27,88.32
147,29,2025-05-18,72.29,Medium,71.85,95.6,66.57,92.8
148,45,2026-07-22,67.56,High,98.6,77.41,54.26,52.36
149,85,2025-03-02,95.83,Low,78.83,93.1,48.28,75.49
150,12,2026-03-29,97.59,Low,83.61,51.61,62.93,95.33
151,62,2024-10-10,89.03,Low,79.92,66.83,92.93,85.22
152,79,2025-06-05,45.82,Critical,41.0,59.76,85.6,83.82
153,67,2026-02-22,76.1,Medium,59.36,54.75,50.11,83.1
154,38,2025-08-26,61.33,High,82.68,47.32,67.58,73.8
155,7,2024-08-26,95.72,Low,58.46,47.69,54.36,61.5
156,12,2025-02-22,95.74,Low,68.45,78.38,89.2,59.88
157,29,2026-01-17,51.68,High,63.63,40.47,73.4,91.87
158,98,2026-04-14,72.4,Medium,77.61,84.89,64.83,87.98
159,49,2024-06-01,81.5,Medium,75.58,50.01,86.46,96.36
160,69,2026-06-12,80.17,Medium,93.15,71.53,49.88,72.19
161,1,2024-04-23,85.29,Low,71.62,49.26,62.41,42.5
162,66,2025-03-13,72.25,Medium,72.11,57.88,96.53,65.34
163,53,2025-05-29,78.87,Medium,41.11,96.95,56.71,88.1
164,29,2024-10-02,70.42,Medium,84.04,74.47,89.86,68.5
165,19,2024-12-31,49.21,Critical,78.17,44.87,68.65,93.83
166,88,2024-12-03,86.73,Low,75.98,49.52,70.18,77.36
167,36,2025-04-13,73.48,Medium,97.92,45.22,81.15,82.35
168,38,2025-01-30,96.45,Low,81.03,98.97,49.39,66.63
169,98,2026-02-05,51.38,High,79.11,87.39,77.13,65.46
170,43,2025-09-19,56.87,High,64.38,87.23,44.32,61.49
171,83,2026-06-27,68.1,High,46.7,64.2,71.76,65.61
172,93,2026-04-08,45.42,Critical,42.99,97.32,61.06,70.26
173,24,2024-04-22,48.23,Critical,63.76,51.5,42.26,85.52
174,42,2025-10-29,75.51,Medium,78.36,50.35,56.85,47.58
175,36,2026-03-21,85.24,Low,84.71,58.32,79.77,50.04
176,49,2024-02-19,66.74,High,74.06,71.19,55.24,79.29
177,7,2026-04-03,95.61,Low,78.03,70.37,42.02,40.49
178,27,2024-11-03,55.42,High,73.21,44.32,91.26,92.23
179,57,2025-01-18,84.63,Medium,87.67,71.62,64.01,84.81
180,14,2024-11-30,94.21,Low,55.67,65.01,40.95,54.7
181,20,2024-02-11,92.3,Low,76.9,66.25,91.35,95.88
182,52,2024-05-21,78.55,Medium,69.75,42.88,59.97,52.37
183,90,2024-11-02,90.19,Low,77.44,43.78,75.96,49.19
184,68,2024-12-23,88.51,Low,64.53,84.33,95.53,49.21
185,65,2024-02-13,64.31,High,50.24,45.13,92.87,61.45
186,42,2026-05-20,83.3,Medium,87.08,90.31,53.05,54.75
187,3,2025-04-09,80.7,Medium,60.41,59.2,48.33,94.85
188,50,2024-09-23,54.67,High,53.05,76.44,63.86,78.48
189,35,2025-02-08,60.29,High,40.15,73.67,86.61,41.34
190,62,2024-03-25,89.0,Low,79.98,93.62,81.82,96.29
191,78,2025-04-12,71.76,Medium,69.0,62.22,49.19,80.66
192,36,2026-03-23,60.84,High,58.41,86.85,60.34,80.33
193,55,2025-09-26,93.64,Low,72.49,71.2,80.38,54.67
194,100,2025-11-09,79.14,Medium,74.22,56.33,66.7,61.03
195,100,2026-07-08,61.92,High,42.2,41.12,59.57,83.52
196,34,2025-12-26,79.38,Medium,52.61,90.12,53.36,85.95
197,69,2025-05-19,69.95,High,46.11,91.59,88.04,50.48
198,19,2026-04-29,83.47,Medium,74.94,86.06,91.52,43.23
199,52,2025-12-11,95.17,Low,54.46,91.91,60.75,61.6
200,60,2024-02-22,69.73,High,79.84,46.59,96.98,78.61
201,60,2024-08-22,69.11,High,85.99,76.87,55.77,79.79
202,85,2025-07-03,58.91,High,69.03,50.38,96.56,68.1
203,65,2024-09-17,62.85,High,46.23,60.56,78.89,83.87
204,63,2025-02-06,61.38,High,72.04,92.53,62.45,52.84
205,86,2024-08-31,61.65,High,91.64,72.18,98.0,60.97
206,3,2025-11-21,89.2,Low,84.99,87.15,90.2,69.16
207,77,2025-05-14,60.97,High,61.73,70.1,79.22,64.15
208,20,2026-07-20,86.73,Low,71.85,94.54,77.68,47.05
209,25,2024-09-01,66.76,High,52.8,84.16,87.23,78.29
210,57,2024-01-19,45.1,Critical,67.9,55.1,88.41,99.83
211,57,2024-04-08,78.58,Medium,55.27,98.74,80.17,69.35
212,89,2024-10-24,58.01,High,47.47,60.96,59.16,60.4
213,6,2024-08-09,72.46,Medium,69.96,57.0,82.83,64.15
214,16,2024-07-14,69.46,High,76.51,63.3,41.16,67.61
215,79,2025-11-05,80.92,Medium,90.78,85.48,66.3,42.12
216,50,2026-03-20,69.38,High,78.77,74.48,69.33,65.95
217,77,2025-06-25,54.44,High,58.76,80.79,63.87,82.22
218,15,2025-01-08,84.71,Medium,74.7,86.84,79.87,86.24
219,75,2025-02-15,67.48,High,80.61,61.18,51.88,65.71
220,31,2025-11-20,64.5,High,87.74,82.19,75.66,42.73
221,8,2024-05-16,69.09,High,72.04,52.86,86.75,98.02
222,30,2026-04-19,87.44,Low,46.39,51.63,40.44,56.33
223,7,2026-07-21,76.99,Medium,91.44,49.9,78.12,98.53
224,30,2026-05-21,67.91,High,80.34,53.5,68.79,86.31
225,73,2026-02-26,66.94,High,89.21,43.75,81.67,71.21
226,3,2026-02-25,55.39,High,91.25,93.48,40.66,43.09
227,59,2024-08-21,80.7,Medium,88.28,86.45,66.22,61.89
228,20,2024-01-26,65.66,High,70.82,98.46,60.56,96.92
229,86,2026-07-07,67.0,High,83.77,88.59,96.76,82.45
230,9,2025-06-02,52.5,High,91.84,71.39,65.75,75.0
231,12,2025-11-19,87.94,Low,47.71,51.77,88.14,44.53
232,81,2024-11-26,79.86,Medium,92.0,88.31,44.96,46.49
233,63,2025-07-13,86.86,Low,74.06,98.71,90.57,88.6
234,40,2026-02-15,65.9,High,85.53,67.09,55.85,77.75
235,49,2025-12-17,93.48,Low,52.89,62.49,89.14,56.81
236,10,2024-04-09,50.8,High,87.84,81.25,79.94,85.87
237,90,2024-08-06,63.16,High,62.92,67.01,70.67,41.1
238,44,2024-07-30,52.65,High,73.16,78.88,72.39,81.4
239,28,2026-01-09,68.56,High,65.73,58.05,45.98,86.72
240,36,2026-08-19,90.68,Low,44.82,62.92,48.07,41.67
241,10,2025-06-18,58.83,High,54.63,54.58,56.02,43.58
242,13,2025-03-29,50.9,High,50.14,52.42,63.35,51.74
243,66,2026-03-07,70.53,Medium,63.69,57.46,94.48,42.77
244,74,2025-03-07,45.56,Critical,79.68,68.99,46.5,72.61
245,100,2024-05-27,69.65,High,84.43,62.39,68.99,79.25
246,89,2025-10-13,89.43,Low,64.96,97.51,69.94,42.51
247,70,2025-06-12,72.75,Medium,63.69,42.96,57.99,70.06
248,74,2024-08-19,56.79,High,93.16,80.28,63.23,57.84
249,43,2024-09-19,87.18,Low,76.89,68.04,46.55,76.77
250,52,2026-01-05,46.96,Critical,94.37,85.16,76.55,41.23
251,33,2025-08-05,87.19,Low,41.99,73.87,82.58,69.19
252,2,2024-05-13,57.16,High,60.18,79.72,46.87,97.68
253,58,2024-05-06,81.18,Medium,73.14,84.24,62.43,74.43
254,25,2025-07-11,66.05,High,48.53,63.48,97.27,67.74
255,23,2024-12-06,51.25,High,95.34,44.02,54.94,94.08
256,94,2026-06-14,52.34,High,60.46,50.31,87.75,48.44
257,15,2026-01-22,67.44,High,95.75,41.51,82.47,67.33
258,36,2024-05-24,72.26,Medium,91.89,95.68,53.91,86.36
259,48,2026-02-13,73.9,Medium,70.21,57.88,80.95,77.29
260,11,2025-01-05,45.23,Critical,66.92,93.12,59.58,45.07
261,40,2024-09-16,62.92,High,62.64,53.06,81.42,60.71
262,4,2026-01-22,91.43,Low,44.89,42.83,88.47,45.31
263,70,2024-03-29,57.96,High,74.28,62.06,97.09,74.97
264,62,2024-01-13,75.01,Medium,95.9,60.33,85.5,76.17
265,13,2025-05-19,71.12,Medium,44.89,69.16,41.61,41.96
266,53,2026-07-18,71.52,Medium,43.42,74.39,44.42,55.22
267,90,2024-12-03,65.25,High,45.59,63.53,72.45,53.91
268,82,2025-08-27,78.45,Medium,59.25,54.34,63.11,55.53
269,97,2026-02-21,74.54,Medium,89.96,67.45,91.94,66.13
270,8,2024-10-13,45.5,Critical,53.47,59.48,97.25,90.57
271,76,2025-04-10,87.35,Low,80.58,80.1,53.99,44.8
272,98,2024-08-30,70.04,Medium,42.68,53.55,55.85,87.47
273,96,2026-01-12,88.92,Low,67.07,94.74,99.02,93.77
274,34,2024-12-14,97.71,Low,46.98,40.02,72.57,93.81
275,6,2025-12-18,76.09,Medium,92.39,66.33,88.12,90.62
276,70,2024-12-18,49.91,Critical,63.22,91.39,90.71,49.73
277,7,2026-03-09,69.12,High,90.92,93.46,61.59,74.78
278,39,2025-02-27,87.55,Low,89.92,46.31,43.07,97.2
279,74,2024-11-10,70.05,Medium,92.87,61.72,80.42,61.07
280,44,2025-06-08,69.45,High,73.92,67.36,49.99,80.99
281,27,2024-12-11,60.69,High,56.1,99.34,41.48,52.19
282,2,2024-09-21,77.27,Medium,97.4,62.81,91.5,84.5
283,2,2025-01-23,89.67,Low,83.41,83.73,50.92,91.93
284,84,2025-02-21,83.04,Medium,44.06,71.16,95.89,86.91
285,61,2026-02-24,46.79,Critical,91.74,92.99,93.42,66.34
286,48,2026-02-14,69.82,High,79.26,74.17,93.58,64.38
287,49,2025-04-24,56.81,High,75.36,92.76,88.47,95.37
288,9,2024-03-28,80.51,Medium,43.31,66.27,54.3,61.46
289,17,2025-03-05,74.36,Medium,50.34,79.64,41.95,72.38
290,84,2024-10-21,93.56,Low,52.1,53.91,81.06,86.58
291,7,2024-08-08,86.75,Low,77.01,95.74,55.13,62.75
292,52,2026-06-29,88.16,Low,41.65,90.89,96.86,73.96
293,34,2025-11-27,82.51,Medium,95.03,63.93,60.63,47.83
294,44,2026-06-20,68.2,High,63.51,86.71,75.93,45.42
295,65,2025-05-08,63.21,High,82.92,42.91,87.13,91.69
296,34,2026-06-26,58.45,High,89.68,60.18,71.9,86.79
297,44,2024-04-29,58.01,High,97.71,77.91,85.88,71.22
298,2,2025-01-05,58.56,High,61.0,58.66,48.59,88.13
299,42,2025-03-30,58.12,High,64.61,99.6,98.24,61.91
300,4,2026-05-30,70.42,Medium,98.26,65.46,71.8,97.64
301,70,2025-11-26,66.04,High,50.83,53.72,75.41,47.8
302,16,2024-03-17,58.2,High,95.02,42.05,93.96,77.29
303,92,2025-07-27,92.89,Low,64.08,64.88,52.53,75.51
304,74,2025-07-06,80.08,Medium,88.67,73.95,86.6,49.57
305,67,2026-04-26,71.34,Medium,87.85,44.58,88.09,88.33
306,73,2025-02-22,64.2,High,50.42,89.05,68.43,79.99
307,51,2024-04-27,61.41,High,65.63,54.07,85.61,72.51
308,65,2024-01-05,45.35,Critical,41.16,44.71,42.48,71.62
309,40,2024-03-22,62.94,High,49.0,41.27,80.87,83.84
310,84,2024-03-25,84.86,Medium,83.39,69.35,57.85,96.83
311,9,2025-06-26,66.11,High,69.9,48.25,91.89,44.09
312,35,2024-05-14,66.51,High,92.47,59.17,84.38,86.8
313,46,2025-11-28,54.07,High,80.83,66.84,56.55,89.51
314,30,2025-02-11,90.99,Low,43.32,72.07,86.02,57.54
315,70,2026-04-04,94.4,Low,51.32,40.8,98.06,70.46
316,64,2024-08-31,52.51,High,81.33,52.97,72.09,78.66
317,55,2024-03-31,47.6,Critical,91.87,60.13,98.67,49.21
318,18,2024-03-18,66.27,High,56.07,79.82,60.53,82.22
319,80,2024-01-08,78.62,Medium,45.74,42.66,46.41,65.94
320,78,2025-05-09,97.0,Low,80.16,41.66,47.75,44.42
321,17,2026-05-18,47.45,Critical,73.74,72.98,83.25,47.58
322,30,2025-08-01,82.37,Medium,67.0,40.23,56.12,78.85
323,26,2025-08-22,84.96,Medium,60.43,49.69,94.57,60.62
324,81,2026-07-25,93.15,Low,59.36,47.49,65.76,52.66
325,78,2024-03-26,79.23,Medium,56.95,49.89,41.16,87.25
326,43,2025-04-15,89.02,Low,58.16,91.55,99.7,97.79
327,24,2026-04-10,60.85,High,68.06,54.29,64.72,63.13
328,45,2025-06-13,76.87,Medium,95.54,54.26,44.21,58.02
329,74,2026-03-21,95.48,Low,94.9,83.66,54.14,95.44
330,56,2025-04-17,82.54,Medium,68.8,92.91,55.47,51.48
331,40,2026-06-23,55.47,High,60.56,58.26,93.8,71.13
332,22,2026-06-06,76.99,Medium,62.58,68.59,60.25,64.37
333,92,2024-08-16,90.12,Low,93.66,91.99,78.86,90.1
334,79,2024-02-18,93.54,Low,85.77,53.58,95.69,78.84
335,83,2024-10-27,60.73,High,68.25,91.85,97.66,77.59
336,93,2024-10-20,47.64,Critical,40.57,43.95,81.94,68.98
337,62,2024-10-21,67.01,High,92.74,64.33,81.67,98.14
338,18,2024-09-24,51.67,High,75.63,95.37,53.25,86.91
339,30,2026-02-17,47.81,Critical,45.07,97.45,95.38,77.77
340,8,2025-11-26,93.36,Low,59.93,68.01,46.52,82.64
341,97,2026-04-19,69.39,High,50.94,58.64,43.95,69.48
342,43,2026-03-17,67.32,High,40.76,40.69,43.95,55.95
343,79,2024-08-10,87.25,Low,98.73,76.65,99.1,56.37
344,40,2025-08-12,53.67,High,72.32,54.54,87.64,85.7
345,98,2025-03-03,62.12,High,81.06,94.7,68.88,68.6
346,11,2024-09-12,97.1,Low,91.78,41.19,50.13,65.88
347,21,2025-04-21,84.31,Medium,83.72,54.18,59.47,42.56
348,26,2025-07-30,52.59,High,40.95,42.28,98.28,43.34
349,39,2025-02-20,89.65,Low,44.05,90.44,58.71,48.74
350,65,2026-05-12,70.91,Medium,84.25,59.49,55.59,96.3
351,92,2024-06-29,93.82,Low,78.48,47.5,77.15,75.92
352,93,2024-03-03,82.38,Medium,84.08,66.57,61.82,91.78
353,74,2024-07-20,56.91,High,58.35,53.87,74.47,75.25
354,36,2024-08-05,61.93,High,84.36,80.31,91.91,87.47
355,89,2025-06-09,63.38,High,68.13,81.63,60.06,51.89
356,66,2024-08-14,50.23,High,54.78,96.06,53.95,60.42
357,81,2025-11-26,92.6,Low,52.49,50.85,53.8,58.61
358,23,2026-02-15,53.08,High,68.54,55.21,78.01,72.32
359,25,2025-04-14,82.87,Medium,49.44,54.5,60.81,59.45
360,10,2024-05-08,66.19,High,54.91,47.92,45.75,41.7
361,91,2026-08-27,49.76,Critical,61.39,72.06,69.92,88.24
362,35,2025-12-16,78.6,Medium,43.14,49.11,93.72,89.07
363,87,2024-12-15,60.86,High,63.6,44.27,75.62,49.38
364,48,2024-05-14,90.36,Low,59.24,70.64,88.76,96.48
365,99,2025-08-23,72.39,Medium,45.47,54.97,98.64,98.42
366,45,2024-12-23,92.88,Low,82.93,53.39,81.32,76.67
367,33,2024-03-11,94.37,Low,76.99,92.47,46.6,81.52
368,97,2025-05-23,61.65,High,96.96,93.65,63.54,87.85
369,23,2025-10-08,95.82,Low,78.98,98.84,64.57,41.05
370,56,2025-02-24,51.38,High,48.05,91.12,80.28,92.36
371,85,2026-08-29,64.33,High,82.97,54.25,47.89,92.44
372,1,2026-08-20,69.28,High,44.39,42.49,49.23,58.86
373,72,2025-05-27,79.96,Medium,88.52,80.06,65.2,66.72
374,10,2025-12-03,61.22,High,52.95,97.86,41.44,96.0
375,6,2025-08-30,84.49,Medium,42.28,42.65,94.99,85.92
376,54,2026-05-19,83.83,Medium,43.0,52.99,48.93,89.86
377,68,2024-04-10,71.54,Medium,72.28,52.43,56.86,98.43
378,51,2025-01-30,79.79,Medium,96.3,73.29,46.83,98.01
379,61,2026-01-21,82.51,Medium,61.14,71.65,81.1,95.96
380,77,2024-12-24,47.42,Critical,77.66,79.65,62.91,99.6
381,98,2026-02-15,74.51,Medium,49.62,68.72,71.44,40.72
382,20,2024-06-09,82.87,Medium,89.45,83.44,99.01,46.74
383,86,2024-10-24,95.01,Low,66.85,77.94,67.49,61.1
384,37,2025-06-12,45.94,Critical,53.4,83.47,86.86,97.57
385,29,2025-02-13,47.63,Critical,76.22,97.14,71.23,75.9
386,81,2025-01-15,97.4,Low,46.19,55.32,98.62,76.45
387,27,2026-07-02,66.82,High,44.77,63.25,55.81,42.12
388,56,2025-06-11,65.08,High,83.39,66.97,44.1,73.67
389,98,2024-04-13,71.05,Medium,45.04,58.26,65.87,61.07
390,78,2026-04-20,87.17,Low,64.13,99.81,54.94,85.03
391,65,2025-10-02,47.59,Critical,79.35,52.57,95.92,40.98
392,5,2025-06-25,52.14,High,90.09,60.77,59.88,87.46
393,31,2025-12-21,85.84,Low,68.61,87.68,41.11,52.0
394,49,2025-07-24,71.24,Medium,68.86,75.51,49.65,64.94
395,48,2025-05-07,60.01,High,80.4,40.76,46.21,55.76
396,8,2025-01-18,52.34,High,97.32,57.4,59.27,79.49
397,44,2024-02-02,60.68,High,70.44,84.66,42.19,73.82
398,71,2025-08-04,89.68,Low,90.8,64.09,67.49,71.23
399,62,2025-01-21,52.16,High,45.84,52.87,52.13,87.61
400,37,2024-08-13,58.18,High,86.35,43.57,41.79,44.77
401,29,2025-09-21,61.58,High,58.43,96.21,99.15,69.5
402,92,2025-03-24,59.73,High,99.5,73.98,78.63,58.85
403,35,2025-01-31,66.91,High,49.16,77.15,81.59,61.55
404,67,2025-01-21,77.1,Medium,49.41,60.21,67.14,59.64
405,52,2024-06-18,47.95,Critical,47.64,42.24,53.47,97.24
406,5,2026-01-31,64.73,High,68.09,91.19,98.54,46.13
407,47,2025-01-12,49.18,Critical,71.12,84.19,89.56,46.14
408,67,2024-06-18,90.09,Low,86.33,70.41,94.49,60.21
409,53,2024-02-14,66.33,High,82.58,88.06,90.99,53.05
410,17,2025-07-20,70.85,Medium,57.63,56.52,78.09,42.02
411,72,2024-07-17,65.23,High,64.98,59.58,68.42,76.69
412,71,2026-05-26,87.95,Low,91.47,58.16,49.32,48.68
413,34,2024-06-01,81.79,Medium,55.06,72.65,63.57,83.45
414,32,2024-08-28,91.02,Low,67.72,58.01,42.49,96.58
415,15,2024-02-02,93.41,Low,81.73,62.82,62.84,75.23
416,16,2026-03-17,93.76,Low,47.29,85.73,80.17,64.53
417,50,2024-09-27,49.52,Critical,67.25,86.95,45.55,70.08
418,96,2024-04-14,51.58,High,88.87,88.25,76.94,84.02
419,49,2025-11-23,95.69,Low,75.95,93.3,83.58,64.55
420,71,2024-08-04,80.46,Medium,57.37,98.13,53.23,44.71
421,12,2024-03-12,55.49,High,70.94,46.65,91.47,91.29
422,82,2024-01-10,50.49,High,96.93,60.51,45.16,82.23
423,21,2024-04-28,61.69,High,66.7,75.23,40.13,58.71
424,5,2025-02-28,71.62,Medium,40.08,84.69,87.54,88.4
425,50,2024-10-30,69.02,High,79.63,70.2,71.59,44.15
426,26,2026-04-08,50.54,High,88.43,85.78,63.38,58.88
427,17,2024-06-05,95.16,Low,67.46,79.68,68.34,56.13
428,7,2024-10-01,69.11,High,41.64,52.89,99.59,66.98
429,34,2025-08-17,77.77,Medium,76.81,98.17,66.99,76.26
430,30,2024-04-19,58.09,High,82.48,63.59,98.18,76.89
431,12,2025-10-07,54.85,High,64.27,58.03,40.26,63.12
432,29,2026-02-16,53.89,High,88.54,61.04,96.42,82.17
433,72,2025-05-15,47.41,Critical,95.53,63.79,45.26,90.19
434,11,2025-06-30,46.42,Critical,76.15,78.64,57.72,87.21
435,22,2025-02-09,62.07,High,42.25,95.86,41.28,56.85
436,38,2025-02-13,95.38,Low,67.83,58.02,73.69,86.49
437,82,2025-06-15,75.95,Medium,75.46,70.53,71.01,68.04
438,84,2026-04-07,58.06,High,46.39,99.29,95.28,67.36
439,60,2024-03-14,45.21,Critical,66.67,96.98,85.91,53.32
440,62,2026-07-18,61.6,High,58.6,51.84,52.12,99.41
441,5,2024-04-15,68.54,High,46.64,93.1,66.54,74.42
442,98,2024-02-23,67.43,High,99.56,56.68,41.42,95.31
443,35,2024-03-29,60.19,High,96.69,88.61,60.05,75.52
444,58,2024-08-25,59.8,High,54.0,79.72,58.18,73.88
445,53,2026-08-05,97.2,Low,60.55,96.41,53.73,99.14
446,62,2024-01-28,86.14,Low,89.11,83.61,61.61,94.41
447,97,2025-09-24,47.94,Critical,81.68,75.14,50.81,77.59
448,45,2025-01-30,56.37,High,83.06,97.43,76.81,78.86
449,59,2025-04-10,57.47,High,52.99,74.08,58.21,65.65
450,20,2025-05-22,59.47,High,83.06,49.13,95.09,87.57
451,72,2026-05-16,88.6,Low,71.56,91.47,98.18,54.62
452,80,2025-05-05,53.13,High,79.53,63.28,67.19,45.55
453,90,2026-08-05,49.15,Critical,97.54,56.41,52.05,47.46
454,98,2025-09-15,70.53,Medium,63.43,96.23,65.83,61.92
455,72,2025-05-04,78.98,Medium,92.36,89.49,67.75,47.52
456,92,2024-05-19,51.44,High,60.34,63.59,88.69,73.44
457,25,2025-01-14,94.53,Low,85.01,63.59,64.04,89.18
458,69,2025-04-03,81.78,Medium,40.93,96.32,79.76,77.7
459,42,2024-01-06,64.11,High,90.82,53.85,83.04,55.03
460,17,2026-05-10,70.2,Medium,98.93,83.46,99.13,63.85
461,96,2024-06-03,75.91,Medium,61.73,47.57,90.03,78.91
462,43,2026-08-04,46.26,Critical,50.42,99.09,40.43,80.01
463,15,2026-02-06,80.36,Medium,43.32,89.08,65.45,64.92
464,75,2025-07-29,69.36,High,55.48,55.14,86.28,77.41
465,66,2026-08-28,49.34,Critical,45.26,53.86,42.81,84.39
466,66,2026-02-21,52.42,High,51.59,91.22,79.96,62.53
467,74,2026-02-21,78.1,Medium,80.82,97.01,94.79,89.2
468,52,2024-07-20,70.34,Medium,80.43,53.08,43.68,79.92
469,68,2025-11-23,51.62,High,93.34,98.74,96.92,54.7
470,53,2026-08-19,90.37,Low,61.77,59.02,65.14,76.35
471,17,2026-03-01,97.35,Low,99.48,72.82,92.73,41.26
472,28,2025-06-22,84.78,Medium,83.63,63.86,57.25,68.84
473,9,2025-10-04,78.82,Medium,98.48,53.4,41.74,51.37
474,34,2025-12-07,85.52,Low,77.67,76.45,65.41,51.36
475,81,2024-03-08,77.3,Medium,64.83,67.75,56.43,90.2
476,19,2025-08-14,56.94,High,79.99,82.78,84.05,79.52
477,44,2026-07-10,52.42,High,72.02,93.13,78.1,64.14
478,59,2024-06-28,93.31,Low,62.83,76.15,67.67,55.6
479,80,2026-05-15,75.09,Medium,91.6,96.18,58.78,94.42
480,54,2024-09-21,85.37,Low,58.08,71.21,85.61,54.9
481,96,2026-02-24,78.38,Medium,82.21,72.53,70.44,92.33
482,15,2026-03-12,48.94,Critical,98.27,53.25,65.57,41.46
483,91,2024-11-24,72.55,Medium,73.72,68.73,90.45,59.04
484,45,2025-11-06,76.47,Medium,86.9,43.35,78.42,63.32
485,22,2025-06-27,86.34,Low,68.73,76.58,50.3,61.38
486,13,2024-01-17,81.47,Medium,82.79,55.99,63.41,54.12
487,22,2024-07-01,51.16,High,93.18,98.0,63.72,41.35
488,19,2025-06-04,55.08,High,57.82,72.11,40.4,77.35
489,45,2025-08-26,79.87,Medium,74.07,69.38,86.17,83.29
490,74,2026-04-30,55.36,High,61.54,69.33,74.73,85.82
491,9,2025-10-20,74.91,Medium,88.97,55.29,67.09,80.93
492,10,2025-11-22,48.41,Critical,52.99,63.49,95.35,40.71
493,91,2024-05-31,72.97,Medium,97.68,63.58,79.18,91.77
494,14,2025-01-08,50.48,High,96.88,57.5,91.01,52.32
495,4,2025-07-10,87.21,Low,42.58,63.88,54.95,84.59
496,66,2025-08-14,82.07,Medium,97.84,77.7,99.65,73.52
497,66,2026-07-19,69.72,High,90.31,50.28,46.64,93.28
498,88,2025-06-21,82.95,Medium,52.16,50.31,66.48,82.98
499,46,2024-10-24,85.41,Low,72.69,48.96,40.16,48.02
500,9,2026-05-15,77.71,Medium,41.35,57.7,72.69,55.2
501,87,2025-11-29,48.68,Critical,82.99,69.4,81.89,85.72
502,27,2024-11-30,78.35,Medium,43.97,77.48,83.84,61.21
503,12,2024-01-20,81.27,Medium,41.1,61.81,44.85,70.8
504,80,2025-07-04,61.09,High,86.12,82.6,47.73,92.63
505,27,2024-01-14,81.57,Medium,52.59,40.64,67.11,47.74
506,42,2026-02-02,47.03,Critical,79.25,53.85,82.32,51.42
507,35,2026-06-17,81.19,Medium,89.16,56.48,99.75,59.85
508,27,2025-03-21,75.44,Medium,86.05,48.49,97.4,41.81
509,78,2025-03-01,50.93,High,82.57,53.27,65.32,93.99
510,55,2026-05-06,77.45,Medium,73.49,83.61,58.33,54.92
511,1,2024-10-12,58.47,High,94.59,43.86,41.13,45.98
512,51,2025-04-20,58.99,High,40.26,81.15,57.24,87.33
513,43,2024-04-12,74.27,Medium,59.75,79.35,69.39,57.96
514,75,2026-04-30,95.1,Low,81.6,70.94,75.18,57.74
515,16,2024-11-21,64.01,High,89.09,79.25,97.86,64.48
516,74,2025-03-01,96.85,Low,45.92,83.13,51.71,59.79
517,21,2025-01-16,82.54,Medium,49.59,54.67,49.76,79.64
518,71,2024-11-28,94.58,Low,70.19,72.89,99.05,78.88
519,82,2024-12-24,61.12,High,95.27,84.41,97.28,91.05
520,40,2025-02-18,71.34,Medium,50.46,60.39,92.22,51.91
521,47,2024-04-19,47.48,Critical,45.22,94.88,86.58,89.02
522,41,2025-03-21,71.85,Medium,90.09,67.78,82.25,73.13
523,23,2024-08-14,66.3,High,44.95,66.71,71.89,41.12
524,31,2026-07-19,46.05,Critical,97.83,88.14,72.02,87.85
525,1,2025-08-30,82.46,Medium,68.25,90.21,65.91,87.96
526,40,2024-05-14,88.82,Low,50.69,99.5,53.21,97.44
527,43,2026-02-25,95.86,Low,57.7,83.85,75.78,50.86
528,42,2024-12-27,84.03,Medium,73.81,66.58,66.7,75.98
529,12,2024-07-11,50.67,High,87.12,99.37,87.85,53.41
530,91,2024-12-05,61.19,High,68.06,98.29,66.53,55.01
531,99,2024-04-16,91.0,Low,45.27,63.34,72.97,98.73
532,46,2025-08-07,96.3,Low,67.89,96.92,87.88,46.54
533,45,2024-06-20,79.94,Medium,50.89,86.6,52.09,82.56
534,77,2024-03-03,86.17,Low,40.47,70.84,56.34,65.96
535,96,2025-11-18,48.73,Critical,70.46,74.67,70.97,77.05
536,30,2026-07-31,45.37,Critical,69.75,63.42,46.35,47.01
537,32,2025-08-08,83.72,Medium,76.26,78.34,74.64,91.62
538,77,2024-04-17,51.71,High,78.0,95.74,81.76,96.1
539,29,2025-11-24,56.2,High,69.15,72.46,71.14,61.17
540,19,2026-01-21,72.21,Medium,78.56,96.6,91.65,70.73
541,66,2025-07-13,79.55,Medium,86.38,55.49,54.09,74.52
542,51,2024-02-22,81.92,Medium,82.71,93.79,40.51,40.24
543,31,2024-10-18,71.31,Medium,76.93,98.81,90.98,96.56
544,84,2026-03-11,88.66,Low,56.6,67.75,94.04,79.57
545,40,2026-05-20,59.69,High,97.78,67.11,74.89,89.7
546,96,2025-01-29,67.58,High,78.41,95.58,57.09,53.94
547,99,2024-12-29,68.95,High,99.61,46.55,63.46,96.2
548,94,2024-12-15,58.73,High,74.78,95.18,52.56,76.67
549,43,2025-10-14,95.6,Low,82.64,74.06,43.25,88.74
550,91,2025-03-15,86.49,Low,61.83,91.3,67.03,85.38
551,87,2025-03-02,71.33,Medium,79.96,87.84,44.32,68.62
552,40,2024-08-11,97.79,Low,99.46,80.63,69.33,97.31
553,27,2025-03-29,48.01,Critical,79.13,45.87,81.2,67.96
554,50,2026-08-01,49.98,Critical,81.16,91.59,58.98,41.53
555,81,2025-06-04,45.14,Critical,72.08,63.27,49.4,51.44
556,92,2024-11-25,82.71,Medium,56.95,54.18,51.35,74.9
557,78,2025-07-21,63.02,High,59.98,85.95,83.68,53.45
558,98,2024-05-21,97.98,Low,95.78,81.0,63.56,51.73
559,59,2025-12-12,57.61,High,80.26,59.86,47.13,77.38
560,20,2025-12-07,58.91,High,43.22,48.38,47.68,56.07
561,63,2025-03-10,48.97,Critical,87.53,59.78,42.0,54.58
562,46,2024-12-18,61.64,High,81.69,99.2,42.51,98.92
563,5,2024-04-26,47.17,Critical,68.22,44.42,65.09,58.55
564,47,2026-03-29,74.87,Medium,68.21,63.5,85.96,46.47
565,73,2025-11-09,58.21,High,75.82,97.39,48.85,80.62
566,97,2026-05-12,86.64,Low,65.11,41.78,84.1,46.2
567,20,2024-06-02,53.95,High,94.38,72.46,54.21,82.61
568,4,2024-10-30,64.33,High,57.0,73.45,61.16,80.27
569,33,2024-11-27,64.66,High,88.68,60.41,59.98,47.56
570,53,2024-12-06,56.25,High,65.72,69.98,69.24,72.34
571,87,2026-03-23,61.52,High,52.98,78.77,69.29,91.47
572,25,2025-09-07,75.56,Medium,43.7,80.7,64.66,41.75
573,23,2026-04-24,81.8,Medium,54.65,73.93,83.25,98.98
574,19,2025-03-10,95.25,Low,93.39,73.77,51.02,81.14
575,20,2025-03-30,48.29,Critical,62.47,60.23,41.4,46.25
576,99,2025-03-18,77.09,Medium,78.6,94.96,41.43,83.28
577,44,2024-06-25,80.95,Medium,42.32,52.43,90.9,55.17
578,79,2025-03-22,46.76,Critical,75.95,93.64,94.74,62.94
579,94,2025-10-26,48.92,Critical,51.62,54.26,81.18,53.87
580,95,2026-05-09,78.67,Medium,44.35,75.78,74.68,62.68
581,84,2024-04-25,77.3,Medium,40.15,60.23,41.49,45.1
582,23,2024-02-13,93.74,Low,91.95,93.86,47.56,48.72
583,30,2025-03-31,79.58,Medium,84.92,50.91,86.76,58.93
584,80,2025-05-17,74.66,Medium,84.12,72.13,66.69,49.99
585,71,2024-03-04,94.48,Low,64.01,49.04,81.58,71.11
586,89,2024-01-27,84.61,Medium,97.6,98.85,50.04,98.56
587,71,2024-10-25,47.81,Critical,55.52,82.22,61.94,74.78
588,18,2024-10-04,84.25,Medium,69.46,40.79,74.07,89.11
589,3,2026-06-26,79.28,Medium,89.82,55.92,49.34,77.66
590,44,2025-04-17,54.37,High,53.05,73.01,81.69,68.16
591,71,2024-09-24,93.03,Low,40.85,40.22,81.81,76.36
592,54,2025-04-24,61.86,High,67.49,92.05,99.64,45.18
593,79,2025-09-13,72.24,Medium,67.23,95.28,72.75,49.3
594,67,2025-09-05,48.25,Critical,48.18,87.8,48.8,64.06
595,93,2025-10-21,48.77,Critical,85.35,55.43,66.25,40.08
596,26,2024-03-17,90.88,Low,78.73,96.49,42.0,63.23
597,92,2025-06-11,66.08,High,40.63,52.08,81.4,97.82
598,52,2025-04-28,65.03,High,98.16,74.63,62.06,43.85
599,60,2024-07-14,75.88,Medium,93.85,92.81,85.66,99.8
600,18,2025-01-04,74.5,Medium,54.29,62.38,81.14,44.99
601,52,2024-03-27,86.97,Low,74.61,45.14,77.01,80.85
602,72,2025-03-26,46.05,Critical,40.17,82.15,68.28,81.53
603,100,2025-02-13,83.37,Medium,69.15,93.9,62.02,42.36
604,60,2026-01-11,79.39,Medium,96.94,68.28,57.11,57.1
605,29,2025-07-15,67.51,High,74.74,83.92,75.83,67.18
606,20,2024-10-27,79.35,Medium,64.74,80.18,59.65,44.04
607,5,2025-08-07,94.1,Low,95.51,43.07,68.14,88.91
608,64,2025-01-05,74.43,Medium,41.68,50.6,62.33,48.92
609,86,2025-04-29,60.32,High,49.81,85.76,77.6,82.2
610,80,2024-03-24,54.31,High,40.72,80.47,77.21,93.14
611,47,2026-03-20,92.94,Low,76.18,56.14,67.64,81.57
612,85,2024-12-07,90.59,Low,78.4,92.09,65.34,75.7
613,96,2026-02-05,97.35,Low,58.55,89.88,50.02,49.08
614,85,2025-09-22,80.94,Medium,85.81,55.47,78.91,43.37
615,11,2024-04-25,66.44,High,60.95,83.13,66.45,42.36
616,88,2024-04-05,90.09,Low,94.03,99.72,54.3,96.25
617,79,2026-06-08,85.67,Low,66.65,65.42,85.1,84.49
618,99,2025-09-14,86.52,Low,66.84,72.01,84.61,94.03
619,99,2026-05-07,93.61,Low,71.81,60.61,86.01,88.5
620,59,2025-11-04,60.96,High,42.79,61.79,57.9,83.42
621,67,2024-10-08,71.98,Medium,56.37,76.74,70.93,52.69
622,44,2024-06-24,71.68,Medium,56.99,42.71,61.33,55.33
623,43,2025-09-24,46.42,Critical,74.65,66.2,50.96,62.43
624,32,2025-03-27,61.82,High,84.2,46.56,94.08,45.43
625,8,2025-06-14,93.29,Low,62.32,81.58,44.25,72.05
626,53,2026-07-07,80.9,Medium,70.7,73.23,99.73,59.29
627,29,2024-03-19,88.38,Low,54.57,89.61,64.72,70.0
628,27,2025-11-05,47.77,Critical,67.24,81.67,79.05,81.59
629,69,2026-02-16,45.44,Critical,42.39,49.37,79.4,65.12
630,20,2026-08-29,63.35,High,69.72,95.95,40.52,91.09
631,38,2024-06-16,73.97,Medium,89.36,71.02,93.06,69.06
632,71,2026-01-05,90.82,Low,76.59,98.1,91.23,88.26
633,61,2024-09-18,96.5,Low,76.53,72.39,66.81,63.2
634,38,2024-09-10,54.25,High,96.13,97.5,68.91,72.86
635,33,2026-03-24,81.16,Medium,92.77,44.84,65.79,67.48
636,64,2024-02-18,62.81,High,88.52,60.65,48.64,89.93
637,24,2026-06-04,67.46,High,96.56,65.67,95.17,71.11
638,80,2025-07-08,69.11,High,71.48,96.44,59.84,56.73
639,66,2025-04-07,58.67,High,85.51,97.99,54.14,40.26
640,79,2024-05-19,94.09,Low,83.32,74.87,81.52,52.78
641,1,2025-09-08,81.64,Medium,66.1,81.72,59.97,99.46
642,90,2024-09-14,75.82,Medium,62.61,54.95,76.17,46.65
643,36,2025-06-24,89.6,Low,57.18,57.68,76.24,65.32
644,86,2024-05-01,63.52,High,95.27,44.19,61.61,73.26
645,52,2024-05-15,52.21,High,82.07,54.4,93.78,97.97
646,60,2025-03-04,46.5,Critical,60.12,55.14,41.82,58.96
647,30,2024-02-05,50.41,High,47.88,47.83,78.14,57.97
648,32,2026-05-07,47.8,Critical,66.4,80.51,88.51,94.82
649,92,2025-05-18,84.77,Medium,44.04,64.83,78.92,57.06
650,59,2024-12-26,91.23,Low,65.1,91.69,87.99,46.31
651,81,2025-07-10,49.05,Critical,81.91,69.49,90.85,73.46
652,63,2026-03-28,73.6,Medium,42.85,63.71,44.65,81.82
653,39,2026-06-01,63.38,High,70.64,70.82,62.6,61.22
654,42,2024-10-30,82.56,Medium,44.79,95.81,49.91,91.27
655,88,2024-12-12,72.68,Medium,48.37,96.29,94.89,71.4
656,70,2025-08-21,65.2,High,42.49,95.52,90.05,76.81
657,50,2026-01-01,76.23,Medium,76.34,85.67,50.54,70.09
658,21,2026-05-10,97.66,Low,71.96,57.19,93.01,59.7
659,6,2025-11-16,57.85,High,53.21,80.47,88.87,72.42
660,59,2026-01-21,49.83,Critical,85.28,50.06,84.75,95.08
661,27,2026-08-25,90.98,Low,62.9,66.19,57.58,87.26
662,96,2025-02-02,70.47,Medium,48.17,96.68,82.15,86.67
663,24,2025-06-25,69.97,High,67.77,62.72,41.74,54.59
664,1,2026-07-23,71.81,Medium,68.99,73.66,89.87,66.26
665,11,2024-01-08,95.7,Low,64.4,79.95,53.65,53.31
666,82,2026-04-12,78.56,Medium,92.21,85.4,97.36,82.25
667,62,2026-07-01,57.86,High,65.52,51.57,79.02,91.53
668,58,2025-12-31,71.48,Medium,86.03,43.36,59.84,60.38
669,46,2025-04-26,82.4,Medium,53.1,96.49,86.56,53.24
670,82,2024-05-09,80.47,Medium,50.21,60.66,95.47,66.89
671,3,2024-06-16,61.55,High,87.32,42.51,83.61,49.14
672,44,2026-07-19,62.9,High,64.63,76.22,87.38,81.04
673,75,2026-07-02,87.18,Low,94.93,67.49,42.32,46.26
674,54,2025-07-25,70.26,Medium,72.25,97.26,61.58,75.03
675,82,2024-10-19,86.57,Low,63.98,78.7,53.97,63.46
676,44,2024-01-11,65.15,High,57.82,97.92,70.89,95.65
677,34,2025-03-17,84.54,Medium,69.97,53.7,51.24,50.7
678,10,2024-06-15,96.14,Low,57.01,76.14,61.13,67.91
679,89,2024-01-11,68.2,High,79.55,65.39,49.7,80.64
680,34,2025-08-19,94.82,Low,90.42,80.65,56.74,49.58
681,36,2025-02-26,46.68,Critical,41.44,73.31,59.38,43.55
682,17,2024-02-18,95.03,Low,53.52,97.31,74.56,41.74
683,16,2026-08-26,57.79,High,70.27,45.47,85.55,48.63
684,29,2025-03-10,58.13,High,72.98,43.2,93.47,72.89
685,10,2025-11-20,47.02,Critical,41.01,47.02,89.12,52.4
686,36,2024-07-21,89.4,Low,59.56,67.5,47.76,79.36
687,63,2026-02-24,53.78,High,67.65,99.88,95.56,61.95
688,56,2025-01-11,79.98,Medium,67.76,94.99,80.07,57.75
689,64,2024-12-17,63.05,High,76.7,62.25,62.07,93.46
690,42,2024-09-02,92.52,Low,81.3,63.2,73.79,77.89
691,57,2025-06-10,51.08,High,61.87,93.41,90.39,93.85
692,72,2024-12-19,56.89,High,96.52,81.38,47.86,91.19
693,47,2026-08-13,52.6,High,43.7,67.19,80.12,71.78
694,65,2026-02-16,53.69,High,44.46,79.01,45.78,44.03
695,81,2024-04-04,82.62,Medium,57.96,94.46,69.49,82.63
696,41,2026-04-03,52.89,High,52.27,87.37,79.89,68.42
697,50,2026-06-21,85.55,Low,55.72,52.15,70.77,86.48
698,19,2024-02-28,60.91,High,51.31,83.73,80.99,54.52
699,93,2026-03-15,94.67,Low,50.11,99.52,92.68,57.14
700,95,2025-08-19,82.22,Medium,52.02,86.37,54.01,78.64
701,3,2024-04-02,75.52,Medium,50.56,82.99,89.36,94.07
702,47,2025-11-06,83.08,Medium,49.89,68.69,59.02,74.09
703,91,2026-08-05,46.43,Critical,89.04,76.47,55.17,48.18
704,84,2024-06-06,57.54,High,59.5,64.4,45.18,94.0
705,12,2026-03-11,95.61,Low,46.83,87.99,84.46,83.79
706,30,2025-05-29,58.89,High,82.6,68.38,52.13,76.05
707,88,2025-12-09,78.04,Medium,50.55,67.7,72.81,45.23
708,64,2026-04-19,57.68,High,47.71,86.08,49.04,86.4
709,80,2025-12-13,49.57,Critical,82.46,70.15,99.64,42.37
710,38,2024-11-08,76.38,Medium,73.63,49.77,71.54,76.14
711,72,2025-06-24,73.89,Medium,82.68,74.7,80.65,58.12
712,47,2024-04-29,53.36,High,89.47,46.46,74.54,75.41
713,66,2025-11-17,53.17,High,53.02,59.26,97.85,83.62
714,90,2025-03-28,55.97,High,97.55,54.01,65.86,91.75
715,52,2024-11-03,70.92,Medium,98.43,82.69,81.75,44.15
716,62,2026-05-28,49.51,Critical,79.31,81.45,94.11,45.53
717,15,2026-03-23,92.06,Low,85.76,57.43,59.26,92.01
718,15,2024-07-29,57.68,High,86.9,41.38,93.24,54.94
719,34,2025-03-16,76.4,Medium,41.67,69.59,55.37,71.15
720,99,2024-02-29,65.71,High,89.58,69.76,60.81,82.2
721,46,2025-10-30,82.5,Medium,67.55,53.57,89.53,85.35
722,27,2024-01-27,51.24,High,90.11,79.73,97.58,70.23
723,10,2026-05-23,49.92,Critical,80.31,98.6,43.29,86.23
724,89,2026-05-17,85.02,Low,98.26,97.25,85.58,74.4
725,49,2024-07-29,90.56,Low,43.63,63.94,67.7,40.82
726,77,2025-02-16,77.2,Medium,94.84,91.76,98.07,63.83
727,78,2026-01-02,58.01,High,48.22,85.95,53.09,67.67
728,4,2026-01-30,71.14,Medium,80.87,71.37,40.53,41.59
729,64,2024-03-08,90.93,Low,56.46,42.91,65.25,54.98
730,28,2026-05-14,60.81,High,41.84,85.16,60.26,72.07
731,63,2026-06-21,60.54,High,81.75,81.61,73.12,77.38
732,84,2025-04-24,54.07,High,60.1,83.93,90.44,69.57
733,19,2026-06-29,72.8,Medium,59.5,72.5,81.55,81.15
734,71,2026-01-30,95.11,Low,56.46,58.98,92.22,52.69
735,99,2025-08-12,51.06,High,97.29,86.9,97.83,95.16
736,67,2026-03-07,90.68,Low,85.06,65.7,72.56,94.53
737,71,2024-07-19,82.65,Medium,63.78,73.76,78.09,48.72
738,31,2024-02-03,73.19,Medium,55.49,54.12,55.32,61.85
739,40,2026-07-09,66.9,High,87.97,71.04,84.28,96.62
740,35,2024-08-24,50.21,High,69.47,45.3,42.32,53.68
741,59,2026-06-30,62.64,High,50.12,66.54,63.98,47.31
742,46,2024-01-05,72.21,Medium,70.77,46.65,86.58,55.18
743,11,2024-07-01,64.6,High,72.64,82.4,82.68,82.18
744,9,2025-07-05,48.85,Critical,62.87,46.12,63.2,41.86
745,26,2024-03-18,91.5,Low,45.36,76.45,63.98,84.9
746,43,2025-12-27,63.11,High,77.84,62.75,61.04,55.49
747,95,2024-09-09,66.11,High,62.79,85.18,95.49,96.59
748,30,2024-04-01,71.49,Medium,99.32,88.42,51.9,92.64
749,87,2025-12-03,59.45,High,58.89,99.51,90.86,61.25
750,53,2024-01-30,86.76,Low,40.53,99.55,91.07,45.56
751,53,2024-05-20,79.11,Medium,49.13,86.53,97.39,98.12
752,49,2025-04-27,87.39,Low,94.43,81.22,81.43,79.1
753,94,2025-03-31,96.19,Low,84.62,88.18,63.43,71.82
754,69,2026-03-15,64.49,High,92.49,96.54,59.49,80.75
755,58,2026-03-19,46.14,Critical,75.13,55.52,86.85,76.27
756,11,2026-07-29,66.54,High,94.41,41.99,46.81,51.34
757,89,2026-05-26,86.91,Low,93.5,86.42,41.16,56.51
758,68,2025-07-29,78.3,Medium,56.32,92.3,97.67,88.78
759,5,2025-03-06,45.83,Critical,50.36,69.22,74.22,82.75
760,74,2025-12-27,62.78,High,47.45,88.68,75.64,61.32
761,37,2025-01-31,77.49,Medium,65.66,59.76,48.29,45.07
762,95,2025-05-02,84.83,Medium,90.55,81.89,61.22,66.11
763,61,2025-05-27,63.17,High,40.47,40.72,64.89,95.81
764,92,2025-10-25,90.81,Low,99.57,52.28,58.36,74.8
765,37,2024-11-22,81.95,Medium,75.1,54.05,80.45,88.97
766,92,2024-08-21,56.28,High,89.4,65.35,94.57,70.86
767,63,2025-12-04,83.08,Medium,97.33,91.13,43.18,66.7
768,60,2026-08-26,74.48,Medium,46.21,80.99,77.38,78.18
769,44,2024-03-17,68.77,High,84.26,54.36,91.39,92.44
770,100,2025-08-02,95.16,Low,58.1,56.91,81.93,91.19
771,23,2026-07-01,78.15,Medium,78.23,93.37,54.71,82.82
772,100,2026-06-27,52.94,High,88.81,72.51,78.39,69.0
773,87,2025-04-28,73.35,Medium,82.78,91.57,79.51,74.43
774,72,2024-08-01,51.61,High,42.9,48.31,93.12,62.7
775,82,2025-12-29,69.19,High,68.34,89.68,60.5,73.62
776,94,2024-03-07,83.63,Medium,90.15,91.92,97.61,97.59
777,87,2026-03-20,92.18,Low,75.67,44.38,83.29,40.12
778,94,2024-04-28,75.57,Medium,99.33,47.16,58.04,64.08
779,33,2025-10-27,65.24,High,44.9,46.18,74.95,70.29
780,8,2025-04-13,85.19,Low,61.79,58.21,83.89,58.12
781,63,2026-01-19,56.28,High,88.8,80.23,95.03,91.48
782,98,2025-12-28,62.83,High,51.08,69.82,83.3,68.97
783,38,2026-05-08,74.66,Medium,98.28,69.73,40.28,68.13
784,72,2025-10-09,92.03,Low,48.82,54.54,60.06,45.69
785,12,2026-01-14,84.8,Medium,86.25,89.7,73.04,49.81
786,22,2025-08-08,66.53,High,98.3,43.62,64.55,64.35
787,94,2025-07-08,46.04,Critical,65.82,94.63,90.62,72.96
788,28,2025-10-24,88.93,Low,99.85,67.56,64.59,64.15
789,86,2024-04-21,73.07,Medium,86.11,40.07,40.83,80.97
790,96,2026-05-01,70.04,Medium,85.42,75.62,99.03,66.82
791,32,2026-03-06,70.83,Medium,43.65,77.89,85.11,65.01
792,92,2025-03-21,82.37,Medium,85.09,96.35,53.49,42.2
793,97,2025-08-07,82.43,Medium,97.83,93.41,54.07,70.28
794,77,2025-12-12,53.19,High,81.49,69.5,58.27,66.42
795,53,2024-06-29,94.5,Low,76.94,60.86,91.15,87.91
796,87,2026-04-11,90.76,Low,60.42,59.0,47.99,68.25
797,47,2024-04-01,80.88,Medium,86.4,70.59,70.13,66.8
798,76,2025-05-03,59.39,High,74.64,40.21,95.17,42.42
799,40,2024-05-15,62.69,High,85.29,43.66,66.25,50.77
800,79,2024-08-19,97.56,Low,43.5,47.5,84.59,79.8
801,33,2026-08-06,63.3,High,62.27,66.6,54.49,76.71
802,92,2025-04-17,85.22,Low,85.21,89.2,86.53,42.35
803,49,2024-03-29,57.04,High,65.96,60.57,78.84,56.31
804,52,2025-01-11,84.47,Medium,47.33,60.56,73.48,68.93
805,82,2024-01-26,75.46,Medium,43.71,87.91,90.43,92.78
806,52,2026-02-24,83.34,Medium,64.49,95.84,51.65,69.55
807,30,2024-09-21,56.51,High,47.77,71.97,61.3,64.01
808,99,2025-06-16,95.16,Low,53.85,48.39,87.19,91.29
809,29,2024-06-29,71.36,Medium,51.17,85.05,52.47,42.12
810,30,2026-04-24,83.03,Medium,86.01,81.94,93.12,40.41
811,89,2024-05-25,75.96,Medium,79.3,55.06,93.77,52.26
812,58,2024-07-21,45.59,Critical,51.47,93.21,51.8,47.43
813,81,2026-04-10,73.48,Medium,70.88,72.0,62.03,78.08
814,11,2025-10-23,51.78,High,69.21,72.85,95.32,56.16
815,29,2025-08-29,68.31,High,71.43,82.65,77.58,85.16
816,88,2025-05-03,80.91,Medium,96.97,74.28,63.14,40.99
817,84,2024-10-29,78.28,Medium,62.17,82.36,58.43,83.67
818,89,2025-01-11,52.64,High,69.37,81.8,87.49,67.81
819,86,2024-10-23,53.34,High,41.81,52.38,48.73,89.43
820,26,2025-09-08,79.33,Medium,65.72,71.76,77.0,55.78
821,17,2025-07-23,72.89,Medium,52.8,88.17,42.28,76.19
822,79,2025-04-24,93.24,Low,94.82,80.62,71.07,53.06
823,28,2025-01-16,49.26,Critical,41.37,49.9,75.63,62.45
824,75,2025-03-06,88.69,Low,97.84,87.87,86.76,80.86
825,94,2024-12-05,46.58,Critical,40.7,66.15,92.62,84.19
826,68,2025-11-18,66.45,High,86.04,64.2,67.46,99.43
827,64,2024-04-05,67.13,High,92.25,89.73,74.62,71.91
828,32,2025-08-20,52.54,High,61.5,76.94,93.43,40.06
829,68,2024-11-13,62.75,High,48.8,68.18,50.13,46.19
830,46,2025-02-14,75.0,Medium,54.52,80.62,57.7,74.37
831,54,2025-09-10,57.08,High,55.43,60.21,75.79,40.43
832,72,2024-11-24,74.83,Medium,87.27,57.16,61.74,86.72
833,84,2024-03-17,64.5,High,68.2,70.81,53.03,43.21
834,95,2024-01-17,90.17,Low,79.73,84.18,96.69,96.4
835,49,2024-08-14,80.59,Medium,80.97,98.38,61.06,63.43
836,60,2025-12-22,55.86,High,89.61,50.2,83.78,57.1
837,65,2025-07-31,68.96,High,52.83,98.78,65.57,63.49
838,13,2024-02-04,75.75,Medium,76.19,58.14,71.16,63.78
839,94,2025-03-28,46.21,Critical,52.47,91.53,49.26,58.57
840,97,2026-02-26,68.71,High,73.46,74.26,81.45,79.87
841,66,2025-01-06,63.94,High,77.81,56.76,69.06,65.84
842,8,2025-09-23,86.71,Low,80.25,75.97,69.74,95.11
843,38,2026-02-28,93.51,Low,82.44,79.71,78.31,73.55
844,2,2026-02-08,60.13,High,69.45,54.82,56.31,66.12
845,74,2024-09-18,89.28,Low,94.85,87.57,81.32,98.11
846,70,2025-07-16,68.35,High,92.93,84.65,87.18,96.69
847,42,2026-08-24,51.93,High,74.36,79.55,63.34,60.69
848,12,2025-03-29,74.32,Medium,72.54,93.64,84.41,66.55
849,76,2026-02-10,73.02,Medium,72.38,54.18,66.7,54.73
850,34,2025-09-12,63.8,High,89.16,70.49,77.14,70.2
851,51,2024-11-27,53.36,High,43.47,54.38,70.69,74.24
852,76,2025-02-03,88.92,Low,56.83,88.13,97.14,49.92
853,29,2026-06-14,60.8,High,53.93,55.07,64.34,59.8
854,15,2024-04-14,54.89,High,81.16,63.33,89.35,70.26
855,9,2025-07-13,45.27,Critical,42.7,59.81,58.62,77.31
856,49,2026-07-15,67.64,High,57.98,88.14,52.72,64.14
857,57,2025-03-16,59.64,High,84.08,74.97,79.42,92.88
858,55,2024-06-30,49.3,Critical,46.95,60.28,99.1,54.26
859,74,2025-02-18,88.26,Low,81.93,98.74,73.07,64.53
860,65,2025-12-19,82.68,Medium,44.21,73.78,78.33,42.54
861,39,2025-06-17,51.5,High,76.13,52.89,62.37,90.71
862,54,2025-11-08,82.88,Medium,64.07,46.03,53.41,58.83
863,96,2026-06-02,45.02,Critical,41.55,75.17,87.12,68.92
864,67,2026-06-15,45.61,Critical,93.06,44.11,91.33,88.64
865,60,2025-07-08,50.02,High,45.56,62.49,43.29,84.86
866,84,2025-09-04,87.85,Low,57.71,74.09,74.7,51.38
867,52,2026-01-11,78.15,Medium,62.42,92.63,60.16,74.54
868,86,2026-04-10,88.09,Low,75.59,90.0,74.58,71.94
869,11,2026-03-25,71.59,Medium,79.62,44.61,40.47,40.69
870,40,2024-05-31,77.35,Medium,75.85,52.24,49.78,90.13
871,72,2026-03-11,93.08,Low,90.85,99.35,41.04,95.1
872,90,2025-03-08,50.37,High,45.02,97.77,53.2,88.77
873,10,2024-10-13,85.41,Low,74.59,49.79,48.09,73.75
874,99,2024-02-12,87.84,Low,79.94,96.62,89.61,68.68
875,87,2026-08-09,48.87,Critical,68.27,61.79,73.34,63.12
876,92,2025-07-07,68.8,High,40.41,63.97,44.1,95.09
877,24,2026-03-18,92.97,Low,98.58,47.88,41.97,53.77
878,8,2025-08-29,97.72,Low,99.8,62.24,44.41,59.08
879,87,2024-04-22,49.95,Critical,47.07,65.9,89.89,43.81
880,11,2025-11-14,92.66,Low,83.79,91.81,82.63,86.79
881,87,2025-09-15,77.57,Medium,95.57,51.74,50.93,61.43
882,96,2025-05-22,71.92,Medium,74.85,94.92,43.57,87.28
883,29,2024-10-18,51.1,High,88.96,60.45,65.83,79.49
884,65,2026-05-16,82.16,Medium,88.93,90.75,92.89,82.23
885,82,2026-02-20,50.71,High,64.27,72.85,98.01,61.56
886,45,2024-03-07,53.65,High,48.46,42.94,53.03,65.33
887,67,2026-03-15,51.49,High,56.45,46.19,81.34,73.41
888,2,2026-02-04,58.42,High,87.77,64.42,42.55,72.47
889,10,2025-05-26,81.66,Medium,94.42,55.4,88.27,73.11
890,31,2025-07-31,59.48,High,59.54,56.83,92.52,41.79
891,52,2025-11-27,45.61,Critical,88.69,84.41,89.72,94.7
892,5,2024-05-14,66.94,High,81.54,67.4,60.43,65.93
893,72,2025-09-25,56.68,High,78.26,94.87,60.9,79.23
894,63,2025-09-14,58.67,High,98.97,44.69,48.58,77.12
895,3,2025-01-02,60.39,High,67.26,91.56,79.03,94.46
896,23,2024-07-14,61.76,High,80.47,77.63,57.26,64.37
897,50,2026-06-18,77.06,Medium,76.03,60.72,42.69,63.44
898,37,2025-06-21,71.25,Medium,98.82,64.05,68.16,57.61
899,92,2025-06-15,64.89,High,59.21,94.4,48.09,86.94
900,88,2025-09-15,65.53,High,88.4,97.44,45.09,85.51
901,50,2026-01-06,52.27,High,72.41,66.12,86.08,58.51
902,67,2026-04-07,51.76,High,96.47,92.57,75.67,77.88
903,87,2025-10-28,66.89,High,42.76,63.75,62.71,90.35
904,96,2025-12-01,71.03,Medium,57.72,49.49,93.81,89.31
905,64,2024-07-30,95.45,Low,45.2,96.27,59.34,56.41
906,26,2024-12-15,63.03,High,89.67,63.42,42.03,71.26
907,96,2026-05-07,89.36,Low,77.16,76.01,92.71,67.16
908,14,2026-05-19,64.18,High,43.39,86.36,40.5,61.6
909,94,2024-12-04,92.55,Low,51.95,45.26,83.14,70.9
910,48,2024-01-18,93.68,Low,59.76,97.64,77.42,57.29
911,20,2024-05-09,57.84,High,83.54,82.67,40.4,45.11
912,19,2025-08-15,93.83,Low,56.25,55.49,84.65,83.53
913,36,2025-10-18,93.16,Low,87.93,56.86,41.86,94.2
914,63,2024-09-28,72.14,Medium,81.68,88.02,51.81,90.57
915,60,2025-05-08,91.43,Low,75.5,72.64,81.35,58.22
916,97,2026-08-08,52.88,High,46.89,95.83,48.84,45.56
917,63,2025-08-02,78.0,Medium,91.93,94.07,71.02,70.13
918,84,2024-02-13,45.82,Critical,88.24,74.01,49.04,58.64
919,53,2025-04-19,63.22,High,71.16,76.99,88.33,88.65
920,87,2025-05-31,62.62,High,68.41,98.34,86.58,92.26
921,17,2026-02-24,67.1,High,82.14,70.14,97.02,48.62
922,96,2025-05-20,85.13,Low,89.44,48.95,58.65,84.87
923,17,2024-07-26,78.89,Medium,59.62,44.06,67.96,71.58
924,72,2025-07-20,85.13,Low,41.51,42.76,54.97,60.18
925,30,2025-06-23,74.36,Medium,51.2,97.73,49.53,99.22
926,57,2025-03-21,66.03,High,62.78,62.73,42.66,47.71
927,70,2024-11-02,96.4,Low,59.26,81.78,70.03,44.74
928,86,2025-10-02,51.86,High,68.36,52.46,81.04,89.29
929,92,2025-07-22,93.3,Low,61.59,51.37,62.29,85.0
930,18,2024-04-07,66.0,High,79.4,42.07,90.48,82.71
931,11,2024-09-26,58.62,High,53.19,78.13,47.31,88.32
932,11,2024-10-20,59.7,High,61.33,75.45,92.04,62.92
933,40,2025-04-17,63.68,High,58.71,95.89,52.81,75.71
934,79,2024-04-09,90.06,Low,88.65,81.01,61.75,53.62
935,32,2026-03-15,92.02,Low,74.84,67.06,77.33,90.52
936,60,2024-01-26,46.51,Critical,85.0,84.78,87.51,58.15
937,38,2025-09-06,60.98,High,69.78,84.33,72.56,61.36
938,71,2025-10-03,83.0,Medium,44.13,71.84,70.4,90.27
939,61,2024-02-24,72.12,Medium,96.88,99.76,88.54,47.85
940,47,2024-06-06,75.35,Medium,69.95,55.31,67.38,98.66
941,29,2025-05-17,72.29,Medium,94.18,75.0,42.7,95.19
942,28,2024-06-20,51.23,High,51.17,92.26,59.29,73.4
943,57,2025-04-06,45.73,Critical,52.4,47.06,58.73,96.51
944,95,2025-06-21,91.53,Low,53.1,63.78,67.8,67.59
945,93,2024-09-18,90.5,Low,40.38,41.08,64.16,64.67
946,98,2024-01-13,63.72,High,40.22,98.02,62.66,83.02
947,21,2025-07-16,90.3,Low,91.15,47.21,98.02,87.25
948,83,2024-05-03,73.55,Medium,74.86,95.68,91.52,70.21
949,69,2025-07-22,53.75,High,87.41,85.75,48.02,55.69
950,28,2024-07-21,76.73,Medium,91.03,94.38,83.32,61.61
951,76,2025-03-17,97.91,Low,74.2,79.74,42.2,64.14
952,85,2024-02-03,96.23,Low,93.25,72.58,99.31,45.67
953,26,2026-07-25,58.38,High,55.88,99.91,71.26,83.62
954,75,2025-07-29,91.55,Low,45.49,98.0,79.47,98.89
955,56,2024-06-06,63.63,High,98.01,50.88,41.75,63.33
956,31,2025-11-29,69.79,High,45.3,85.43,41.14,73.55
957,93,2026-03-19,94.71,Low,62.58,77.56,71.74,44.99
958,53,2025-08-16,83.51,Medium,60.98,61.69,99.09,73.15
959,81,2025-08-09,82.62,Medium,95.92,50.02,77.36,69.98
960,97,2024-04-16,55.46,High,52.51,91.19,51.61,81.36
961,44,2024-06-30,75.54,Medium,69.33,67.67,71.18,68.57
962,47,2025-01-04,75.1,Medium,87.3,65.51,52.52,86.53
963,12,2025-09-01,70.73,Medium,44.38,60.76,86.47,99.75
964,4,2025-10-30,95.88,Low,72.67,57.87,65.94,69.48
965,17,2025-09-14,55.18,High,76.42,80.77,69.4,64.36
966,47,2024-02-03,90.89,Low,45.64,44.92,76.59,60.06
967,68,2024-11-11,96.25,Low,56.98,84.96,64.76,55.07
968,80,2024-03-17,53.28,High,55.69,75.1,40.77,40.15
969,93,2025-02-07,72.8,Medium,45.83,96.03,86.64,94.45
970,33,2025-12-21,88.75,Low,76.34,58.71,77.73,88.04
971,78,2024-04-01,75.25,Medium,60.56,94.34,53.45,79.69
972,4,2025-09-19,65.22,High,96.32,62.85,79.98,63.23
973,24,2025-08-21,96.82,Low,80.54,47.09,88.06,85.7
974,59,2024-11-08,54.6,High,53.42,50.41,61.83,87.91
975,73,2024-06-11,74.99,Medium,93.75,94.67,77.23,68.14
976,86,2025-10-23,89.75,Low,61.84,94.9,66.64,51.73
977,99,2025-04-23,91.45,Low,40.43,46.94,60.14,80.67
978,13,2025-04-22,89.18,Low,80.56,52.34,88.5,83.81
979,53,2025-08-23,45.24,Critical,65.44,60.42,70.5,81.27
980,83,2025-03-06,81.39,Medium,85.26,42.1,85.37,60.58
981,78,2026-08-22,70.14,Medium,60.81,62.71,98.09,91.72
982,76,2024-08-05,60.55,High,96.93,94.95,99.57,64.64
983,35,2024-02-22,91.84,Low,50.09,52.05,69.4,90.38
984,85,2026-04-01,67.49,High,85.91,61.04,63.62,92.31
985,34,2025-06-14,83.97,Medium,66.67,84.48,63.1,55.56
986,75,2025-03-29,78.55,Medium,84.67,60.93,90.52,88.55
987,31,2025-03-29,59.58,High,94.43,91.81,78.87,83.01
988,17,2026-03-04,58.42,High,61.87,66.56,50.18,78.85
989,72,2025-11-26,83.42,Medium,89.9,71.45,63.9,92.71
990,83,2024-12-06,78.06,Medium,92.65,54.22,88.28,60.96
991,71,2024-02-03,90.95,Low,86.37,68.92,40.44,53.77
992,28,2025-06-30,55.53,High,62.31,64.17,51.31,83.3
993,16,2025-09-07,58.13,High,62.79,98.56,71.49,81.8
994,36,2024-01-30,88.01,Low,68.48,67.52,43.32,88.18
995,36,2024-01-02,49.63,Critical,83.3,63.18,50.6,99.37
996,33,2024-11-17,89.44,Low,46.2,88.13,92.77,64.46
997,67,2025-06-29,57.21,High,67.12,74.89,52.36,93.45
998,51,2025-10-25,69.77,High,65.62,81.5,99.87,97.24
999,51,2026-02-02,90.78,Low,42.24,53.1,91.43,48.19
1000,63,2026-03-13,55.42,High,74.22,68.47,46.69,75.68
1001,7,2026-02-15,82.56,Medium,74.53,89.09,44.19,92.63
1002,3,2025-05-15,54.49,High,66.17,68.98,72.0,80.92
1003,77,2025-02-05,62.38,High,57.94,71.06,75.51,67.69
1004,73,2024-07-26,78.59,Medium,71.1,99.75,91.78,41.3
1005,12,2024-08-08,58.97,High,93.37,66.83,79.32,56.18
1006,61,2024-08-03,72.99,Medium,91.3,41.38,88.51,60.64
1007,97,2025-12-03,85.73,Low,51.01,41.9,85.63,41.74
1008,52,2025-04-26,90.62,Low,60.05,85.37,43.63,45.11
1009,90,2026-08-22,73.71,Medium,47.19,49.6,50.94,92.98
1010,52,2026-06-02,93.89,Low,53.11,46.59,51.26,67.7
1011,47,2025-08-25,76.71,Medium,71.26,57.86,80.33,81.99
1012,27,2024-09-11,93.19,Low,69.89,96.11,66.75,60.07
1013,89,2024-01-12,71.77,Medium,69.36,43.97,42.69,88.16
1014,52,2025-01-07,89.79,Low,47.15,41.8,65.64,42.45
1015,5,2025-06-24,96.18,Low,52.3,72.27,78.73,66.48
1016,94,2024-07-19,59.25,High,88.33,53.68,71.05,86.13
1017,60,2026-08-10,56.29,High,91.96,79.6,81.41,40.43
1018,38,2025-09-27,91.51,Low,47.76,51.08,43.47,40.59
1019,16,2025-07-21,90.94,Low,92.15,70.36,87.51,87.15
1020,33,2026-08-28,58.02,High,44.96,69.55,71.16,84.77
1021,65,2026-08-28,88.92,Low,55.67,56.03,42.5,73.72
1022,74,2026-01-30,92.75,Low,75.26,41.44,99.75,98.3
1023,5,2026-06-27,69.44,High,62.3,40.3,82.79,60.54
1024,55,2026-03-10,77.82,Medium,43.25,84.59,49.54,90.0
1025,84,2024-05-13,47.0,Critical,76.42,75.89,77.35,62.87
1026,29,2025-09-06,46.13,Critical,89.35,49.91,54.75,90.98
1027,52,2024-01-04,63.69,High,98.71,41.76,75.83,75.59
1028,46,2026-03-24,59.58,High,90.5,88.26,80.96,52.51
1029,21,2024-05-29,46.37,Critical,91.98,77.68,61.44,45.61
1030,42,2024-10-26,45.23,Critical,47.68,44.7,96.84,48.4
1031,5,2025-12-10,85.18,Low,91.26,96.0,47.58,94.51
1032,39,2024-05-07,73.0,Medium,86.91,41.95,54.25,98.06
1033,45,2024-10-21,60.76,High,82.53,53.05,70.97,66.61
1034,63,2026-06-25,76.8,Medium,52.27,88.68,96.47,49.02
1035,92,2025-11-27,62.46,High,59.65,71.58,46.3,91.48
1036,69,2024-05-28,53.31,High,91.57,51.27,70.91,48.28
1037,36,2025-08-23,90.15,Low,61.3,97.4,70.27,51.08
1038,47,2025-04-23,64.35,High,81.13,86.44,87.01,79.68
1039,11,2024-12-12,62.84,High,75.5,54.62,96.21,47.44
1040,55,2026-05-22,83.58,Medium,89.83,59.7,58.2,84.5
1041,59,2025-11-22,65.55,High,87.95,40.89,82.52,57.65
1042,71,2026-01-27,59.93,High,46.91,82.78,59.52,41.83
1043,74,2024-09-18,52.22,High,57.29,82.71,42.46,95.05
1044,4,2026-05-21,68.51,High,64.78,95.82,60.8,61.14
1045,90,2026-08-14,87.4,Low,52.62,91.66,70.5,44.67
1046,8,2025-12-29,71.91,Medium,48.05,49.15,66.32,59.78
1047,58,2025-04-07,85.68,Low,77.66,96.03,56.29,74.47
1048,24,2026-06-19,64.61,High,82.48,47.57,70.86,48.9
1049,37,2026-04-11,84.04,Medium,88.69,68.95,68.2,42.31
1050,64,2024-10-18,48.29,Critical,92.45,93.56,75.99,57.05
1051,40,2026-01-24,75.17,Medium,64.96,93.78,95.32,90.73
1052,14,2024-05-15,68.13,High,51.85,73.82,87.29,79.54
1053,63,2024-12-03,51.22,High,61.84,53.26,94.1,95.81
1054,100,2025-04-02,68.87,High,55.81,84.05,41.25,58.07
1055,20,2024-06-05,93.3,Low,69.45,80.77,63.84,51.84
1056,9,2026-04-16,94.92,Low,62.07,46.79,77.66,56.58
1057,64,2025-10-14,93.04,Low,89.15,43.35,56.98,61.87
1058,72,2024-10-23,57.75,High,61.19,77.35,60.17,89.85
1059,56,2024-05-05,87.48,Low,65.44,73.49,98.19,52.88
1060,48,2026-08-08,87.1,Low,79.48,81.96,91.64,64.88
1061,66,2026-04-20,47.86,Critical,86.94,61.37,40.47,99.31
1062,96,2024-01-31,75.77,Medium,70.16,85.55,43.05,52.06
1063,61,2026-07-21,49.71,Critical,59.78,68.29,59.26,49.52
1064,81,2025-04-12,83.06,Medium,74.98,53.38,73.36,93.23
1065,100,2025-11-29,94.72,Low,97.93,92.22,80.09,65.21
1066,68,2026-06-23,75.51,Medium,71.06,70.37,61.02,80.75
1067,12,2025-01-15,46.77,Critical,87.4,73.11,75.83,45.57
1068,48,2024-06-26,89.58,Low,42.62,64.35,42.91,76.67
1069,25,2026-01-21,81.36,Medium,54.24,53.03,74.24,54.58
1070,76,2026-07-20,47.26,Critical,40.15,80.15,54.17,73.63
1071,58,2026-08-24,72.49,Medium,79.29,97.12,73.58,76.9
1072,68,2026-08-19,60.75,High,66.99,45.96,85.36,86.38
1073,56,2026-02-04,66.42,High,92.92,92.84,88.26,84.35
1074,70,2025-06-08,57.33,High,81.96,51.14,51.18,85.96
1075,56,2024-10-11,60.48,High,48.93,88.97,58.42,90.89
1076,33,2025-07-26,69.54,High,51.65,81.05,49.99,69.69
1077,56,2025-03-28,66.54,High,75.63,79.07,71.1,80.99
1078,71,2026-04-24,70.14,Medium,91.28,56.36,73.99,58.67
1079,68,2024-03-31,68.63,High,58.36,96.99,63.04,76.59
1080,73,2024-12-08,77.68,Medium,54.96,88.62,59.82,66.23
1081,40,2024-07-19,79.64,Medium,76.9,40.61,49.16,62.73
1082,75,2026-05-17,85.23,Low,73.33,73.92,62.5,85.94
1083,76,2025-03-04,65.6,High,80.06,88.47,43.83,93.84
1084,85,2024-07-05,97.28,Low,90.39,74.59,87.44,54.58
1085,99,2026-06-21,79.45,Medium,78.74,55.98,73.61,48.24
1086,7,2024-07-31,57.01,High,53.82,82.42,86.41,43.19
1087,50,2024-03-06,80.8,Medium,52.23,64.82,95.2,82.41
1088,67,2025-05-22,96.07,Low,70.09,43.09,55.93,59.78
1089,75,2026-03-30,65.41,High,94.8,59.53,86.53,79.76
1090,84,2026-07-27,88.43,Low,87.45,62.31,88.07,70.14
1091,72,2024-02-25,80.88,Medium,93.2,60.24,90.98,47.91
1092,51,2025-05-05,78.77,Medium,79.1,55.67,55.33,76.1
1093,28,2026-07-26,96.31,Low,53.45,68.01,62.06,46.44
1094,56,2026-06-22,63.82,High,55.08,55.19,42.54,57.51
1095,12,2025-06-06,96.98,Low,65.88,55.0,82.92,91.93
1096,18,2024-11-29,47.69,Critical,44.97,74.47,74.3,71.66
1097,86,2024-01-23,95.03,Low,88.27,64.53,77.64,54.13
1098,41,2025-07-14,91.59,Low,59.17,72.61,77.55,99.33
1099,24,2025-12-27,89.15,Low,73.76,92.08,68.55,65.4
1100,91,2024-07-09,97.74,Low,91.25,80.3,81.51,42.86
1101,36,2024-07-28,51.83,High,72.88,40.09,42.43,98.9
1102,65,2024-03-20,77.63,Medium,84.2,69.46,42.29,49.07
1103,78,2024-09-30,49.32,Critical,60.97,94.01,79.26,90.01
1104,38,2026-02-24,75.76,Medium,64.39,77.09,41.26,90.83
1105,61,2024-07-03,46.0,Critical,61.08,77.23,45.74,46.78
1106,38,2026-07-14,56.43,High,98.81,89.3,42.68,96.53
1107,1,2025-05-05,78.26,Medium,83.89,84.52,61.98,53.25
1108,55,2025-09-01,49.07,Critical,85.07,93.83,98.7,46.52
1109,71,2024-10-21,76.15,Medium,60.35,96.15,89.39,46.61
1110,58,2026-05-04,57.68,High,49.3,57.01,44.96,47.58
1111,37,2024-03-30,58.19,High,50.78,65.5,61.08,91.35
1112,23,2025-02-15,56.75,High,45.19,64.83,61.35,70.61
1113,54,2024-09-13,85.43,Low,67.22,59.91,48.99,67.41
1114,18,2025-11-21,92.4,Low,54.52,77.74,68.38,43.45
1115,59,2024-04-25,83.37,Medium,40.46,93.36,61.37,84.9
1116,88,2025-07-17,93.94,Low,69.25,65.58,40.16,67.74
1117,10,2024-07-01,85.95,Low,44.99,71.35,90.96,67.22
1118,89,2026-04-09,76.74,Medium,50.81,54.46,87.97,51.26
1119,30,2026-07-30,85.29,Low,53.88,77.78,62.23,71.78
1120,94,2024-11-23,75.89,Medium,98.1,92.25,65.12,68.38
1121,8,2025-08-18,92.51,Low,57.81,48.72,46.5,71.68
1122,5,2024-06-29,52.84,High,63.76,55.9,84.99,87.05
1123,81,2024-12-04,94.23,Low,84.35,74.41,48.56,42.07
1124,9,2025-10-30,90.38,Low,94.36,59.38,58.29,70.27
1125,100,2024-02-21,61.75,High,76.41,51.42,63.48,61.9
1126,32,2025-03-02,56.89,High,52.18,54.29,58.94,82.52
1127,48,2024-07-17,82.09,Medium,67.93,92.23,40.17,89.18
1128,37,2026-02-28,51.33,High,99.45,54.0,95.74,41.98
1129,83,2026-03-16,52.78,High,67.75,89.71,84.8,66.45
1130,15,2024-12-15,88.4,Low,82.23,92.43,50.18,93.91
1131,29,2026-07-31,90.72,Low,94.67,89.19,84.69,45.55
1132,83,2025-07-06,89.55,Low,62.45,71.75,67.24,76.31
1133,48,2025-09-10,46.95,Critical,45.66,97.11,54.21,81.37
1134,73,2026-02-20,57.67,High,82.09,98.86,81.14,83.27
1135,76,2025-01-22,49.45,Critical,76.39,72.89,54.84,79.03
1136,63,2026-06-29,76.21,Medium,62.55,78.61,41.68,76.13
1137,33,2024-02-14,83.3,Medium,63.14,82.25,88.09,57.76
1138,46,2026-01-27,88.89,Low,60.04,52.16,90.46,68.03
1139,85,2026-08-21,71.37,Medium,99.43,91.9,40.4,55.66
1140,24,2025-04-25,91.08,Low,72.28,78.88,65.52,79.15
1141,93,2024-04-23,54.66,High,74.86,89.13,64.64,85.61
1142,81,2026-03-17,79.86,Medium,84.38,97.57,47.28,66.17
1143,3,2024-01-28,84.19,Medium,99.39,93.17,87.28,66.16
1144,1,2024-03-10,76.14,Medium,75.37,90.66,40.21,73.34
1145,84,2024-02-20,69.77,High,92.34,99.68,69.98,64.37
1146,22,2024-12-18,72.95,Medium,95.74,88.14,80.02,71.43
1147,60,2026-05-21,88.63,Low,69.75,42.99,56.65,75.32
1148,18,2025-06-02,81.98,Medium,47.77,97.53,46.31,60.15
1149,83,2026-01-22,79.77,Medium,75.99,64.07,66.04,97.85
1150,58,2024-11-21,55.72,High,97.71,61.72,81.72,73.78
1151,15,2026-04-17,97.5,Low,50.03,42.22,91.92,94.09
1152,16,2025-01-12,96.46,Low,64.08,91.33,83.76,74.14
1153,95,2026-03-27,80.13,Medium,56.94,71.84,80.21,50.48
1154,6,2024-12-31,47.58,Critical,46.35,68.02,55.94,88.63
1155,68,2025-04-29,67.05,High,51.35,72.48,73.06,83.85
1156,63,2024-09-25,83.53,Medium,70.58,96.63,56.93,67.07
1157,31,2025-09-20,64.81,High,95.71,80.0,96.71,79.28
1158,40,2024-08-28,56.46,High,62.37,76.26,75.42,85.1
1159,23,2026-03-02,63.59,High,42.17,44.82,52.01,81.82
1160,33,2025-08-14,67.57,High,47.39,62.89,69.45,74.64
1161,73,2025-08-22,67.27,High,74.51,52.65,54.34,42.25
1162,81,2026-02-22,49.04,Critical,73.31,73.41,42.38,78.48
1163,68,2026-03-27,52.03,High,84.28,86.98,62.43,54.13
1164,43,2025-12-07,54.43,High,50.3,48.15,80.53,86.53
1165,63,2025-05-31,58.44,High,47.43,51.18,49.46,75.45
1166,86,2024-10-24,76.23,Medium,84.76,47.33,53.85,98.41
1167,17,2024-08-14,52.28,High,44.96,78.69,70.64,60.14
1168,2,2025-08-04,87.04,Low,79.06,81.14,88.67,66.36
1169,98,2024-02-26,79.14,Medium,58.98,97.93,81.56,69.7
1170,62,2025-07-30,86.39,Low,44.73,58.04,44.45,47.53
1171,39,2025-10-18,56.22,High,59.16,60.98,70.17,81.74
1172,9,2025-05-21,81.57,Medium,61.1,91.42,48.44,98.12
1173,21,2024-10-05,47.66,Critical,70.93,83.98,51.29,75.49
1174,48,2024-12-26,68.89,High,99.51,51.19,76.71,51.82
1175,74,2025-07-02,50.32,High,62.65,89.61,67.64,40.29
1176,67,2024-11-28,73.47,Medium,40.99,74.36,56.34,86.44
1177,75,2024-10-06,79.09,Medium,55.96,46.37,87.15,44.05
1178,39,2025-05-13,52.73,High,86.77,75.58,55.63,51.58
1179,36,2024-06-02,89.6,Low,46.88,97.46,46.41,71.47
1180,10,2026-06-17,71.76,Medium,78.42,64.94,93.62,77.35
1181,15,2024-06-08,56.35,High,85.76,91.76,75.17,62.18
1182,42,2024-11-10,56.14,High,87.79,93.26,44.65,45.35
1183,92,2026-05-25,71.47,Medium,51.32,67.48,63.74,78.58
1184,53,2026-08-13,60.17,High,92.73,49.68,51.24,89.93
1185,43,2024-10-17,93.16,Low,64.97,49.76,94.72,97.69
1186,30,2024-09-13,63.11,High,87.58,77.38,81.75,48.65
1187,32,2024-01-05,75.19,Medium,69.41,91.61,85.04,54.77
1188,38,2025-01-29,57.14,High,62.98,43.72,97.1,77.45
1189,44,2024-09-22,89.16,Low,68.34,42.98,79.72,65.03
1190,32,2025-06-22,94.1,Low,91.19,44.62,66.49,99.71
1191,46,2024-07-13,50.74,High,60.24,44.47,77.94,84.29
1192,95,2026-07-23,54.4,High,50.23,57.46,46.4,60.28
1193,9,2024-02-12,65.3,High,94.33,60.25,55.19,89.8
1194,68,2026-07-18,83.79,Medium,60.15,47.31,53.1,51.82
1195,51,2026-04-02,64.06,High,40.74,71.07,98.83,75.84
1196,9,2025-03-17,62.42,High,81.8,92.76,73.12,66.35
1197,79,2025-01-17,50.24,High,83.62,72.93,73.95,82.23
1198,23,2024-11-07,84.1,Medium,75.56,50.21,88.87,91.77
1199,83,2025-10-28,81.34,Medium,56.99,74.23,94.63,56.22
1200,15,2024-10-18,60.38,High,40.41,45.05,88.93,97.69
1201,89,2026-07-11,82.27,Medium,74.63,51.37,47.26,91.28
1202,53,2024-01-06,62.04,High,94.35,89.73,89.25,41.83
1203,58,2024-02-13,61.0,High,49.13,77.16,70.37,58.16
1204,40,2025-05-30,68.1,High,70.81,71.23,64.19,77.45
1205,70,2025-07-09,48.93,Critical,48.81,51.2,87.96,47.48
1206,85,2026-06-27,65.44,High,80.08,96.97,97.1,94.79
1207,40,2025-12-11,95.7,Low,78.36,47.43,94.53,58.8
1208,20,2025-07-27,83.12,Medium,79.28,93.55,45.9,43.7
1209,41,2024-08-10,91.78,Low,46.14,64.16,92.67,86.05
1210,31,2025-07-10,60.36,High,55.04,82.92,40.74,47.52
1211,93,2026-08-01,91.47,Low,55.11,50.45,63.58,90.02
1212,81,2026-03-10,57.86,High,49.49,99.7,58.79,96.24
1213,97,2024-06-11,91.7,Low,54.5,65.43,87.99,88.81
1214,61,2024-11-14,65.4,High,86.37,77.14,83.9,79.11
1215,82,2025-11-07,94.48,Low,75.4,72.12,78.39,94.6
1216,55,2026-07-20,82.54,Medium,68.19,43.11,72.34,92.59
1217,64,2024-05-17,70.8,Medium,44.5,66.93,60.28,87.61
1218,89,2024-09-03,47.74,Critical,89.95,81.94,92.95,62.22
1219,10,2025-11-20,45.99,Critical,88.86,85.26,82.88,69.58
1220,19,2025-04-18,60.03,High,88.26,48.25,56.59,65.94
1221,38,2025-03-23,91.92,Low,84.7,79.99,71.91,80.25
1222,76,2026-05-14,54.43,High,66.06,83.44,85.21,82.8
1223,75,2025-12-17,74.2,Medium,51.12,73.33,46.2,73.08
1224,66,2026-07-18,75.56,Medium,62.88,51.5,80.24,49.98
1225,59,2025-03-12,74.11,Medium,70.96,68.69,99.03,95.12
1226,36,2026-06-16,54.57,High,53.93,94.23,67.4,79.03
1227,11,2025-09-08,72.62,Medium,62.03,54.12,89.24,83.53
1228,88,2024-07-10,75.67,Medium,80.47,79.05,59.12,58.75
1229,60,2024-12-20,83.16,Medium,40.41,68.16,91.28,79.33
1230,64,2024-01-07,70.41,Medium,83.39,73.09,86.46,57.85
1231,37,2025-09-16,79.91,Medium,76.72,94.78,51.87,60.79
1232,49,2025-12-22,71.74,Medium,97.49,47.51,44.24,72.81
1233,2,2026-07-22,88.03,Low,74.73,44.38,86.87,55.43
1234,36,2024-10-11,84.21,Medium,84.9,49.77,62.25,59.97
1235,13,2026-05-16,55.4,High,89.47,82.48,84.55,76.74
1236,45,2025-08-18,60.59,High,64.81,79.57,61.26,95.24
1237,91,2024-04-11,93.96,Low,41.55,64.64,58.52,46.44
1238,30,2026-04-06,96.8,Low,95.9,53.76,85.38,84.05
1239,2,2024-12-09,94.97,Low,84.04,55.11,69.47,69.8
1240,19,2024-09-24,52.46,High,48.06,91.97,69.21,70.14
1241,60,2024-02-10,91.02,Low,99.58,51.92,97.35,80.71
1242,28,2025-07-12,78.56,Medium,46.72,70.96,66.48,93.21
1243,68,2025-10-31,88.25,Low,83.53,85.01,61.2,91.64
1244,87,2025-11-29,68.49,High,91.1,59.21,48.34,89.27
1245,10,2025-03-27,92.87,Low,84.95,96.88,65.39,85.45
1246,64,2024-08-10,92.23,Low,44.22,58.35,90.48,52.35
1247,14,2025-07-01,92.58,Low,70.23,49.72,54.44,88.98
1248,94,2026-03-11,85.64,Low,98.26,93.32,80.4,41.58
1249,31,2025-06-29,88.14,Low,45.73,88.07,54.61,65.05
1250,71,2026-01-02,95.45,Low,45.56,42.25,42.67,44.06
1251,20,2025-12-24,61.14,High,55.17,72.64,66.86,48.08
1252,34,2024-03-05,96.54,Low,65.48,73.01,71.98,78.49
1253,81,2026-02-16,55.15,High,43.85,74.07,74.44,91.71
1254,2,2024-05-11,56.11,High,97.76,56.81,78.65,79.86
1255,33,2024-07-28,56.29,High,58.41,47.78,42.6,61.67
1256,6,2024-10-28,87.65,Low,90.61,40.12,40.72,57.54
1257,26,2024-12-10,51.46,High,61.98,97.6,67.31,58.21
1258,7,2026-02-17,83.2,Medium,98.55,48.8,80.86,80.74
1259,77,2025-03-09,95.89,Low,85.3,99.73,67.86,79.42
1260,63,2026-03-10,65.02,High,44.61,71.36,85.86,93.47
1261,72,2025-07-21,94.87,Low,69.81,73.22,90.94,67.24
1262,55,2025-03-24,70.23,Medium,95.07,91.89,53.06,68.82
1263,85,2026-03-19,49.05,Critical,52.78,72.22,71.98,74.43
1264,79,2025-10-13,69.19,High,87.99,42.5,70.4,53.49
1265,36,2025-08-24,64.15,High,55.17,60.49,70.08,95.76
1266,11,2026-03-20,79.2,Medium,67.37,83.45,56.83,72.31
1267,88,2025-08-15,46.62,Critical,79.44,86.73,83.67,42.4
1268,81,2024-04-19,78.59,Medium,60.87,69.07,59.14,59.89
1269,25,2024-04-18,93.08,Low,86.03,72.36,59.52,79.7
1270,93,2025-01-05,52.43,High,94.03,89.63,76.06,86.03
1271,75,2024-03-24,54.68,High,80.46,58.97,41.87,64.63
1272,67,2025-03-06,61.64,High,93.78,40.51,98.63,84.33
1273,82,2024-12-29,48.96,Critical,51.83,73.54,56.75,43.31
1274,45,2025-10-26,64.03,High,60.89,60.19,53.14,59.18
1275,37,2026-05-19,94.66,Low,42.16,85.53,95.1,82.49
1276,87,2025-04-24,66.9,High,81.91,70.2,71.54,98.32
1277,76,2024-06-17,94.14,Low,78.66,93.85,48.13,98.41
1278,14,2024-02-02,85.4,Low,84.42,67.33,48.39,79.97
1279,36,2026-02-13,46.15,Critical,77.11,69.67,98.19,99.23
1280,23,2024-04-18,60.64,High,81.28,62.02,69.51,81.57
1281,36,2026-06-28,50.02,High,41.38,81.64,58.64,65.65
1282,62,2025-03-04,49.34,Critical,55.43,56.41,97.6,47.56
1283,38,2026-08-27,60.93,High,97.67,43.56,55.53,72.92
1284,61,2026-04-04,49.35,Critical,40.94,47.05,67.79,86.72
1285,30,2024-11-30,57.84,High,67.79,42.82,57.12,57.63
1286,97,2024-09-07,46.54,Critical,48.08,90.41,79.56,86.36
1287,73,2026-06-14,97.57,Low,68.97,93.53,76.04,88.65
1288,8,2025-10-16,85.0,Low,86.55,55.65,97.63,70.81
1289,13,2025-03-28,87.55,Low,77.46,92.7,70.01,75.39
1290,19,2026-05-11,58.84,High,74.42,57.02,41.34,91.3
1291,16,2026-08-15,50.58,High,80.81,43.55,70.7,86.07
1292,37,2024-09-10,57.99,High,45.02,55.86,61.44,62.74
1293,48,2026-03-17,50.14,High,47.48,67.82,75.68,93.85
1294,61,2024-09-08,48.01,Critical,56.27,94.21,67.62,51.87
1295,20,2025-01-25,63.77,High,88.36,68.14,41.7,88.75
1296,89,2025-01-24,62.52,High,48.28,45.48,78.96,49.29
1297,16,2024-12-10,48.87,Critical,55.47,78.22,46.81,90.16
1298,4,2024-01-29,78.92,Medium,62.75,69.33,54.87,64.12
1299,75,2026-03-13,55.81,High,41.98,92.27,50.59,98.67
1300,40,2025-10-24,59.03,High,91.88,87.05,66.26,99.18
1301,32,2025-01-09,84.66,Medium,88.98,73.63,80.19,58.96
1302,55,2026-05-02,51.36,High,64.56,97.8,58.76,85.87
1303,74,2024-11-14,82.92,Medium,56.21,48.5,87.53,45.12
1304,36,2024-12-03,90.1,Low,58.88,66.32,86.44,92.67
1305,69,2025-02-15,96.47,Low,71.8,83.19,77.49,43.6
1306,14,2025-09-18,59.29,High,74.83,91.13,58.66,41.88
1307,25,2024-12-21,52.08,High,73.31,75.59,89.53,70.67
1308,89,2025-11-16,55.93,High,84.21,77.71,92.55,50.28
1309,67,2024-01-29,46.6,Critical,95.56,69.75,42.73,69.82
1310,86,2025-08-22,71.95,Medium,81.17,93.5,89.28,88.5
1311,47,2026-03-19,58.74,High,89.35,94.72,61.49,56.83
1312,90,2025-05-15,70.09,Medium,68.95,57.12,94.58,73.93
1313,34,2024-09-08,87.1,Low,42.04,65.63,88.4,42.93
1314,2,2025-06-28,65.49,High,92.43,95.44,63.41,72.78
1315,17,2025-11-18,95.89,Low,67.45,88.37,88.14,69.81
1316,76,2026-06-26,57.08,High,88.93,73.75,94.19,91.92
1317,84,2024-01-22,87.64,Low,74.97,48.38,41.33,90.79
1318,4,2026-05-30,69.79,High,61.63,88.59,61.25,51.89
1319,56,2026-02-12,47.31,Critical,66.05,74.41,99.5,91.27
1320,29,2025-10-09,52.49,High,84.59,68.12,66.42,48.6
1321,18,2026-08-18,64.11,High,93.57,46.25,68.62,52.08
1322,88,2024-02-28,65.89,High,53.06,62.3,78.95,53.87
1323,88,2026-03-06,96.86,Low,75.07,54.79,78.08,70.51
1324,68,2024-09-30,58.71,High,96.27,67.6,74.39,49.32
1325,32,2026-03-16,67.65,High,91.07,75.49,55.88,64.85
1326,34,2026-03-28,62.81,High,58.38,81.92,93.75,82.68
1327,46,2026-01-20,89.66,Low,70.42,46.96,66.92,51.58
1328,14,2026-06-14,71.13,Medium,57.27,83.67,79.52,48.62
1329,94,2024-08-22,50.64,High,47.96,48.7,80.97,94.13
1330,21,2024-08-01,56.3,High,63.65,79.94,47.76,63.25
1331,60,2026-04-15,66.66,High,56.24,41.82,79.98,98.71
1332,36,2025-02-02,83.61,Medium,60.18,61.99,44.85,73.15
1333,30,2024-05-05,71.75,Medium,97.89,61.01,96.26,82.44
1334,17,2025-09-09,73.19,Medium,49.72,68.61,78.99,80.75
1335,44,2024-06-22,76.15,Medium,87.59,95.92,98.64,96.84
1336,57,2026-07-10,86.33,Low,65.2,68.89,56.37,52.38
1337,27,2024-09-28,61.87,High,53.02,85.12,89.2,99.69
1338,59,2026-03-17,55.26,High,47.99,66.43,97.8,76.47
1339,99,2024-07-10,84.55,Medium,44.79,97.51,47.18,40.72
1340,49,2025-03-27,45.08,Critical,85.4,44.06,51.62,77.68
1341,33,2025-12-14,95.55,Low,71.32,97.38,74.16,87.24
1342,44,2025-05-23,56.48,High,44.1,94.16,68.58,46.68
1343,4,2024-01-05,63.87,High,73.62,73.57,43.93,67.19
1344,4,2025-08-04,80.26,Medium,99.29,43.1,77.36,90.48
1345,60,2026-04-29,68.81,High,94.27,46.33,47.81,68.58
1346,25,2024-10-08,92.12,Low,96.48,84.52,71.03,43.1
1347,99,2025-12-07,53.48,High,67.23,94.75,62.39,78.33
1348,90,2024-06-01,46.42,Critical,64.72,82.97,40.02,43.53
1349,20,2025-07-28,54.16,High,79.31,68.66,92.28,96.63
1350,16,2026-05-15,72.69,Medium,85.16,56.76,50.8,75.77
1351,83,2025-08-06,82.08,Medium,64.81,42.27,54.07,44.52
1352,42,2026-07-17,87.97,Low,86.79,77.43,83.29,96.76
1353,15,2025-04-01,69.39,High,87.37,41.77,50.04,40.83
1354,71,2024-02-28,72.87,Medium,87.66,91.82,93.16,56.98
1355,9,2024-01-13,69.64,High,50.16,87.72,56.78,96.81
1356,4,2025-06-09,47.5,Critical,77.52,65.39,78.98,70.94
1357,63,2025-11-30,62.2,High,72.47,96.97,40.29,60.33
1358,97,2024-12-09,50.14,High,42.59,77.12,94.52,50.56
1359,32,2025-09-28,65.71,High,57.48,63.6,66.72,70.1
1360,44,2026-07-22,50.53,High,47.49,86.03,48.06,58.51
1361,29,2024-10-03,79.52,Medium,85.93,59.44,42.76,97.27
1362,34,2024-05-29,93.05,Low,46.36,92.6,55.65,51.6
1363,38,2024-07-25,77.05,Medium,91.5,94.26,46.4,87.05
1364,92,2025-01-21,84.86,Medium,66.95,98.12,66.5,93.66
1365,72,2025-12-12,80.62,Medium,65.17,70.64,90.04,96.16
1366,47,2025-04-02,73.24,Medium,56.24,44.52,85.09,43.28
1367,83,2025-03-23,87.99,Low,67.46,49.07,65.73,96.98
1368,65,2024-08-29,68.72,High,79.19,67.0,76.67,59.02
1369,59,2024-03-15,70.05,Medium,98.02,56.72,52.77,90.61
1370,56,2024-12-30,84.25,Medium,80.55,75.86,99.9,95.58
1371,34,2026-08-16,97.06,Low,66.31,40.88,66.42,57.56
1372,62,2024-07-24,78.3,Medium,63.34,44.1,70.54,66.82
1373,51,2024-07-01,86.68,Low,99.15,94.0,94.17,48.37
1374,7,2026-03-03,89.19,Low,86.65,97.59,80.09,96.91
1375,21,2024-08-01,69.89,High,97.83,86.58,47.07,61.85
1376,62,2024-03-15,97.48,Low,49.26,54.95,41.61,86.83
1377,59,2026-06-02,79.97,Medium,74.57,87.26,46.91,54.05
1378,91,2024-12-14,61.16,High,86.54,62.84,40.41,72.38
1379,93,2026-06-15,90.27,Low,92.34,95.01,88.67,52.77
1380,84,2025-12-15,77.1,Medium,97.22,41.85,94.11,56.12
1381,32,2025-02-19,88.56,Low,60.3,51.34,75.3,59.39
1382,94,2024-09-30,94.62,Low,76.99,80.78,99.88,66.63
1383,93,2026-04-15,87.54,Low,97.92,84.18,88.08,65.57
1384,4,2026-08-19,71.43,Medium,62.64,89.89,87.23,54.85
1385,57,2024-02-22,46.66,Critical,87.04,84.0,44.76,92.06
1386,63,2026-07-02,97.57,Low,97.0,51.82,73.59,44.95
1387,94,2026-05-17,78.76,Medium,94.19,54.3,94.63,67.51
1388,24,2026-07-17,91.37,Low,61.47,68.68,69.39,58.06
1389,1,2024-09-18,84.17,Medium,98.33,90.0,66.23,47.32
1390,20,2025-07-06,60.39,High,83.47,58.46,56.44,69.34
1391,47,2025-10-04,91.77,Low,43.81,46.53,84.04,70.19
1392,61,2024-07-31,54.18,High,82.53,81.16,50.32,77.98
1393,18,2024-08-12,55.86,High,74.57,75.11,88.06,93.82
1394,21,2025-07-30,51.5,High,87.13,40.86,81.92,47.38
1395,18,2024-01-07,80.08,Medium,57.37,56.39,70.69,95.38
1396,45,2026-08-03,67.26,High,87.7,44.26,89.8,80.01
1397,15,2025-04-20,83.91,Medium,78.99,62.79,40.42,58.94
1398,71,2024-08-24,76.22,Medium,74.6,93.52,64.11,89.13
1399,40,2025-10-30,64.64,High,64.04,95.24,89.15,96.77
1400,97,2026-08-12,88.17,Low,62.35,68.43,65.98,64.05
1401,33,2025-02-07,70.47,Medium,42.81,61.17,40.51,80.27
1402,44,2024-05-23,90.04,Low,75.17,58.65,92.83,95.59
1403,10,2024-03-04,71.02,Medium,57.25,77.39,71.16,71.75
1404,76,2025-05-14,74.59,Medium,99.76,68.08,57.95,56.55
1405,22,2024-03-19,45.26,Critical,81.22,73.24,81.54,64.85
1406,78,2026-04-26,54.02,High,72.17,87.02,53.93,71.57
1407,88,2024-03-04,59.61,High,62.79,68.74,58.32,91.65
1408,56,2024-02-08,55.71,High,54.75,88.01,45.26,54.83
1409,25,2025-12-14,49.71,Critical,51.4,74.0,93.87,54.51
1410,3,2024-04-21,92.53,Low,95.31,88.06,70.5,80.12
1411,52,2025-05-28,63.74,High,71.91,60.59,69.89,62.29
1412,90,2024-06-06,60.35,High,74.17,46.26,44.49,51.57
1413,78,2024-09-16,69.25,High,60.79,82.45,71.4,59.04
1414,58,2026-06-19,95.76,Low,72.77,79.01,67.38,95.53
1415,85,2024-12-23,57.8,High,98.13,97.31,94.83,65.92
1416,32,2024-07-27,79.82,Medium,88.47,72.56,88.34,61.32
1417,96,2025-11-11,73.47,Medium,55.02,67.84,72.03,48.45
1418,88,2024-02-17,65.51,High,81.55,76.0,85.0,99.59
1419,100,2026-01-22,88.58,Low,65.93,55.82,65.47,76.17
1420,82,2025-12-21,69.94,High,96.94,75.51,63.6,93.12
1421,69,2025-03-17,60.05,High,71.51,61.71,47.02,97.97
1422,59,2025-05-07,55.14,High,73.88,90.31,93.19,42.92
1423,1,2026-08-10,51.95,High,89.0,69.67,44.62,85.54
1424,87,2025-09-27,86.69,Low,58.77,83.22,80.57,47.63
1425,2,2025-11-07,54.96,High,67.25,46.05,47.72,86.55
1426,47,2025-08-08,78.76,Medium,42.49,56.44,61.11,87.79
1427,22,2026-04-15,88.79,Low,99.17,56.24,81.32,49.03
1428,13,2025-03-11,65.71,High,64.48,77.93,54.15,52.73
1429,87,2025-06-18,63.7,High,49.34,51.32,47.89,47.69
1430,31,2024-04-03,80.7,Medium,97.26,40.87,43.22,69.67
1431,41,2025-09-01,95.05,Low,85.4,90.29,43.93,56.42
1432,21,2026-06-24,48.25,Critical,56.98,57.85,85.18,60.79
1433,63,2024-01-15,59.84,High,85.6,84.74,52.74,92.03
1434,24,2026-05-25,72.32,Medium,75.06,96.42,73.9,87.47
1435,4,2024-10-03,52.4,High,40.23,95.67,52.13,41.44
1436,80,2025-05-10,45.64,Critical,45.77,73.44,54.14,59.71
1437,89,2026-08-08,57.8,High,47.75,92.19,68.48,78.58
1438,63,2024-12-17,68.12,High,55.44,63.87,66.25,66.63
1439,61,2024-12-11,95.19,Low,59.23,73.44,46.4,68.09
1440,13,2025-02-02,54.53,High,64.38,46.35,93.48,54.82
1441,28,2025-08-13,87.33,Low,84.7,47.65,55.98,67.76
1442,7,2024-03-11,89.11,Low,60.74,96.02,45.89,93.08
1443,29,2025-08-06,78.74,Medium,43.03,49.46,77.12,84.45
1444,79,2024-12-04,79.13,Medium,70.25,93.5,88.74,68.39
1445,28,2026-05-02,82.36,Medium,73.9,89.88,76.18,76.22
1446,6,2026-07-30,56.72,High,46.72,76.03,48.88,66.5
1447,77,2025-12-14,57.85,High,87.25,58.9,80.08,45.25
1448,37,2024-03-27,87.51,Low,87.39,45.37,96.42,51.22
1449,23,2026-08-06,46.78,Critical,82.37,91.38,83.3,59.51
1450,12,2026-01-04,47.43,Critical,56.57,55.09,63.63,92.59
1451,51,2024-09-14,59.15,High,52.62,49.62,86.69,88.5
1452,54,2024-09-15,76.18,Medium,48.84,81.4,98.83,82.45
1453,81,2025-10-06,47.99,Critical,49.01,95.19,97.46,63.88
1454,65,2024-06-09,57.67,High,67.71,42.82,77.63,94.15
1455,58,2024-11-23,93.85,Low,80.12,46.39,76.1,53.1
1456,70,2024-08-11,84.78,Medium,42.37,42.62,42.6,43.6
1457,55,2024-05-23,56.22,High,60.53,83.85,65.45,97.44
1458,58,2024-10-17,91.89,Low,64.15,73.09,47.24,49.94
1459,85,2025-04-18,61.38,High,79.25,54.48,56.45,65.27
1460,28,2025-12-29,56.67,High,57.22,62.71,78.91,98.33
1461,86,2026-06-03,66.89,High,71.7,96.3,86.27,60.05
1462,96,2024-07-24,66.77,High,59.97,67.93,69.7,58.81
1463,97,2025-06-11,48.6,Critical,61.99,87.26,90.59,69.98
1464,73,2025-01-02,80.75,Medium,82.22,73.98,94.79,64.5
1465,53,2026-03-15,45.67,Critical,95.72,95.29,95.1,53.72
1466,29,2024-11-18,68.73,High,49.21,74.16,63.71,56.32
1467,33,2024-03-31,78.78,Medium,40.52,49.59,98.25,47.67
1468,12,2024-12-12,83.81,Medium,61.19,95.07,78.03,90.35
1469,26,2024-05-13,69.02,High,53.79,63.79,42.7,44.21
1470,19,2024-11-10,94.59,Low,52.84,51.09,90.78,42.77
1471,10,2025-05-13,56.7,High,49.32,75.42,48.56,40.97
1472,100,2025-10-15,55.62,High,85.43,58.68,98.74,51.41
1473,20,2025-10-15,53.81,High,62.16,45.22,99.35,80.02
1474,40,2026-07-08,75.09,Medium,47.99,55.62,67.65,65.95
1475,83,2026-04-09,80.38,Medium,59.71,76.21,95.27,68.07
1476,28,2025-11-03,79.94,Medium,57.64,69.93,67.47,77.42
1477,7,2025-03-24,95.4,Low,70.35,58.64,63.95,98.83
1478,49,2025-12-05,77.2,Medium,73.72,65.89,81.06,40.29
1479,73,2024-08-03,78.59,Medium,71.08,70.33,92.73,84.6
1480,94,2024-11-30,45.87,Critical,60.12,50.85,87.23,65.63
1481,74,2024-07-07,70.27,Medium,62.62,73.93,91.02,52.64
1482,100,2025-04-03,52.57,High,84.06,49.53,54.7,96.73
1483,92,2025-02-26,88.88,Low,95.31,89.2,76.34,49.94
1484,8,2024-10-03,83.57,Medium,68.05,51.55,80.32,54.46
1485,82,2026-06-17,58.32,High,98.69,64.97,46.32,61.21
1486,39,2026-01-31,76.77,Medium,63.18,72.81,98.82,92.21
1487,51,2026-04-13,53.95,High,72.93,85.47,84.77,81.72
1488,61,2025-09-22,94.96,Low,98.02,56.31,55.03,93.65
1489,33,2026-02-11,92.14,Low,54.75,96.11,85.55,80.55
1490,80,2025-06-16,64.09,High,97.42,77.29,59.44,88.0
1491,30,2024-10-06,80.36,Medium,42.82,73.69,72.41,81.72
1492,31,2025-07-11,91.05,Low,54.85,41.66,63.7,84.47
1493,35,2025-08-22,69.85,High,44.09,48.11,89.95,95.11
1494,64,2025-09-08,96.17,Low,98.17,54.86,98.18,73.06
1495,1,2025-11-20,49.83,Critical,92.6,49.6,87.99,44.61
1496,28,2026-02-21,50.08,High,62.02,41.86,77.63,54.43
1497,13,2024-08-09,64.28,High,44.39,51.69,88.82,63.7
1498,98,2025-11-26,81.34,Medium,43.99,86.08,75.62,50.65
1499,22,2024-07-06,70.71,Medium,54.66,72.96,94.91,69.03
1500,5,2024-07-06,89.19,Low,77.35,76.26,93.85,96.91
1501,13,2025-04-12,80.14,Medium,69.16,59.21,94.24,81.85
1502,2,2024-01-06,45.41,Critical,81.42,79.37,78.33,85.11
1503,11,2025-01-20,95.41,Low,92.13,90.57,93.01,89.25
1504,23,2026-05-20,94.77,Low,58.53,54.31,99.47,87.05
1505,66,2025-05-07,93.21,Low,46.82,94.79,58.76,83.13
1506,39,2024-04-28,68.07,High,46.81,98.58,43.51,82.93
1507,71,2024-05-16,68.97,High,68.96,71.98,51.18,41.99
1508,33,2025-09-30,47.82,Critical,54.24,99.48,83.14,40.58
1509,70,2024-07-25,94.45,Low,56.98,82.8,78.49,50.72
1510,27,2025-01-24,53.89,High,79.96,40.76,62.48,76.02
1511,91,2024-09-28,56.38,High,81.87,72.78,48.33,84.16
1512,45,2025-04-06,54.91,High,63.06,61.66,79.33,42.58
1513,21,2024-04-24,49.68,Critical,45.92,68.04,60.78,57.41
1514,68,2026-02-01,95.59,Low,52.91,93.43,69.65,41.59
1515,96,2025-02-14,85.15,Low,66.76,46.65,88.19,99.23
1516,60,2026-01-29,87.12,Low,72.22,84.21,97.19,40.42
1517,41,2024-07-12,50.08,High,70.43,92.48,85.24,65.94
1518,30,2024-06-23,86.32,Low,50.27,76.89,57.93,69.0
1519,44,2026-05-27,56.06,High,41.39,96.73,40.72,87.52
1520,10,2024-10-14,77.24,Medium,86.76,43.64,60.56,66.84
1521,41,2024-09-22,45.14,Critical,70.11,49.83,57.47,95.75
1522,58,2026-03-11,48.3,Critical,69.79,55.03,67.13,69.53
1523,94,2025-11-01,45.37,Critical,83.56,99.77,79.02,63.56
1524,85,2024-02-11,60.59,High,60.38,70.6,59.32,83.07
1525,1,2026-07-13,49.46,Critical,49.81,50.02,78.47,98.91
1526,32,2024-05-20,94.28,Low,72.91,73.88,47.07,81.38
1527,31,2025-01-04,51.91,High,46.48,85.08,43.79,51.6
1528,4,2024-07-19,67.64,High,90.99,72.05,44.38,77.08
1529,6,2024-07-02,64.29,High,58.17,64.07,43.85,80.46
1530,82,2024-10-06,82.8,Medium,91.35,68.48,44.66,45.32
1531,7,2024-10-05,80.42,Medium,72.45,96.35,91.47,74.0
1532,66,2024-07-18,74.48,Medium,77.85,45.37,93.65,87.13
1533,33,2025-04-03,88.96,Low,84.3,76.25,58.47,57.87
1534,88,2024-09-09,49.25,Critical,72.54,79.46,47.23,43.75
1535,16,2026-02-10,50.29,High,96.93,56.46,94.53,81.92
1536,64,2025-02-15,87.17,Low,67.88,64.97,44.27,91.63
1537,17,2025-02-12,59.2,High,84.27,45.79,42.34,49.2
1538,13,2024-11-09,68.84,High,59.87,95.92,68.99,96.86
1539,98,2024-05-12,87.32,Low,93.06,79.93,73.31,55.09
1540,45,2024-11-08,95.73,Low,67.13,92.44,66.43,79.43
1541,42,2026-01-16,90.69,Low,48.93,77.04,61.2,75.28
1542,89,2024-10-01,54.68,High,71.45,73.34,87.03,61.65
1543,65,2025-04-14,71.44,Medium,97.44,77.16,92.58,51.41
1544,81,2025-12-18,83.41,Medium,68.36,81.07,40.95,82.0
1545,33,2026-04-15,46.59,Critical,76.74,74.52,64.05,65.42
1546,92,2025-06-25,77.14,Medium,58.5,63.05,72.02,55.99
1547,87,2025-08-22,69.11,High,73.43,59.15,85.53,87.76
1548,45,2024-09-02,51.94,High,76.17,73.18,73.17,79.69
1549,52,2024-06-08,53.8,High,68.4,60.01,98.84,53.54
1550,31,2026-07-05,90.42,Low,40.18,63.43,49.48,91.13
1551,53,2024-09-08,67.48,High,56.21,43.55,55.71,92.65
1552,12,2025-12-07,64.84,High,51.77,92.93,99.1,50.62
1553,54,2024-06-24,56.22,High,87.98,71.69,65.18,93.21
1554,25,2024-02-02,64.32,High,57.0,55.98,61.78,83.0
1555,95,2025-10-30,93.11,Low,96.6,52.2,92.28,96.04
1556,11,2025-04-23,49.11,Critical,60.37,93.36,55.9,99.5
1557,43,2024-10-22,70.34,Medium,50.0,88.78,77.91,71.89
1558,39,2025-10-02,54.52,High,86.1,62.71,70.34,93.95
1559,10,2024-04-23,53.56,High,47.38,94.59,56.39,69.47
1560,79,2024-09-14,54.2,High,79.64,57.3,75.2,92.71
1561,57,2025-03-27,54.2,High,83.71,59.39,79.11,77.31
1562,68,2025-01-18,91.75,Low,85.88,74.2,47.1,54.39
1563,1,2024-11-19,48.24,Critical,88.57,55.67,98.89,79.05
1564,68,2024-10-11,56.67,High,68.81,74.13,95.04,93.86
1565,7,2025-04-21,63.0,High,88.77,73.46,55.6,84.41
1566,10,2025-05-30,46.36,Critical,45.51,55.06,98.78,94.25
1567,31,2025-07-01,84.37,Medium,78.4,89.55,63.04,50.08
1568,27,2026-04-17,84.47,Medium,78.14,95.25,77.91,40.79
1569,54,2025-08-27,84.03,Medium,63.36,83.52,62.66,91.9
1570,81,2026-02-06,66.9,High,66.75,58.57,46.15,88.72
1571,9,2025-05-17,72.5,Medium,75.86,82.0,42.22,60.29
1572,55,2026-03-02,49.11,Critical,55.98,45.01,74.88,46.14
1573,22,2024-05-22,61.88,High,83.63,51.46,64.92,40.1
1574,33,2024-07-10,85.36,Low,94.62,68.84,73.48,88.68
1575,70,2026-05-30,67.03,High,70.69,53.61,48.02,95.53
1576,8,2026-06-28,74.37,Medium,44.8,84.85,77.03,57.72
1577,48,2025-04-18,46.94,Critical,77.11,85.77,77.07,88.86
1578,97,2025-06-01,96.14,Low,92.51,49.84,95.89,78.84
1579,37,2026-05-08,49.49,Critical,56.18,55.44,40.83,68.54
1580,63,2025-12-23,53.99,High,90.64,95.04,44.06,98.79
1581,75,2025-06-15,64.52,High,82.28,90.58,84.39,82.52
1582,77,2024-11-27,59.48,High,79.58,81.85,52.8,85.21
1583,63,2025-09-15,82.22,Medium,70.23,75.58,41.72,58.86
1584,62,2025-11-06,75.46,Medium,89.25,78.48,90.92,52.54
1585,57,2025-04-25,68.03,High,58.71,77.54,42.42,75.2
1586,78,2025-11-19,59.45,High,72.13,58.99,86.31,89.04
1587,30,2024-08-30,75.2,Medium,60.46,88.51,84.52,92.47
1588,68,2025-07-18,63.84,High,77.96,77.14,97.83,65.53
1589,2,2025-03-05,90.29,Low,52.69,58.44,68.08,95.03
1590,3,2024-11-30,93.06,Low,90.72,87.83,45.22,45.32
1591,38,2024-06-18,51.87,High,79.8,62.78,90.31,57.14
1592,14,2026-06-16,72.9,Medium,87.1,91.28,60.71,57.6
1593,65,2026-03-16,63.5,High,76.39,54.05,64.32,54.42
1594,21,2025-10-18,87.46,Low,54.65,86.37,85.83,96.71
1595,43,2025-04-02,47.02,Critical,83.36,65.04,80.91,61.75
1596,100,2026-07-06,62.11,High,53.41,92.53,55.12,88.75
1597,94,2026-07-31,63.69,High,84.99,59.82,50.23,96.59
1598,96,2024-10-24,74.19,Medium,65.16,87.59,90.74,43.08
1599,85,2024-11-28,71.06,Medium,86.37,91.13,91.12,75.34
1600,82,2025-09-28,93.11,Low,56.43,81.14,90.85,65.69
1601,21,2025-10-01,56.08,High,63.84,55.29,92.41,97.01
1602,73,2024-05-25,77.68,Medium,43.61,53.44,71.02,56.15
1603,57,2025-07-27,45.05,Critical,55.73,45.38,74.22,44.93
1604,17,2025-02-28,59.99,High,73.85,59.19,93.34,53.28
1605,89,2024-03-11,73.8,Medium,82.43,52.1,96.5,92.24
1606,49,2024-12-07,82.39,Medium,49.66,57.06,44.22,47.85
1607,56,2024-01-23,84.64,Medium,56.27,70.67,48.44,63.87
1608,32,2026-06-25,55.84,High,64.46,44.14,75.93,71.53
1609,25,2025-06-17,68.79,High,50.77,62.94,60.96,76.19
1610,25,2025-12-09,79.93,Medium,70.46,57.21,82.71,76.78
1611,62,2026-06-24,49.51,Critical,88.32,42.9,54.71,99.12
1612,95,2024-08-24,87.58,Low,43.67,88.91,57.51,45.21
1613,84,2025-03-05,60.97,High,79.16,91.9,43.25,50.84
1614,3,2026-07-29,78.41,Medium,51.95,53.35,94.64,72.42
1615,94,2026-07-19,53.39,High,44.01,74.82,95.79,69.13
1616,93,2025-05-25,94.39,Low,96.37,86.99,67.3,91.2
1617,44,2025-04-12,85.56,Low,62.65,61.42,57.93,77.05
1618,8,2026-07-10,56.03,High,97.76,46.65,59.85,91.65
1619,33,2026-03-01,55.71,High,84.34,46.66,94.1,48.38
1620,80,2024-11-18,55.83,High,62.29,54.1,42.96,77.1
1621,97,2025-12-08,52.17,High,54.97,79.17,92.73,52.35
1622,87,2024-03-12,84.5,Medium,58.68,79.29,58.89,84.8
1623,4,2024-05-26,69.62,High,62.59,41.04,48.32,87.74
1624,2,2024-10-15,65.43,High,83.04,59.19,99.94,84.78
1625,39,2025-06-03,61.2,High,68.65,49.43,95.95,94.27
1626,54,2025-07-29,95.84,Low,99.04,84.09,55.3,48.15
1627,90,2026-07-01,91.57,Low,74.73,54.95,50.46,56.91
1628,56,2026-04-24,75.04,Medium,68.68,50.13,50.06,42.01
1629,30,2026-03-04,84.25,Medium,97.47,70.43,52.37,67.73
1630,15,2025-07-13,53.52,High,50.84,55.87,99.18,73.56
1631,11,2026-06-30,76.36,Medium,89.63,75.37,97.65,89.81
1632,46,2025-01-28,95.44,Low,80.72,60.03,74.94,84.95
1633,90,2024-11-17,75.95,Medium,90.17,63.62,99.99,99.91
1634,56,2024-11-25,58.33,High,48.66,89.48,40.35,55.47
1635,48,2026-06-12,54.0,High,49.37,92.56,91.23,71.58
1636,64,2024-12-04,73.53,Medium,55.34,93.43,87.25,70.13
1637,61,2025-09-05,85.39,Low,81.25,85.87,47.5,81.09
1638,49,2024-02-14,68.93,High,84.92,76.96,85.21,65.41
1639,19,2024-12-17,85.21,Low,94.22,84.57,94.46,81.86
1640,8,2024-11-13,87.27,Low,79.96,67.69,94.02,41.95
1641,82,2024-10-03,71.25,Medium,82.06,65.4,80.38,46.35
1642,13,2024-11-01,56.74,High,40.75,69.24,77.08,88.11
1643,96,2026-06-25,49.65,Critical,56.09,68.89,90.58,69.27
1644,37,2026-01-04,79.32,Medium,70.17,95.3,92.44,92.15
1645,98,2025-02-13,74.76,Medium,69.39,93.95,60.31,45.42
1646,46,2025-03-09,81.04,Medium,94.44,63.48,96.13,44.21
1647,46,2024-04-22,84.36,Medium,81.55,61.89,64.95,64.98
1648,54,2025-08-19,66.97,High,93.49,98.82,73.94,65.23
1649,96,2024-09-13,57.67,High,64.44,40.85,74.12,62.23
1650,16,2024-04-29,81.87,Medium,91.82,44.31,52.42,60.05
1651,25,2024-09-24,54.93,High,94.38,95.87,70.65,62.39
1652,78,2025-08-30,66.42,High,47.72,96.93,78.47,65.78
1653,73,2026-01-26,68.91,High,93.52,73.48,85.59,92.64
1654,75,2024-11-07,70.76,Medium,71.54,74.26,89.64,77.65
1655,53,2024-03-28,84.19,Medium,74.3,95.78,43.51,49.72
1656,81,2025-12-26,47.7,Critical,52.29,74.24,89.85,50.99
1657,98,2025-07-30,63.42,High,83.91,65.32,47.99,40.26
1658,16,2024-10-15,52.11,High,64.32,95.0,85.97,46.64
1659,50,2024-04-20,55.8,High,85.19,45.43,89.53,91.74
1660,32,2025-11-29,69.73,High,79.1,90.21,61.77,60.75
1661,50,2026-03-18,45.23,Critical,48.99,51.56,64.79,60.9
1662,61,2026-01-24,55.92,High,61.17,67.29,63.5,83.88
1663,22,2025-06-17,85.62,Low,58.56,43.89,87.96,92.79
1664,91,2026-05-25,46.87,Critical,84.67,68.13,41.11,85.14
1665,40,2024-06-27,85.65,Low,82.57,58.28,81.69,62.86
1666,96,2024-05-10,87.07,Low,81.01,53.76,60.49,64.79
1667,15,2025-12-08,74.51,Medium,85.17,40.77,54.57,98.54
1668,1,2025-03-15,81.4,Medium,91.42,80.36,83.19,59.77
1669,86,2024-05-22,97.2,Low,79.68,73.73,51.99,78.97
1670,86,2025-12-28,91.35,Low,46.18,79.35,49.81,85.73
1671,60,2025-09-09,70.67,Medium,41.8,96.36,78.25,65.43
1672,51,2025-10-28,57.11,High,83.2,77.0,68.81,70.43
1673,84,2025-02-28,58.05,High,97.1,59.58,70.93,60.18
1674,25,2025-12-01,55.66,High,69.48,42.95,50.38,79.84
1675,36,2024-02-01,97.36,Low,89.96,69.43,53.12,77.98
1676,26,2024-04-20,80.31,Medium,79.61,49.32,55.06,60.58
1677,89,2025-12-06,68.76,High,59.8,67.1,45.89,77.88
1678,7,2026-04-28,88.1,Low,87.02,54.97,62.15,70.08
1679,72,2026-03-19,48.26,Critical,44.02,82.06,86.37,59.79
1680,37,2025-09-29,90.01,Low,57.53,72.51,44.33,61.33
1681,93,2025-06-01,76.77,Medium,54.28,70.17,50.15,40.24
1682,92,2024-05-03,48.91,Critical,56.59,68.01,69.8,56.09
1683,12,2026-01-13,58.04,High,45.09,91.43,66.43,90.35
1684,18,2024-06-19,71.93,Medium,97.53,82.19,88.3,63.2
1685,73,2025-11-03,79.74,Medium,56.13,95.74,79.98,41.42
1686,17,2025-07-29,74.82,Medium,91.35,74.82,57.79,80.25
1687,96,2026-01-28,88.16,Low,91.5,67.48,90.02,99.21
1688,51,2026-06-21,49.07,Critical,54.26,72.54,90.65,60.6
1689,44,2026-01-24,45.87,Critical,97.4,94.94,82.42,74.96
1690,12,2025-08-31,81.96,Medium,60.8,64.02,66.62,51.25
1691,27,2025-10-28,74.91,Medium,98.38,87.06,61.88,96.15
1692,76,2025-01-27,85.1,Low,88.42,95.42,74.75,57.09
1693,20,2024-02-01,78.77,Medium,64.9,46.36,86.5,80.28
1694,53,2025-06-27,46.82,Critical,69.56,42.5,96.16,48.15
1695,86,2026-07-13,52.41,High,91.47,53.41,78.03,52.88
1696,71,2024-03-09,50.31,High,49.48,85.5,74.67,65.62
1697,62,2024-08-13,67.72,High,66.57,96.66,51.96,66.63
1698,38,2025-05-30,86.04,Low,53.43,93.75,61.7,68.98
1699,59,2025-08-16,78.95,Medium,77.74,40.15,64.34,91.43
1700,63,2026-05-09,87.69,Low,91.72,51.63,64.48,68.7
1701,41,2026-04-18,58.81,High,67.04,76.06,44.55,55.08
1702,77,2026-08-26,45.3,Critical,84.56,60.5,99.26,93.66
1703,84,2026-02-03,73.23,Medium,98.02,83.12,43.0,61.23
1704,65,2024-05-07,67.72,High,43.49,49.65,52.74,45.67
1705,76,2025-03-08,87.44,Low,90.35,65.17,58.97,99.07
1706,100,2024-02-19,71.94,Medium,81.19,73.81,70.94,58.35
1707,12,2025-01-30,86.32,Low,47.33,58.93,87.25,86.11
1708,2,2024-03-13,47.17,Critical,94.98,80.29,97.97,95.51
1709,58,2025-06-02,56.11,High,96.29,55.46,66.46,85.5
1710,30,2026-01-15,78.43,Medium,69.77,54.64,64.11,74.35
1711,74,2024-02-03,78.72,Medium,73.27,56.58,52.64,74.46
1712,41,2025-01-22,95.15,Low,69.87,71.42,48.61,52.07
1713,2,2024-05-08,63.56,High,95.95,72.49,55.19,87.58
1714,23,2024-03-10,64.0,High,46.21,97.99,74.98,42.51
1715,97,2024-11-03,63.73,High,91.59,40.86,57.63,79.71
1716,37,2024-07-04,48.34,Critical,58.81,66.91,77.49,89.23
1717,5,2024-08-21,83.62,Medium,85.62,48.37,73.47,82.58
1718,87,2025-04-24,67.19,High,63.35,65.81,99.62,63.23
1719,22,2025-06-20,89.6,Low,74.63,59.21,99.72,44.26
1720,26,2026-05-01,86.4,Low,58.58,78.86,73.85,89.09
1721,61,2025-06-30,74.16,Medium,67.67,57.41,81.98,51.67
1722,68,2024-07-20,50.3,High,64.45,49.66,85.37,79.87
1723,82,2025-12-01,78.04,Medium,89.14,82.34,50.82,85.13
1724,32,2026-06-17,72.02,Medium,40.26,47.34,96.0,73.55
1725,71,2024-08-15,62.26,High,53.4,92.03,44.66,68.19
1726,54,2025-03-24,47.99,Critical,89.75,64.36,67.14,44.29
1727,18,2026-03-12,97.34,Low,92.43,79.89,73.16,48.09
1728,5,2024-03-01,91.35,Low,95.31,71.84,98.95,66.63
1729,57,2025-01-01,59.3,High,70.21,85.14,51.14,80.77
1730,2,2024-01-14,56.09,High,62.68,69.33,68.93,75.68
1731,83,2026-02-16,54.0,High,75.83,79.74,50.5,59.42
1732,97,2024-03-06,91.66,Low,51.36,64.29,74.57,64.85
1733,34,2024-04-07,81.99,Medium,81.66,58.55,53.73,61.38
1734,23,2026-01-06,63.84,High,58.03,88.41,80.68,96.95
1735,67,2026-05-26,73.19,Medium,59.39,83.22,79.28,96.89
1736,74,2025-12-25,96.26,Low,46.75,71.24,96.9,85.71
1737,14,2024-11-18,88.4,Low,84.15,68.58,54.98,53.93
1738,45,2025-04-15,48.95,Critical,65.67,84.16,69.67,42.22
1739,48,2025-02-27,48.2,Critical,85.05,90.79,71.92,98.23
1740,70,2026-01-22,55.72,High,52.57,44.06,74.97,55.55
1741,42,2024-06-30,82.24,Medium,85.56,59.2,97.18,43.1
1742,81,2026-02-02,60.86,High,94.0,62.61,81.29,91.25
1743,100,2024-06-03,73.65,Medium,54.65,77.42,93.14,48.3
1744,99,2024-02-24,62.01,High,60.34,59.01,92.84,60.23
1745,61,2026-08-19,90.22,Low,97.16,48.01,51.54,72.63
1746,82,2024-06-19,55.73,High,97.69,99.72,84.34,94.48
1747,60,2024-04-22,49.7,Critical,79.91,84.85,63.38,49.64
1748,89,2025-10-09,72.1,Medium,62.67,96.13,97.52,55.06
1749,54,2024-07-03,83.34,Medium,97.16,99.86,77.96,41.48
1750,88,2025-10-29,74.49,Medium,99.61,68.18,85.45,85.13
1751,89,2025-06-23,54.83,High,45.76,99.45,51.35,47.37
1752,79,2026-01-11,53.22,High,74.31,56.83,86.31,82.76
1753,23,2025-12-19,94.46,Low,53.38,70.63,81.83,92.02
1754,98,2025-02-05,97.94,Low,51.13,54.44,74.79,92.05
1755,13,2025-01-04,93.31,Low,56.47,62.08,43.87,72.35
1756,22,2026-07-08,61.87,High,71.79,95.35,54.34,55.68
1757,1,2024-08-25,47.71,Critical,60.83,53.48,52.18,94.89
1758,65,2025-05-01,52.99,High,51.45,80.06,92.26,40.54
1759,58,2026-02-12,75.72,Medium,72.8,62.82,66.58,65.6
1760,65,2025-03-23,75.96,Medium,79.25,45.54,48.87,84.35
1761,47,2025-03-03,48.16,Critical,50.36,72.39,94.43,58.82
1762,38,2024-08-03,95.9,Low,57.88,63.2,81.11,71.43
1763,69,2024-01-21,54.27,High,74.6,91.06,72.66,50.63
1764,77,2025-10-17,86.95,Low,57.37,68.01,92.51,52.81
1765,27,2024-07-26,49.14,Critical,54.65,91.12,57.61,42.51
1766,61,2025-02-07,53.36,High,98.05,49.13,86.17,54.14
1767,27,2025-02-18,82.15,Medium,58.7,42.95,89.52,57.04
1768,86,2025-08-07,71.48,Medium,44.84,45.42,88.42,54.37
1769,84,2026-05-29,82.49,Medium,99.83,42.07,96.57,43.66
1770,89,2025-02-25,50.19,High,54.09,62.52,50.74,85.1
1771,19,2025-01-06,72.78,Medium,90.23,58.36,57.41,40.16
1772,82,2025-09-22,62.56,High,94.83,91.21,62.7,49.77
1773,74,2026-02-21,63.66,High,90.25,78.03,70.69,71.62
1774,11,2026-01-18,46.93,Critical,98.95,64.87,42.63,79.59
1775,8,2025-02-02,54.68,High,93.46,57.77,75.47,78.23
1776,57,2025-11-06,58.88,High,60.13,70.67,78.05,46.36
1777,93,2026-04-20,65.13,High,48.05,58.74,44.36,41.43
1778,50,2025-07-12,78.2,Medium,72.66,59.17,68.24,95.79
1779,19,2025-03-16,93.19,Low,60.95,92.49,94.67,56.43
1780,28,2025-08-08,86.03,Low,51.7,55.96,55.25,90.13
1781,59,2024-03-10,49.04,Critical,78.53,40.92,67.84,50.29
1782,67,2024-06-21,64.87,High,54.63,79.53,99.43,78.32
1783,96,2025-03-11,46.61,Critical,66.02,45.66,72.45,54.04
1784,29,2026-03-05,79.82,Medium,47.32,85.84,55.28,74.49
1785,41,2026-01-23,63.91,High,88.62,50.24,95.15,91.98
1786,89,2026-02-10,53.79,High,85.51,50.67,40.35,86.98
1787,65,2026-07-11,95.78,Low,72.93,61.39,79.21,42.85
1788,76,2025-11-27,90.55,Low,61.25,46.64,66.43,63.55
1789,1,2026-04-14,51.37,High,49.48,76.44,49.97,97.89
1790,42,2025-05-03,85.24,Low,84.2,99.21,48.15,84.99
1791,77,2026-06-27,48.36,Critical,76.05,54.32,54.82,97.85
1792,97,2024-02-16,53.94,High,84.51,50.1,55.04,63.85
1793,20,2024-09-02,86.78,Low,73.67,70.35,56.9,42.84
1794,87,2025-05-08,89.51,Low,78.54,61.29,52.63,75.04
1795,35,2026-01-18,53.18,High,73.73,61.38,71.47,51.46
1796,4,2025-10-17,72.71,Medium,55.28,45.76,73.4,79.32
1797,17,2024-02-17,76.31,Medium,70.92,88.73,59.96,43.43
1798,35,2025-06-07,94.68,Low,91.3,79.65,60.07,41.66
1799,41,2024-05-08,51.25,High,94.68,68.0,50.22,43.56
1800,7,2024-10-22,70.62,Medium,55.43,74.34,53.89,46.43
1801,10,2025-05-11,70.0,Medium,96.38,91.25,40.59,52.02
1802,33,2025-06-24,63.9,High,80.78,70.25,56.62,96.88
1803,51,2026-08-13,62.47,High,69.21,52.49,57.63,56.69
1804,49,2026-08-26,66.46,High,40.29,48.11,63.63,83.78
1805,99,2026-06-21,60.49,High,87.7,55.8,48.88,73.5
1806,70,2025-03-22,45.08,Critical,71.01,52.64,78.36,61.34
1807,17,2025-11-25,86.9,Low,96.65,77.51,40.28,52.96
1808,32,2024-04-29,86.01,Low,64.13,48.2,76.46,82.51
1809,62,2025-01-17,96.64,Low,47.94,95.08,65.12,57.38
1810,72,2024-08-10,94.57,Low,79.99,45.92,51.78,68.19
1811,9,2024-06-02,69.38,High,55.7,78.85,44.02,60.3
1812,63,2024-10-01,65.43,High,49.4,89.8,96.81,53.8
1813,79,2024-08-02,56.67,High,97.38,85.77,61.47,75.96
1814,18,2026-06-22,84.25,Medium,90.96,42.51,79.21,98.9
1815,25,2026-04-05,54.58,High,73.53,68.08,54.2,82.29
1816,4,2024-09-17,49.93,Critical,77.16,76.14,90.15,58.27
1817,43,2025-05-16,59.43,High,52.1,92.17,66.97,67.79
1818,36,2025-09-22,85.33,Low,42.39,98.98,67.53,44.07
1819,40,2026-03-21,64.32,High,63.36,91.61,74.5,96.75
1820,30,2024-04-06,77.31,Medium,86.79,41.88,52.03,81.23
1821,3,2024-07-29,63.19,High,94.51,64.09,94.24,83.76
1822,13,2025-06-15,93.89,Low,91.91,41.21,88.62,82.35
1823,64,2024-11-17,96.22,Low,65.76,78.35,93.42,41.9
1824,92,2026-04-04,93.33,Low,46.24,81.08,79.61,70.37
1825,85,2024-03-10,69.06,High,80.65,65.46,95.39,75.29
1826,50,2025-04-18,61.97,High,50.86,64.61,58.49,44.21
1827,5,2026-05-29,58.98,High,59.91,99.8,95.03,65.17
1828,15,2025-01-29,94.87,Low,59.66,68.62,49.59,89.91
1829,71,2026-05-11,96.35,Low,86.21,90.4,49.97,69.43
1830,72,2026-05-18,78.06,Medium,72.04,62.02,78.91,55.5
1831,87,2025-10-01,75.87,Medium,92.75,41.55,71.79,46.0
1832,90,2025-07-27,63.43,High,86.7,92.54,51.6,82.8
1833,8,2024-10-11,82.43,Medium,52.87,93.95,52.19,71.78
1834,48,2025-05-20,74.97,Medium,41.31,89.29,66.11,77.34
1835,33,2025-12-28,58.53,High,95.32,45.73,84.98,40.14
1836,8,2024-10-05,84.56,Medium,42.17,66.67,64.62,48.94
1837,100,2024-05-05,90.66,Low,43.05,65.37,98.14,42.42
1838,99,2025-05-12,97.57,Low,49.53,64.67,84.44,50.59
1839,72,2026-07-08,71.68,Medium,59.81,87.52,49.23,95.44
1840,96,2025-08-25,59.17,High,82.67,74.54,84.45,48.95
1841,48,2026-05-23,51.09,High,78.52,75.79,81.38,88.75
1842,53,2026-06-17,78.45,Medium,59.3,56.55,83.97,61.97
1843,60,2025-12-20,89.32,Low,98.7,80.02,83.62,97.28
1844,62,2026-07-21,93.22,Low,43.59,82.05,51.25,75.22
1845,90,2025-10-25,52.57,High,82.84,43.31,65.81,88.4
1846,59,2024-11-27,51.38,High,51.7,64.08,86.07,46.41
1847,38,2025-12-18,94.2,Low,41.2,43.68,95.48,61.01
1848,8,2024-05-03,47.48,Critical,52.06,45.98,80.92,90.8
1849,60,2025-05-06,63.66,High,86.58,40.04,46.63,49.34
1850,58,2025-12-24,75.51,Medium,84.1,68.12,66.34,52.78
1851,42,2026-06-13,45.49,Critical,87.81,57.74,99.97,67.51
1852,73,2026-07-27,83.2,Medium,41.41,57.65,70.7,77.74
1853,63,2025-02-20,93.15,Low,67.71,48.13,91.88,90.89
1854,57,2026-01-25,46.84,Critical,60.86,54.79,44.31,78.42
1855,30,2024-11-22,75.45,Medium,70.62,99.74,56.36,68.95
1856,43,2026-04-25,67.18,High,56.97,88.41,99.33,70.74
1857,84,2024-07-28,47.37,Critical,66.15,41.29,81.62,46.45
1858,91,2024-12-25,87.16,Low,41.97,88.79,63.57,43.88
1859,33,2025-09-30,46.56,Critical,92.25,68.28,45.62,48.1
1860,99,2026-04-15,80.62,Medium,88.84,65.92,66.34,64.36
1861,42,2024-01-05,60.18,High,59.46,84.15,50.73,49.41
1862,84,2026-06-02,51.04,High,64.71,73.91,53.28,53.42
1863,22,2025-05-27,95.09,Low,84.72,94.81,67.98,79.93
1864,47,2024-03-10,74.36,Medium,54.39,98.02,41.92,59.98
1865,29,2024-08-16,54.9,High,62.69,88.39,91.44,85.43
1866,84,2024-10-30,74.68,Medium,61.41,89.93,48.0,46.61
1867,16,2024-01-12,46.6,Critical,99.57,60.87,61.92,69.86
1868,47,2024-06-09,96.09,Low,77.37,62.41,73.73,71.9
1869,35,2024-05-09,60.33,High,86.35,60.62,80.42,74.95
1870,90,2025-03-20,73.95,Medium,79.35,95.97,59.08,63.83
1871,20,2024-09-09,91.34,Low,58.82,41.5,62.97,51.23
1872,86,2025-01-09,63.33,High,45.24,88.02,97.09,92.35
1873,58,2025-01-06,81.82,Medium,44.53,75.1,68.48,71.26
1874,76,2024-03-09,62.73,High,90.11,50.36,88.16,56.03
1875,33,2024-12-08,87.78,Low,71.8,41.19,43.97,99.62
1876,55,2024-04-24,81.45,Medium,51.84,56.13,85.8,63.8
1877,88,2024-11-23,64.97,High,48.92,81.99,94.96,86.2
1878,32,2024-05-24,53.01,High,47.65,80.51,55.7,92.72
1879,58,2025-11-23,47.07,Critical,70.6,98.81,40.14,56.19
1880,89,2025-08-19,50.73,High,83.23,44.34,73.5,56.35
1881,100,2025-09-07,89.52,Low,92.78,79.5,54.78,86.08
1882,39,2026-02-21,74.35,Medium,95.04,78.87,89.12,92.9
1883,18,2025-06-11,92.39,Low,46.6,85.24,76.09,40.5
1884,2,2024-01-19,72.62,Medium,59.42,72.51,75.57,92.36
1885,43,2026-07-19,90.2,Low,99.36,42.51,47.24,40.96
1886,28,2026-05-09,59.98,High,41.51,99.64,73.17,84.46
1887,89,2024-02-19,83.25,Medium,60.35,98.86,82.61,60.48
1888,83,2026-04-23,72.47,Medium,79.44,88.62,75.48,42.28
1889,24,2026-03-07,95.96,Low,54.15,44.11,64.66,64.89
1890,39,2026-06-30,67.16,High,48.23,78.18,49.65,97.36
1891,38,2025-04-03,93.0,Low,89.77,86.55,48.65,46.89
1892,91,2026-01-14,81.33,Medium,60.8,71.42,51.41,86.64
1893,7,2026-04-08,69.22,High,56.05,70.55,73.6,90.35
1894,75,2026-01-11,92.78,Low,59.26,44.49,50.33,40.27
1895,75,2024-09-07,52.88,High,53.45,83.44,55.58,65.96
1896,54,2024-12-28,96.34,Low,69.73,94.09,47.2,65.17
1897,46,2026-05-31,71.02,Medium,95.14,77.9,52.66,57.12
1898,74,2026-05-19,78.05,Medium,43.44,54.11,70.08,80.52
1899,51,2024-04-12,60.41,High,63.88,61.1,71.7,48.65
1900,93,2025-07-31,82.44,Medium,92.65,51.4,93.26,86.13
1901,29,2024-05-31,46.22,Critical,99.59,93.6,98.74,73.16
1902,63,2024-04-06,65.43,High,95.01,64.79,93.56,80.17
1903,73,2026-05-09,64.3,High,95.95,61.78,55.08,72.65
1904,16,2024-01-14,71.71,Medium,81.27,91.31,52.0,54.72
1905,5,2025-01-12,72.46,Medium,56.28,88.93,56.76,48.45
1906,82,2025-06-27,70.11,Medium,61.17,72.74,70.6,75.37
1907,2,2025-01-27,67.97,High,62.37,76.79,50.67,79.86
1908,77,2024-05-25,66.98,High,97.11,66.14,49.79,54.4
1909,69,2026-04-05,57.51,High,50.44,60.43,94.35,47.37
1910,27,2025-09-13,77.49,Medium,82.22,99.97,97.92,78.09
1911,61,2026-04-20,89.26,Low,84.9,97.06,49.66,97.71
1912,18,2024-01-19,92.38,Low,45.28,67.26,44.84,98.39
1913,54,2024-10-30,51.89,High,61.77,94.85,48.01,63.19
1914,98,2024-09-30,75.28,Medium,67.29,86.62,80.02,56.65
1915,83,2024-09-09,59.94,High,77.28,41.84,53.02,96.99
1916,95,2026-04-26,82.11,Medium,71.72,90.28,84.9,97.98
1917,74,2026-06-28,78.77,Medium,65.47,78.38,97.58,55.42
1918,62,2024-05-19,79.23,Medium,85.07,82.75,45.86,79.71
1919,8,2025-07-18,60.65,High,53.83,55.02,84.5,90.77
1920,23,2026-03-22,65.9,High,45.1,72.78,68.13,68.54
1921,80,2025-10-21,84.91,Medium,53.3,91.99,84.82,56.95
1922,18,2025-08-28,62.2,High,53.56,76.96,48.04,47.69
1923,98,2025-04-06,71.1,Medium,86.2,67.36,55.14,66.75
1924,44,2024-04-19,47.54,Critical,79.5,71.27,92.64,51.2
1925,13,2024-10-15,94.59,Low,71.58,65.92,42.09,82.66
1926,25,2025-08-19,73.16,Medium,89.63,82.69,72.05,72.52
1927,65,2024-06-29,91.28,Low,88.68,40.95,84.88,80.03
1928,60,2025-12-05,62.55,High,77.55,93.06,86.31,54.8
1929,85,2025-08-31,71.66,Medium,58.66,85.17,43.36,63.0
1930,90,2026-04-29,95.47,Low,54.67,75.38,71.57,54.48
1931,83,2024-06-02,78.87,Medium,99.45,96.02,58.63,44.87
1932,54,2025-12-21,82.77,Medium,78.72,75.52,57.39,84.77
1933,57,2025-06-21,79.18,Medium,79.87,44.09,99.62,74.17
1934,56,2025-02-28,56.41,High,84.78,44.71,53.49,74.45
1935,80,2026-03-09,83.09,Medium,78.23,98.69,75.15,82.26
1936,9,2025-07-27,51.08,High,60.12,66.29,53.78,77.95
1937,81,2025-09-25,47.74,Critical,56.85,52.83,69.24,65.35
1938,52,2025-06-01,80.76,Medium,94.92,75.0,93.0,61.18
1939,99,2026-08-24,95.88,Low,77.34,69.61,67.89,45.15
1940,62,2025-10-08,74.36,Medium,49.22,91.91,48.11,42.64
1941,92,2024-01-24,79.17,Medium,87.34,45.85,55.33,70.28
1942,53,2025-09-02,80.39,Medium,43.46,50.93,45.15,69.31
1943,76,2024-09-16,63.03,High,92.02,86.03,85.67,73.9
1944,51,2025-10-09,68.6,High,81.84,80.24,88.27,79.83
1945,2,2024-09-28,45.08,Critical,77.87,61.18,81.68,94.01
1946,35,2024-06-27,53.3,High,69.03,80.4,78.47,92.59
1947,93,2025-02-07,81.69,Medium,65.41,82.23,47.71,57.84
1948,67,2024-02-15,55.51,High,96.99,60.72,67.4,75.18
1949,20,2024-03-06,84.38,Medium,50.8,53.03,94.61,52.34
1950,31,2026-08-25,62.36,High,65.92,62.39,66.85,69.04
1951,57,2026-07-13,56.27,High,83.33,89.25,63.28,89.98
1952,43,2025-05-08,73.2,Medium,59.36,52.41,44.18,57.97
1953,83,2025-09-05,76.29,Medium,45.53,40.06,94.75,44.5
1954,88,2026-06-07,78.27,Medium,70.6,97.33,64.78,96.42
1955,74,2025-05-07,76.61,Medium,90.54,99.79,63.58,82.48
1956,53,2025-05-24,77.03,Medium,89.95,56.38,49.09,90.68
1957,96,2024-05-02,49.78,Critical,85.04,50.22,86.08,62.1
1958,55,2026-04-09,71.52,Medium,54.7,99.37,43.03,49.22
1959,97,2026-08-10,55.45,High,99.34,95.03,62.3,48.66
1960,47,2025-04-01,62.27,High,83.66,93.37,69.38,59.21
1961,2,2025-07-27,70.15,Medium,85.56,84.77,79.67,50.55
1962,89,2025-09-01,56.87,High,57.85,67.68,63.16,96.84
1963,54,2026-08-20,84.71,Medium,44.32,80.79,45.29,76.56
1964,82,2024-07-28,86.8,Low,79.38,80.21,54.19,86.26
1965,51,2026-07-27,54.33,High,66.48,63.67,57.89,53.38
1966,98,2024-11-22,47.03,Critical,43.82,76.31,60.21,93.32
1967,52,2024-01-17,56.54,High,43.7,63.63,63.4,82.66
1968,16,2024-02-25,87.0,Low,61.52,44.63,55.54,66.72
1969,60,2026-04-09,91.12,Low,82.74,78.88,92.27,90.36
1970,65,2024-07-28,50.73,High,84.45,61.84,91.81,85.22
1971,89,2026-02-05,83.66,Medium,77.91,80.25,54.78,64.94
1972,21,2025-10-05,70.58,Medium,93.21,85.93,75.74,74.84
1973,70,2025-04-16,65.81,High,68.13,43.67,61.63,71.01
1974,75,2024-02-07,82.85,Medium,68.45,99.14,81.6,95.2
1975,50,2025-09-07,77.28,Medium,95.83,59.54,82.23,50.98
1976,62,2025-11-03,45.5,Critical,47.64,54.84,86.56,89.52
1977,28,2025-02-04,96.97,Low,70.56,51.7,88.92,65.24
1978,21,2025-03-20,48.41,Critical,85.47,90.66,57.23,61.58
1979,62,2024-05-18,49.43,Critical,84.51,99.45,71.58,50.37
1980,81,2024-03-05,79.25,Medium,83.35,61.19,64.82,45.1
1981,56,2026-07-17,80.32,Medium,61.88,73.48,49.39,53.21
1982,48,2024-05-12,64.16,High,81.45,59.39,69.41,41.55
1983,56,2026-03-13,55.33,High,80.01,86.07,72.82,92.19
1984,23,2024-08-16,77.24,Medium,87.84,61.41,48.62,91.23
1985,68,2024-04-16,77.46,Medium,62.47,93.63,61.04,94.33
1986,84,2025-05-11,66.73,High,96.59,64.63,79.85,91.03
1987,64,2024-10-10,59.1,High,80.55,59.26,67.29,49.05
1988,67,2026-02-15,58.01,High,40.59,97.89,99.92,96.95
1989,93,2025-06-22,81.27,Medium,72.78,96.08,68.81,64.19
1990,40,2026-08-22,88.4,Low,61.04,41.53,80.66,72.58
1991,84,2025-06-26,45.63,Critical,40.63,40.09,94.27,73.36
1992,88,2025-05-13,88.66,Low,75.67,88.22,55.6,69.97
1993,11,2025-04-02,76.18,Medium,71.88,86.32,72.88,65.61
1994,25,2026-03-15,88.99,Low,78.04,63.32,59.83,96.16
1995,30,2025-03-30,60.92,High,66.56,84.63,64.51,53.73
1996,62,2026-05-31,75.59,Medium,48.87,87.59,95.88,65.82
1997,22,2025-09-22,71.61,Medium,95.49,60.7,50.88,69.1
1998,27,2025-10-16,74.12,Medium,69.92,57.3,58.79,59.39
1999,22,2024-10-23,51.11,High,40.52,94.5,40.23,68.39
2000,97,2025-10-01,67.09,High,68.69,94.55,73.82,49.83
