id,snapshot_date,warehouse_id,category,total_items,total_quantity,inventory_value,created_at
1,2017-09-09,1.0,Accessories,6,46,1149.53998942,2026-09-14 12:30:26.648774
2,2017-09-09,1.0,Baseball & Softball,1,3,104.97000503999999,2026-09-14 12:30:26.648778
3,2017-09-09,1.0,Boxing & MMA,1,14,769.58001708,2026-09-14 12:30:26.648780
4,2017-09-09,1.0,Camping & Hiking,1,81,24298.380891000004,2026-09-14 12:30:26.648782
5,2017-09-09,1.0,Cardio Equipment,2,248,24587.5494757,2026-09-14 12:30:26.648784
6,2017-09-09,1.0,Cleats,1,428,25675.720719039997,2026-09-14 12:30:26.648785
7,2017-09-09,1.0,Electronics,9,63,2451.3700409,2026-09-14 12:30:26.648787
8,2017-09-09,1.0,Fishing,1,69,27598.620759,2026-09-14 12:30:26.648788
9,2017-09-09,1.0,Fitness Accessories,1,8,279.92001344,2026-09-14 12:30:26.648790
10,2017-09-09,1.0,Girls' Apparel,4,28,1329.9000168000002,2026-09-14 12:30:26.648791
11,2017-09-09,1.0,Golf Apparel,1,4,79.95999908,2026-09-14 12:30:26.648793
12,2017-09-09,1.0,Golf Balls,5,35,573.64999195,2026-09-14 12:30:26.648794
13,2017-09-09,1.0,Golf Gloves,2,17,439.830013288,2026-09-14 12:30:26.648796
14,2017-09-09,1.0,Golf Shoes,1,10,650.0,2026-09-14 12:30:26.648797
15,2017-09-09,1.0,Hockey,2,7,169.0,2026-09-14 12:30:26.648799
16,2017-09-09,1.0,Hunting & Shooting,1,4,119.95999908,2026-09-14 12:30:26.648800
17,2017-09-09,1.0,Indoor/Outdoor Games,1,334,16693.319846360002,2026-09-14 12:30:26.648802
18,2017-09-09,1.0,Lacrosse,1,5,124.94999885,2026-09-14 12:30:26.648803
19,2017-09-09,1.0,Men's Footwear,1,121,15728.790665500004,2026-09-14 12:30:26.648805
20,2017-09-09,1.0,Shop By Sport,2,189,7448.22029904,2026-09-14 12:30:26.648807
21,2017-09-09,1.0,Tennis & Racquet,1,7,314.93001176,2026-09-14 12:30:26.648808
22,2017-09-09,1.0,Trade-In,3,20,373.79999540000006,2026-09-14 12:30:26.648809
23,2017-09-09,1.0,Water Sports,1,92,18399.080506000002,2026-09-14 12:30:26.648811
24,2017-09-09,1.0,Women's Apparel,1,350,17500.0,2026-09-14 12:30:26.648812
25,2017-09-09,2.0,Accessories,6,220,5497.7999494,2026-09-14 12:30:26.648814
26,2017-09-09,2.0,As Seen on TV!,1,1,99.98999786,2026-09-14 12:30:26.648815
27,2017-09-09,2.0,Baseball & Softball,3,100,5249.00017564,2026-09-14 12:30:26.648817
28,2017-09-09,2.0,Boxing & MMA,3,69,4893.52998338,2026-09-14 12:30:26.648819
29,2017-09-09,2.0,Camping & Hiking,1,661,198286.78727100004,2026-09-14 12:30:26.648820
30,2017-09-09,2.0,Cardio Equipment,2,1886,185151.62606882,2026-09-14 12:30:26.648822
31,2017-09-09,2.0,Cleats,1,3643,218543.57612023997,2026-09-14 12:30:26.648823
32,2017-09-09,2.0,Electronics,11,435,17211.65027622,2026-09-14 12:30:26.648825
33,2017-09-09,2.0,Fishing,1,827,330783.46909699996,2026-09-14 12:30:26.648826
34,2017-09-09,2.0,Fitness Accessories,1,46,1609.54007728,2026-09-14 12:30:26.648828
35,2017-09-09,2.0,Girls' Apparel,4,176,7839.590068880001,2026-09-14 12:30:26.648829
36,2017-09-09,2.0,Golf Apparel,3,62,1759.37999159,2026-09-14 12:30:26.648831
37,2017-09-09,2.0,Golf Bags & Carts,1,1,169.9900055,2026-09-14 12:30:26.648832
38,2017-09-09,2.0,Golf Balls,5,206,3661.9399526200004,2026-09-14 12:30:26.648834
39,2017-09-09,2.0,Golf Gloves,6,179,5913.210023826001,2026-09-14 12:30:26.648836
40,2017-09-09,2.0,Golf Shoes,4,59,4126.0,2026-09-14 12:30:26.648837
41,2017-09-09,2.0,Hockey,2,84,1929.0,2026-09-14 12:30:26.648839
42,2017-09-09,2.0,Hunting & Shooting,3,70,3029.3999976599994,2026-09-14 12:30:26.648840
43,2017-09-09,2.0,Indoor/Outdoor Games,1,2856,142742.87868624003,2026-09-14 12:30:26.648842
44,2017-09-09,2.0,Kids' Golf Clubs,5,25,3226.45998374,2026-09-14 12:30:26.648843
45,2017-09-09,2.0,Lacrosse,1,32,799.6799926400001,2026-09-14 12:30:26.648845
46,2017-09-09,2.0,Men's Footwear,1,1056,137269.44580800005,2026-09-14 12:30:26.648847
47,2017-09-09,2.0,Men's Golf Clubs,4,17,1969.8300172600002,2026-09-14 12:30:26.648848
48,2017-09-09,2.0,Shop By Sport,3,1612,64434.39263393999,2026-09-14 12:30:26.648850
49,2017-09-09,2.0,Soccer,2,16,1549.8399660000002,2026-09-14 12:30:26.648851
50,2017-09-09,2.0,Strength Training,1,3,567.0,2026-09-14 12:30:26.648853
51,2017-09-09,2.0,Tennis & Racquet,1,54,2429.4600907199997,2026-09-14 12:30:26.648854
52,2017-09-09,2.0,Trade-In,4,148,4112.5200003400005,2026-09-14 12:30:26.648856
53,2017-09-09,2.0,Water Sports,1,744,148792.56409200002,2026-09-14 12:30:26.648857
54,2017-09-09,2.0,Women's Apparel,1,2894,144700.0,2026-09-14 12:30:26.648859
55,2017-09-09,2.0,Women's Golf Clubs,3,22,2669.7799911199995,2026-09-14 12:30:26.648860
56,2017-09-09,3.0,Accessories,6,68,1699.3199843600003,2026-09-14 12:30:26.648862
57,2017-09-09,3.0,Baseball & Softball,2,28,1304.7200470399998,2026-09-14 12:30:26.648863
58,2017-09-09,3.0,Boxing & MMA,1,15,824.5500182999999,2026-09-14 12:30:26.648865
59,2017-09-09,3.0,Camping & Hiking,1,127,38097.461397,2026-09-14 12:30:26.648866
60,2017-09-09,3.0,Cardio Equipment,2,353,34596.56926598001,2026-09-14 12:30:26.648868
61,2017-09-09,3.0,Cleats,1,688,41273.121155839995,2026-09-14 12:30:26.648869
62,2017-09-09,3.0,Electronics,11,103,3890.97005271,2026-09-14 12:30:26.648871
63,2017-09-09,3.0,Fishing,1,168,67196.64184800001,2026-09-14 12:30:26.648872
64,2017-09-09,3.0,Fitness Accessories,1,5,174.9500084,2026-09-14 12:30:26.648874
65,2017-09-09,3.0,Girls' Apparel,4,61,2459.84002688,2026-09-14 12:30:26.648875
66,2017-09-09,3.0,Golf Apparel,1,6,119.93999862000001,2026-09-14 12:30:26.648877
67,2017-09-09,3.0,Golf Balls,5,43,779.56999011,2026-09-14 12:30:26.648879
68,2017-09-09,3.0,Golf Gloves,3,17,424.829999912,2026-09-14 12:30:26.648880
69,2017-09-09,3.0,Golf Shoes,1,21,1365.0,2026-09-14 12:30:26.648882
70,2017-09-09,3.0,Hockey,2,30,696.0,2026-09-14 12:30:26.648883
71,2017-09-09,3.0,Hunting & Shooting,1,13,389.86999701,2026-09-14 12:30:26.648885
72,2017-09-09,3.0,Indoor/Outdoor Games,1,551,27538.979746540004,2026-09-14 12:30:26.648886
73,2017-09-09,3.0,Lacrosse,1,5,124.94999885,2026-09-14 12:30:26.648888
74,2017-09-09,3.0,Men's Footwear,1,209,27167.911149500007,2026-09-14 12:30:26.648889
75,2017-09-09,3.0,Shop By Sport,2,363,14336.550579599996,2026-09-14 12:30:26.648891
76,2017-09-09,3.0,Tennis & Racquet,1,11,494.8900184799999,2026-09-14 12:30:26.648892
77,2017-09-09,3.0,Trade-In,3,15,257.84999655,2026-09-14 12:30:26.648894
78,2017-09-09,3.0,Water Sports,1,147,29398.530808500003,2026-09-14 12:30:26.648895
79,2017-09-09,3.0,Women's Apparel,1,653,32650.0,2026-09-14 12:30:26.648897
80,2017-09-09,4.0,Accessories,6,821,20516.78981117,2026-09-14 12:30:26.648898
81,2017-09-09,4.0,As Seen on TV!,1,53,5299.469886580001,2026-09-14 12:30:26.648900
82,2017-09-09,4.0,Baseball & Softball,3,290,15722.100548320002,2026-09-14 12:30:26.648901
83,2017-09-09,4.0,Boxing & MMA,3,206,13980.260009399999,2026-09-14 12:30:26.648903
84,2017-09-09,4.0,Camping & Hiking,1,2323,696853.5655530002,2026-09-14 12:30:26.648905
85,2017-09-09,4.0,Cardio Equipment,2,6174,607819.60707868,2026-09-14 12:30:26.648906
86,2017-09-09,4.0,Cleats,1,12164,729718.3804355201,2026-09-14 12:30:26.648908
87,2017-09-09,4.0,Electronics,11,1458,58194.4210284,2026-09-14 12:30:26.648909
88,2017-09-09,4.0,Fishing,1,2822,1128743.5910420003,2026-09-14 12:30:26.648911
89,2017-09-09,4.0,Fitness Accessories,1,121,4233.79020328,2026-09-14 12:30:26.648912
90,2017-09-09,4.0,Girls' Apparel,4,576,24223.51025032,2026-09-14 12:30:26.648914
91,2017-09-09,4.0,Golf Apparel,3,152,6078.48001721,2026-09-14 12:30:26.648915
92,2017-09-09,4.0,Golf Bags & Carts,1,14,2379.860077,2026-09-14 12:30:26.648917
93,2017-09-09,4.0,Golf Balls,5,701,12343.989838770001,2026-09-14 12:30:26.648918
94,2017-09-09,4.0,Golf Gloves,6,442,18490.58025182,2026-09-14 12:30:26.648920
95,2017-09-09,4.0,Golf Shoes,4,275,20668.0,2026-09-14 12:30:26.648921
96,2017-09-09,4.0,Hockey,2,253,5959.0,2026-09-14 12:30:26.648923
97,2017-09-09,4.0,Hunting & Shooting,3,221,10432.150020480003,2026-09-14 12:30:26.648924
98,2017-09-09,4.0,Indoor/Outdoor Games,1,9754,487504.91551316006,2026-09-14 12:30:26.648926
99,2017-09-09,4.0,Kids' Golf Clubs,5,127,14883.30982146,2026-09-14 12:30:26.648927
100,2017-09-09,4.0,Lacrosse,2,245,10697.54982714,2026-09-14 12:30:26.648929
101,2017-09-09,4.0,Men's Footwear,1,3620,470563.8199100002,2026-09-14 12:30:26.648930
102,2017-09-09,4.0,Men's Golf Clubs,4,95,10669.05003418,2026-09-14 12:30:26.648932
103,2017-09-09,4.0,Shop By Sport,3,5563,223655.58919985994,2026-09-14 12:30:26.648933
104,2017-09-09,4.0,Soccer,2,82,7189.179825079999,2026-09-14 12:30:26.648935
105,2017-09-09,4.0,Strength Training,1,9,1701.0,2026-09-14 12:30:26.648937
106,2017-09-09,4.0,Tennis & Racquet,1,134,6028.660225119999,2026-09-14 12:30:26.648938
107,2017-09-09,4.0,Trade-In,4,409,11417.91000334,2026-09-14 12:30:26.648939
108,2017-09-09,4.0,Water Sports,1,2571,514174.3041405,2026-09-14 12:30:26.648941
109,2017-09-09,4.0,Women's Apparel,1,10342,517100.0,2026-09-14 12:30:26.648942
110,2017-09-09,4.0,Women's Golf Clubs,3,74,8469.259956240001,2026-09-14 12:30:26.648944
111,2017-09-09,5.0,Accessories,5,34,849.65999218,2026-09-14 12:30:26.648945
112,2017-09-09,5.0,Boxing & MMA,1,7,384.79000854000003,2026-09-14 12:30:26.648947
113,2017-09-09,5.0,Camping & Hiking,1,39,11699.220428999997,2026-09-14 12:30:26.648948
114,2017-09-09,5.0,Cardio Equipment,2,102,9919.019790280001,2026-09-14 12:30:26.648950
115,2017-09-09,5.0,Cleats,1,252,15117.480423359999,2026-09-14 12:30:26.648951
116,2017-09-09,5.0,Electronics,8,34,1423.66002656,2026-09-14 12:30:26.648953
117,2017-09-09,5.0,Fishing,1,64,25598.720704000003,2026-09-14 12:30:26.648954
118,2017-09-09,5.0,Girls' Apparel,4,16,504.97000504,2026-09-14 12:30:26.648956
119,2017-09-09,5.0,Golf Apparel,1,4,79.95999908,2026-09-14 12:30:26.648958
120,2017-09-09,5.0,Golf Balls,1,2,29.97999954,2026-09-14 12:30:26.648959
121,2017-09-09,5.0,Golf Gloves,3,14,394.860012065,2026-09-14 12:30:26.648960
122,2017-09-09,5.0,Hunting & Shooting,1,14,419.85999678,2026-09-14 12:30:26.648962
123,2017-09-09,5.0,Indoor/Outdoor Games,1,201,10045.97990754,2026-09-14 12:30:26.648963
124,2017-09-09,5.0,Lacrosse,1,5,124.94999885,2026-09-14 12:30:26.648965
125,2017-09-09,5.0,Men's Footwear,1,86,11179.140473000001,2026-09-14 12:30:26.648966
126,2017-09-09,5.0,Shop By Sport,2,92,3599.16014112,2026-09-14 12:30:26.648968
127,2017-09-09,5.0,Tennis & Racquet,1,5,224.9500084,2026-09-14 12:30:26.648970
128,2017-09-09,5.0,Trade-In,1,2,43.97999954,2026-09-14 12:30:26.648971
129,2017-09-09,5.0,Water Sports,1,41,8199.5902255,2026-09-14 12:30:26.648973
130,2017-09-09,5.0,Women's Apparel,1,200,10000.0,2026-09-14 12:30:26.648974
131,2017-09-09,6.0,Accessories,6,66,1649.3399848200002,2026-09-14 12:30:26.648976
132,2017-09-09,6.0,Baseball & Softball,2,21,1109.79003528,2026-09-14 12:30:26.648977
133,2017-09-09,6.0,Boxing & MMA,1,11,604.67001342,2026-09-14 12:30:26.648979
134,2017-09-09,6.0,Camping & Hiking,1,143,42897.141573,2026-09-14 12:30:26.648980
135,2017-09-09,6.0,Cardio Equipment,2,512,50005.0489407,2026-09-14 12:30:26.648982
136,2017-09-09,6.0,Cleats,1,833,49971.67139943999,2026-09-14 12:30:26.648983
137,2017-09-09,6.0,Electronics,9,108,4494.920084030001,2026-09-14 12:30:26.648984
138,2017-09-09,6.0,Fishing,1,198,79196.042178,2026-09-14 12:30:26.648986
139,2017-09-09,6.0,Fitness Accessories,1,4,139.96000672,2026-09-14 12:30:26.648988
140,2017-09-09,6.0,Girls' Apparel,2,13,375.0,2026-09-14 12:30:26.648989
141,2017-09-09,6.0,Golf Apparel,1,11,219.88999747000003,2026-09-14 12:30:26.648991
142,2017-09-09,6.0,Golf Balls,4,53,987.4699878100001,2026-09-14 12:30:26.648992
143,2017-09-09,6.0,Golf Gloves,3,18,389.819999686,2026-09-14 12:30:26.648994
144,2017-09-09,6.0,Golf Shoes,1,6,390.0,2026-09-14 12:30:26.648995
145,2017-09-09,6.0,Hockey,2,13,298.0,2026-09-14 12:30:26.648997
146,2017-09-09,6.0,Hunting & Shooting,1,14,419.85999678,2026-09-14 12:30:26.648998
147,2017-09-09,6.0,Indoor/Outdoor Games,1,647,32337.059702380004,2026-09-14 12:30:26.649000
148,2017-09-09,6.0,Lacrosse,1,4,99.95999908,2026-09-14 12:30:26.649001
149,2017-09-09,6.0,Men's Footwear,1,247,32107.531358500008,2026-09-14 12:30:26.649003
150,2017-09-09,6.0,Shop By Sport,2,328,13066.770542639995,2026-09-14 12:30:26.649004
151,2017-09-09,6.0,Tennis & Racquet,1,5,224.9500084,2026-09-14 12:30:26.649006
152,2017-09-09,6.0,Trade-In,3,24,401.75999448000005,2026-09-14 12:30:26.649007
153,2017-09-09,6.0,Water Sports,1,176,35198.240968000006,2026-09-14 12:30:26.649009
154,2017-09-09,6.0,Women's Apparel,1,593,29650.0,2026-09-14 12:30:26.649010
155,2017-09-09,7.0,Accessories,6,237,5922.629945490001,2026-09-14 12:30:26.649011
156,2017-09-09,7.0,Baseball & Softball,2,96,4759.0401612800015,2026-09-14 12:30:26.649013
157,2017-09-09,7.0,Boxing & MMA,1,57,3133.2900695399994,2026-09-14 12:30:26.649115
158,2017-09-09,7.0,Camping & Hiking,1,568,170388.64624800003,2026-09-14 12:30:26.649117
159,2017-09-09,7.0,Cardio Equipment,2,1512,148525.25684564,2026-09-14 12:30:26.649119
160,2017-09-09,7.0,Cleats,1,2834,170011.66476112,2026-09-14 12:30:26.649120
161,2017-09-09,7.0,Electronics,11,434,17103.660261170004,2026-09-14 12:30:26.649122
162,2017-09-09,7.0,Fishing,1,706,282385.887766,2026-09-14 12:30:26.649123
163,2017-09-09,7.0,Fitness Accessories,1,30,1049.7000504,2026-09-14 12:30:26.649125
164,2017-09-09,7.0,Girls' Apparel,4,164,6284.8000336,2026-09-14 12:30:26.649127
165,2017-09-09,7.0,Golf Apparel,1,66,1319.3399848200002,2026-09-14 12:30:26.649128
166,2017-09-09,7.0,Golf Balls,5,161,2805.38996297,2026-09-14 12:30:26.649130
167,2017-09-09,7.0,Golf Gloves,3,101,2418.990030285,2026-09-14 12:30:26.649131
168,2017-09-09,7.0,Golf Shoes,1,67,4355.0,2026-09-14 12:30:26.649133
169,2017-09-09,7.0,Hockey,2,75,1770.0,2026-09-14 12:30:26.649134
170,2017-09-09,7.0,Hunting & Shooting,1,60,1799.3999862,2026-09-14 12:30:26.649136
171,2017-09-09,7.0,Indoor/Outdoor Games,1,2237,111805.25897098001,2026-09-14 12:30:26.649137
172,2017-09-09,7.0,Lacrosse,1,38,949.6199912600001,2026-09-14 12:30:26.649139
173,2017-09-09,7.0,Men's Footwear,1,896,116471.04492800003,2026-09-14 12:30:26.649140
174,2017-09-09,7.0,Shop By Sport,2,1422,56336.312299919984,2026-09-14 12:30:26.649142
175,2017-09-09,7.0,Tennis & Racquet,1,37,1664.6300621599999,2026-09-14 12:30:26.649143
176,2017-09-09,7.0,Trade-In,3,107,2058.92997539,2026-09-14 12:30:26.649145
177,2017-09-09,7.0,Water Sports,1,651,130193.49358050001,2026-09-14 12:30:26.649146
178,2017-09-09,7.0,Women's Apparel,1,2552,127600.0,2026-09-14 12:30:26.649148
179,2017-09-09,8.0,Accessories,6,190,4748.0999563000005,2026-09-14 12:30:26.649149
180,2017-09-09,8.0,Baby,1,37,2185.96006771,2026-09-14 12:30:26.649151
181,2017-09-09,8.0,Baseball & Softball,2,66,2934.3401108800003,2026-09-14 12:30:26.649152
182,2017-09-09,8.0,Books,1,20,621.5999983999999,2026-09-14 12:30:26.649154
183,2017-09-09,8.0,Boxing & MMA,1,46,2528.6200561200003,2026-09-14 12:30:26.649155
184,2017-09-09,8.0,CDs,1,35,395.14999859999995,2026-09-14 12:30:26.649157
185,2017-09-09,8.0,Camping & Hiking,1,443,132891.144873,2026-09-14 12:30:26.649158
186,2017-09-09,8.0,Cardio Equipment,2,1299,127367.36729718001,2026-09-14 12:30:26.649160
187,2017-09-09,8.0,Children's Clothing,1,22,7856.200134199997,2026-09-14 12:30:26.649161
188,2017-09-09,8.0,Cleats,1,2418,145055.82406223996,2026-09-14 12:30:26.649163
189,2017-09-09,8.0,Computers,1,32,48000.0,2026-09-14 12:30:26.649164
190,2017-09-09,8.0,Consumer Electronics,1,19,4804.7200931,2026-09-14 12:30:26.649166
191,2017-09-09,8.0,Crafts,1,63,29073.240693,2026-09-14 12:30:26.649167
192,2017-09-09,8.0,DVDs,1,58,9534.0402842,2026-09-14 12:30:26.649169
193,2017-09-09,8.0,Electronics,11,385,14602.150192219999,2026-09-14 12:30:26.649170
194,2017-09-09,8.0,Fishing,1,625,249987.50687500002,2026-09-14 12:30:26.649172
195,2017-09-09,8.0,Fitness Accessories,1,40,1399.6000672,2026-09-14 12:30:26.649173
196,2017-09-09,8.0,Garden,1,153,81484.7426163,2026-09-14 12:30:26.649175
197,2017-09-09,8.0,Girls' Apparel,4,157,6744.73004536,2026-09-14 12:30:26.649176
198,2017-09-09,8.0,Golf Apparel,1,30,599.6999931000001,2026-09-14 12:30:26.649178
199,2017-09-09,8.0,Golf Balls,5,222,3919.7799489399995,2026-09-14 12:30:26.649179
200,2017-09-09,8.0,Golf Gloves,3,151,3473.4900436410003,2026-09-14 12:30:26.649181
201,2017-09-09,8.0,Golf Shoes,1,34,2210.0,2026-09-14 12:30:26.649182
202,2017-09-09,8.0,Health and Beauty,1,83,24322.320705500006,2026-09-14 12:30:26.649184
203,2017-09-09,8.0,Hockey,2,46,1075.0,2026-09-14 12:30:26.649185
204,2017-09-09,8.0,Hunting & Shooting,1,50,1499.4999885,2026-09-14 12:30:26.649187
205,2017-09-09,8.0,Indoor/Outdoor Games,1,2126,106257.47902204002,2026-09-14 12:30:26.649188
206,2017-09-09,8.0,Lacrosse,1,41,1024.58999057,2026-09-14 12:30:26.649190
207,2017-09-09,8.0,Men's Clothing,1,51,10753.350311099999,2026-09-14 12:30:26.649191
208,2017-09-09,8.0,Men's Footwear,1,803,104381.97441650003,2026-09-14 12:30:26.649193
209,2017-09-09,8.0,Music,1,102,26586.299377799995,2026-09-14 12:30:26.649194
210,2017-09-09,8.0,Pet Supplies,1,130,10972.0001989,2026-09-14 12:30:26.649196
211,2017-09-09,8.0,Shop By Sport,2,1144,45318.991849679995,2026-09-14 12:30:26.649197
212,2017-09-09,8.0,Sporting Goods,1,81,26547.75,2026-09-14 12:30:26.649199
213,2017-09-09,8.0,Tennis & Racquet,1,33,1484.6700554399997,2026-09-14 12:30:26.649200
214,2017-09-09,8.0,Toys,1,115,1327.0999953999997,2026-09-14 12:30:26.649202
215,2017-09-09,8.0,Trade-In,3,131,2298.6899698700004,2026-09-14 12:30:26.649203
216,2017-09-09,8.0,Video Games,1,205,8148.75,2026-09-14 12:30:26.649205
217,2017-09-09,8.0,Water Sports,1,534,106794.662937,2026-09-14 12:30:26.649206
218,2017-09-09,8.0,Women's Apparel,1,2029,101450.0,2026-09-14 12:30:26.649208
219,2017-09-09,8.0,Women's Clothing,1,110,23740.200803,2026-09-14 12:30:26.649209
220,2017-09-09,9.0,Accessories,6,164,4098.35996228,2026-09-14 12:30:26.649211
221,2017-09-09,9.0,Baseball & Softball,2,46,2209.5400772800003,2026-09-14 12:30:26.649212
222,2017-09-09,9.0,Boxing & MMA,1,41,2253.77005002,2026-09-14 12:30:26.649214
223,2017-09-09,9.0,Camping & Hiking,1,318,95393.64349800002,2026-09-14 12:30:26.649215
224,2017-09-09,9.0,Cardio Equipment,2,870,84821.60820454,2026-09-14 12:30:26.649217
225,2017-09-09,9.0,Cleats,1,1739,104322.61292151999,2026-09-14 12:30:26.649218
226,2017-09-09,9.0,Electronics,11,301,11746.990186709998,2026-09-14 12:30:26.649220
227,2017-09-09,9.0,Fishing,1,379,151592.424169,2026-09-14 12:30:26.649221
228,2017-09-09,9.0,Fitness Accessories,1,17,594.83002856,2026-09-14 12:30:26.649223
229,2017-09-09,9.0,Girls' Apparel,4,91,4169.74004368,2026-09-14 12:30:26.649224
230,2017-09-09,9.0,Golf Apparel,1,17,339.82999609,2026-09-14 12:30:26.649226
231,2017-09-09,9.0,Golf Balls,5,134,2355.65996918,2026-09-14 12:30:26.649227
232,2017-09-09,9.0,Golf Gloves,3,59,1489.4100265599998,2026-09-14 12:30:26.649229
233,2017-09-09,9.0,Golf Shoes,1,7,455.0,2026-09-14 12:30:26.649230
234,2017-09-09,9.0,Hockey,2,37,850.0,2026-09-14 12:30:26.649232
235,2017-09-09,9.0,Hunting & Shooting,1,23,689.76999471,2026-09-14 12:30:26.649233
236,2017-09-09,9.0,Indoor/Outdoor Games,1,1467,73320.65932518001,2026-09-14 12:30:26.649235
237,2017-09-09,9.0,Lacrosse,1,24,599.75999448,2026-09-14 12:30:26.649236
238,2017-09-09,9.0,Men's Footwear,1,504,65514.96277200001,2026-09-14 12:30:26.649238
239,2017-09-09,9.0,Shop By Sport,2,712,28323.031170959992,2026-09-14 12:30:26.649239
240,2017-09-09,9.0,Tennis & Racquet,1,23,1034.77003864,2026-09-14 12:30:26.649241
241,2017-09-09,9.0,Trade-In,3,59,1093.4099864300001,2026-09-14 12:30:26.649242
242,2017-09-09,9.0,Water Sports,1,322,64396.78177100001,2026-09-14 12:30:26.649244
243,2017-09-09,9.0,Women's Apparel,1,1452,72600.0,2026-09-14 12:30:26.649245
244,2017-09-09,10.0,Accessories,6,140,3498.5999678000003,2026-09-14 12:30:26.649247
245,2017-09-09,10.0,Baseball & Softball,2,49,2589.51008232,2026-09-14 12:30:26.649248
246,2017-09-09,10.0,Boxing & MMA,1,33,1814.0100402599999,2026-09-14 12:30:26.649250
247,2017-09-09,10.0,Camping & Hiking,1,233,69895.34256300001,2026-09-14 12:30:26.649251
248,2017-09-09,10.0,Cardio Equipment,2,697,68433.20854694,2026-09-14 12:30:26.649253
249,2017-09-09,10.0,Cleats,1,1468,88065.32246624,2026-09-14 12:30:26.649254
250,2017-09-09,10.0,Electronics,11,250,9896.500162149998,2026-09-14 12:30:26.649256
251,2017-09-09,10.0,Fishing,1,319,127593.62350900001,2026-09-14 12:30:26.649257
252,2017-09-09,10.0,Fitness Accessories,1,22,769.78003696,2026-09-14 12:30:26.649259
253,2017-09-09,10.0,Girls' Apparel,4,46,2069.88002016,2026-09-14 12:30:26.649260
254,2017-09-09,10.0,Golf Apparel,1,31,619.6899928700001,2026-09-14 12:30:26.649262
255,2017-09-09,10.0,Golf Balls,5,111,1976.88997447,2026-09-14 12:30:26.649263
256,2017-09-09,10.0,Golf Gloves,3,43,984.5700111369999,2026-09-14 12:30:26.649265
257,2017-09-09,10.0,Golf Shoes,1,25,1625.0,2026-09-14 12:30:26.649266
258,2017-09-09,10.0,Hockey,2,33,786.0,2026-09-14 12:30:26.649268
259,2017-09-09,10.0,Hunting & Shooting,1,17,509.82999609000007,2026-09-14 12:30:26.649269
260,2017-09-09,10.0,Indoor/Outdoor Games,1,1131,56527.379479740004,2026-09-14 12:30:26.649271
261,2017-09-09,10.0,Lacrosse,1,29,724.7099933300001,2026-09-14 12:30:26.649272
262,2017-09-09,10.0,Men's Footwear,1,429,55765.712359500016,2026-09-14 12:30:26.649274
263,2017-09-09,10.0,Shop By Sport,2,560,22184.610905519992,2026-09-14 12:30:26.649275
264,2017-09-09,10.0,Tennis & Racquet,1,30,1349.7000504,2026-09-14 12:30:26.649277
265,2017-09-09,10.0,Trade-In,3,58,975.41998666,2026-09-14 12:30:26.649278
266,2017-09-09,10.0,Water Sports,1,307,61396.93168850001,2026-09-14 12:30:26.649280
267,2017-09-09,10.0,Women's Apparel,1,1094,54700.0,2026-09-14 12:30:26.649281
268,2017-09-09,11.0,Accessories,6,173,4323.26996021,2026-09-14 12:30:26.649283
269,2017-09-09,11.0,As Seen on TV!,1,39,3899.60991654,2026-09-14 12:30:26.649284
270,2017-09-09,11.0,Baby,1,19,1122.52003477,2026-09-14 12:30:26.649286
271,2017-09-09,11.0,Baseball & Softball,3,69,4014.31012356,2026-09-14 12:30:26.649287
272,2017-09-09,11.0,Basketball,3,10,3699.899902,2026-09-14 12:30:26.649289
273,2017-09-09,11.0,Books,1,52,1616.1599958400004,2026-09-14 12:30:26.649290
274,2017-09-09,11.0,Boxing & MMA,3,94,7628.49989292,2026-09-14 12:30:26.649292
275,2017-09-09,11.0,CDs,1,31,349.9899987599999,2026-09-14 12:30:26.649293
276,2017-09-09,11.0,Cameras,1,137,61929.4811645,2026-09-14 12:30:26.649295
277,2017-09-09,11.0,Camping & Hiking,1,790,236984.20869000006,2026-09-14 12:30:26.649296
278,2017-09-09,11.0,Cardio Equipment,2,2064,204769.58563226002,2026-09-14 12:30:26.649298
279,2017-09-09,11.0,Children's Clothing,1,100,35710.00061,2026-09-14 12:30:26.649299
280,2017-09-09,11.0,Cleats,2,3963,238940.37660043995,2026-09-14 12:30:26.649301
281,2017-09-09,11.0,Computers,1,74,111000.0,2026-09-14 12:30:26.649302
282,2017-09-09,11.0,Consumer Electronics,1,56,14161.280274399998,2026-09-14 12:30:26.649304
283,2017-09-09,11.0,Crafts,1,61,28150.280671,2026-09-14 12:30:26.649305
284,2017-09-09,11.0,DVDs,1,59,9698.4202891,2026-09-14 12:30:26.649307
285,2017-09-09,11.0,Electronics,11,338,13060.620201119998,2026-09-14 12:30:26.649308
286,2017-09-09,11.0,Fishing,1,919,367581.630109,2026-09-14 12:30:26.649310
287,2017-09-09,11.0,Fitness Accessories,2,45,3269.5500411599996,2026-09-14 12:30:26.649311
288,2017-09-09,11.0,Girls' Apparel,4,162,6329.6200638400005,2026-09-14 12:30:26.649313
289,2017-09-09,11.0,Golf Apparel,3,45,3429.55004357,2026-09-14 12:30:26.649314
290,2017-09-09,11.0,Golf Bags & Carts,1,4,679.960022,2026-09-14 12:30:26.649315
291,2017-09-09,11.0,Golf Balls,5,91,1602.0899790700003,2026-09-14 12:30:26.649317
292,2017-09-09,11.0,Golf Gloves,7,141,11253.589967367998,2026-09-14 12:30:26.649319
293,2017-09-09,11.0,Golf Shoes,4,93,8120.0,2026-09-14 12:30:26.649320
294,2017-09-09,11.0,Hockey,3,50,2397.9599608000003,2026-09-14 12:30:26.649322
295,2017-09-09,11.0,Hunting & Shooting,3,83,5795.510034569999,2026-09-14 12:30:26.649323
296,2017-09-09,11.0,Indoor/Outdoor Games,1,3094,154638.11857676003,2026-09-14 12:30:26.649325
297,2017-09-09,11.0,Kids' Golf Clubs,7,71,12599.099738039999,2026-09-14 12:30:26.649326
298,2017-09-09,11.0,Lacrosse,2,69,3599.30993638,2026-09-14 12:30:26.649328
299,2017-09-09,11.0,Men's Footwear,1,1221,158717.7967155,2026-09-14 12:30:26.649329
300,2017-09-09,11.0,Men's Golf Clubs,4,42,4739.58000992,2026-09-14 12:30:26.649331
301,2017-09-09,11.0,Shop By Sport,3,1595,64744.372656399995,2026-09-14 12:30:26.649332
302,2017-09-09,11.0,Soccer,2,23,2199.7699511,2026-09-14 12:30:26.649334
303,2017-09-09,11.0,Strength Training,3,24,14856.8898912,2026-09-14 12:30:26.649335
304,2017-09-09,11.0,Tennis & Racquet,1,50,2249.500084,2026-09-14 12:30:26.649337
305,2017-09-09,11.0,Trade-In,4,124,4766.760034510001,2026-09-14 12:30:26.649338
306,2017-09-09,11.0,Water Sports,2,809,162841.91434239998,2026-09-14 12:30:26.649340
307,2017-09-09,11.0,Women's Apparel,1,3474,173700.0,2026-09-14 12:30:26.649341
308,2017-09-09,11.0,Women's Golf Clubs,3,44,4659.559951679999,2026-09-14 12:30:26.649342
309,2017-09-09,12.0,Accessories,6,302,7546.979930540002,2026-09-14 12:30:26.649344
310,2017-09-09,12.0,Baby,1,34,2008.7200622199998,2026-09-14 12:30:26.649345
311,2017-09-09,12.0,Baseball & Softball,2,118,5453.82019824,2026-09-14 12:30:26.649347
312,2017-09-09,12.0,Books,1,28,870.2399977599998,2026-09-14 12:30:26.649349
313,2017-09-09,12.0,Boxing & MMA,1,37,2033.8900451399998,2026-09-14 12:30:26.649350
314,2017-09-09,12.0,CDs,1,48,541.91999808,2026-09-14 12:30:26.649351
315,2017-09-09,12.0,Cameras,1,2,904.080017,2026-09-14 12:30:26.649353
316,2017-09-09,12.0,Camping & Hiking,1,699,209686.02768900004,2026-09-14 12:30:26.649355
317,2017-09-09,12.0,Cardio Equipment,2,1982,195310.58584626002,2026-09-14 12:30:26.649356
318,2017-09-09,12.0,Children's Clothing,1,20,7142.000121999998,2026-09-14 12:30:26.649358
319,2017-09-09,12.0,Cleats,1,3698,221843.02621264,2026-09-14 12:30:26.649359
320,2017-09-09,12.0,Computers,1,11,16500.0,2026-09-14 12:30:26.649360
321,2017-09-09,12.0,Consumer Electronics,1,38,9609.4401862,2026-09-14 12:30:26.649362
322,2017-09-09,12.0,Crafts,1,54,24919.920594,2026-09-14 12:30:26.649363
323,2017-09-09,12.0,DVDs,1,88,14465.440431199997,2026-09-14 12:30:26.649365
324,2017-09-09,12.0,Electronics,11,565,21929.35034373,2026-09-14 12:30:26.649367
325,2017-09-09,12.0,Fishing,1,896,358382.089856,2026-09-14 12:30:26.649368
326,2017-09-09,12.0,Fitness Accessories,1,39,1364.6100655199998,2026-09-14 12:30:26.649370
327,2017-09-09,12.0,Garden,1,119,63377.02203490001,2026-09-14 12:30:26.649371
328,2017-09-09,12.0,Girls' Apparel,4,185,8149.66005712,2026-09-14 12:30:26.649372
329,2017-09-09,12.0,Golf Apparel,1,41,819.58999057,2026-09-14 12:30:26.649374
330,2017-09-09,12.0,Golf Balls,5,273,4806.269937210001,2026-09-14 12:30:26.649375
331,2017-09-09,12.0,Golf Gloves,3,157,4418.430105271001,2026-09-14 12:30:26.649377
332,2017-09-09,12.0,Golf Shoes,1,30,1950.0,2026-09-14 12:30:26.649378
333,2017-09-09,12.0,Health and Beauty,1,76,22271.040646000005,2026-09-14 12:30:26.649380
334,2017-09-09,12.0,Hockey,2,93,2166.0,2026-09-14 12:30:26.649381
335,2017-09-09,12.0,Hunting & Shooting,1,63,1889.36998551,2026-09-14 12:30:26.649383
336,2017-09-09,12.0,Indoor/Outdoor Games,1,2947,147291.05864438,2026-09-14 12:30:26.649384
337,2017-09-09,12.0,Lacrosse,1,49,1224.5099887300003,2026-09-14 12:30:26.649386
338,2017-09-09,12.0,Men's Clothing,1,58,12229.3003538,2026-09-14 12:30:26.649387
339,2017-09-09,12.0,Men's Footwear,1,1142,148448.58628100003,2026-09-14 12:30:26.649389
340,2017-09-09,12.0,Music,1,125,32581.249237499997,2026-09-14 12:30:26.649390
341,2017-09-09,12.0,Pet Supplies,1,145,12238.000221850001,2026-09-14 12:30:26.649392
342,2017-09-09,12.0,Shop By Sport,2,1612,63944.4026208,2026-09-14 12:30:26.649393
343,2017-09-09,12.0,Sporting Goods,1,89,29169.75,2026-09-14 12:30:26.649395
344,2017-09-09,12.0,Tennis & Racquet,1,57,2564.4300957600003,2026-09-14 12:30:26.649396
345,2017-09-09,12.0,Toys,1,135,1557.8999946000004,2026-09-14 12:30:26.649398
346,2017-09-09,12.0,Trade-In,3,184,3314.1599576799995,2026-09-14 12:30:26.649400
347,2017-09-09,12.0,Video Games,1,188,7473.0,2026-09-14 12:30:26.649401
348,2017-09-09,12.0,Water Sports,1,764,152792.36420200003,2026-09-14 12:30:26.649403
349,2017-09-09,12.0,Women's Apparel,1,3061,153050.0,2026-09-14 12:30:26.649404
350,2017-09-09,12.0,Women's Clothing,1,178,38415.9612994,2026-09-14 12:30:26.649406
351,2017-09-09,13.0,Accessories,6,450,11245.499896500001,2026-09-14 12:30:26.649408
352,2017-09-09,13.0,As Seen on TV!,1,22,2199.77995292,2026-09-14 12:30:26.649409
353,2017-09-09,13.0,Baseball & Softball,3,157,8968.430294320002,2026-09-14 12:30:26.649411
354,2017-09-09,13.0,Boxing & MMA,3,122,9107.6199338,2026-09-14 12:30:26.649412
355,2017-09-09,13.0,Camping & Hiking,1,1216,364775.69337600004,2026-09-14 12:30:26.649414
356,2017-09-09,13.0,Cardio Equipment,2,3286,321148.1931948,2026-09-14 12:30:26.649415
357,2017-09-09,13.0,Cleats,1,6074,364379.27020431997,2026-09-14 12:30:26.649417
358,2017-09-09,13.0,Electronics,11,776,31124.24054732,2026-09-14 12:30:26.649418
359,2017-09-09,13.0,Fishing,1,1435,573971.3157850001,2026-09-14 12:30:26.649420
360,2017-09-09,13.0,Fitness Accessories,1,73,2554.27012264,2026-09-14 12:30:26.649422
361,2017-09-09,13.0,Girls' Apparel,4,301,12649.250125999999,2026-09-14 12:30:26.649423
362,2017-09-09,13.0,Golf Apparel,3,61,3109.3900207099996,2026-09-14 12:30:26.649425
363,2017-09-09,13.0,Golf Bags & Carts,1,10,1699.900055,2026-09-14 12:30:26.649426
364,2017-09-09,13.0,Golf Balls,5,405,7137.949906850001,2026-09-14 12:30:26.649428
365,2017-09-09,13.0,Golf Gloves,6,325,12436.750129733999,2026-09-14 12:30:26.649429
366,2017-09-09,13.0,Golf Shoes,4,154,12275.0,2026-09-14 12:30:26.649431
367,2017-09-09,13.0,Hockey,2,146,3398.0,2026-09-14 12:30:26.649432
368,2017-09-09,13.0,Hunting & Shooting,3,104,5921.140054710002,2026-09-14 12:30:26.649434
369,2017-09-09,13.0,Indoor/Outdoor Games,1,5026,251199.47768804003,2026-09-14 12:30:26.649435
370,2017-09-09,13.0,Kids' Golf Clubs,5,66,7719.85987055,2026-09-14 12:30:26.649437
371,2017-09-09,13.0,Lacrosse,2,82,3699.17993912,2026-09-14 12:30:26.649438
372,2017-09-09,13.0,Men's Footwear,1,1888,245421.13038400008,2026-09-14 12:30:26.649440
373,2017-09-09,13.0,Men's Golf Clubs,4,56,6469.440056320001,2026-09-14 12:30:26.649441
374,2017-09-09,13.0,Shop By Sport,3,2860,115662.35469867999,2026-09-14 12:30:26.649443
375,2017-09-09,13.0,Soccer,2,37,3049.6299209,2026-09-14 12:30:26.649444
376,2017-09-09,13.0,Strength Training,1,6,1134.0,2026-09-14 12:30:26.649446
377,2017-09-09,13.0,Tennis & Racquet,1,97,4364.03016296,2026-09-14 12:30:26.649447
378,2017-09-09,13.0,Trade-In,4,302,7384.979976380001,2026-09-14 12:30:26.649449
379,2017-09-09,13.0,Water Sports,1,1388,277586.12763400003,2026-09-14 12:30:26.649450
380,2017-09-09,13.0,Women's Apparel,1,5672,283600.0,2026-09-14 12:30:26.649452
381,2017-09-09,13.0,Women's Golf Clubs,3,50,5489.499946479999,2026-09-14 12:30:26.649453
382,2017-09-09,14.0,Accessories,6,258,6447.419940660001,2026-09-14 12:30:26.649455
383,2017-09-09,14.0,Baby,1,16,945.28002928,2026-09-14 12:30:26.649456
384,2017-09-09,14.0,Baseball & Softball,2,80,3724.2001344,2026-09-14 12:30:26.649458
385,2017-09-09,14.0,Books,1,15,466.19999879999983,2026-09-14 12:30:26.649459
386,2017-09-09,14.0,Boxing & MMA,1,37,2033.89004514,2026-09-14 12:30:26.649461
387,2017-09-09,14.0,CDs,1,24,270.95999903999996,2026-09-14 12:30:26.649462
388,2017-09-09,14.0,Cameras,1,3,1356.1200254999999,2026-09-14 12:30:26.649464
389,2017-09-09,14.0,Camping & Hiking,1,539,161689.225929,2026-09-14 12:30:26.649465
390,2017-09-09,14.0,Cardio Equipment,2,1396,137136.38708746003,2026-09-14 12:30:26.649467
391,2017-09-09,14.0,Children's Clothing,1,21,7499.100128099997,2026-09-14 12:30:26.649468
392,2017-09-09,14.0,Cleats,1,2850,170971.504788,2026-09-14 12:30:26.649470
393,2017-09-09,14.0,Computers,1,14,21000.0,2026-09-14 12:30:26.649471
394,2017-09-09,14.0,Consumer Electronics,1,32,8092.1601568,2026-09-14 12:30:26.649473
395,2017-09-09,14.0,Crafts,1,64,29534.720704000003,2026-09-14 12:30:26.649474
396,2017-09-09,14.0,DVDs,1,46,7561.480225400001,2026-09-14 12:30:26.649476
397,2017-09-09,14.0,Electronics,11,500,19294.00026891,2026-09-14 12:30:26.649477
398,2017-09-09,14.0,Fishing,1,664,265586.72730400006,2026-09-14 12:30:26.649479
399,2017-09-09,14.0,Fitness Accessories,1,36,1259.6400604799996,2026-09-14 12:30:26.649480
400,2017-09-09,14.0,Garden,1,86,45801.881470600005,2026-09-14 12:30:26.649482
401,2017-09-09,14.0,Girls' Apparel,4,183,8209.67005544,2026-09-14 12:30:26.649483
402,2017-09-09,14.0,Golf Apparel,1,38,759.6199912600002,2026-09-14 12:30:26.649485
403,2017-09-09,14.0,Golf Balls,5,215,3978.849950549999,2026-09-14 12:30:26.649486
404,2017-09-09,14.0,Golf Gloves,3,148,3758.5200462180005,2026-09-14 12:30:26.649488
405,2017-09-09,14.0,Golf Shoes,1,67,4355.0,2026-09-14 12:30:26.649489
406,2017-09-09,14.0,Health and Beauty,1,87,25494.480739500006,2026-09-14 12:30:26.649491
407,2017-09-09,14.0,Hockey,2,90,2100.0,2026-09-14 12:30:26.649492
408,2017-09-09,14.0,Hunting & Shooting,1,45,1349.54998965,2026-09-14 12:30:26.649494
409,2017-09-09,14.0,Indoor/Outdoor Games,1,2089,104408.21903906002,2026-09-14 12:30:26.649495
410,2017-09-09,14.0,Lacrosse,1,29,724.7099933300001,2026-09-14 12:30:26.649497
411,2017-09-09,14.0,Men's Clothing,1,45,9488.250274499998,2026-09-14 12:30:26.649498
412,2017-09-09,14.0,Men's Footwear,1,875,113741.25481250003,2026-09-14 12:30:26.649500
413,2017-09-09,14.0,Music,1,96,25022.399414400003,2026-09-14 12:30:26.649501
414,2017-09-09,14.0,Pet Supplies,1,76,6414.40011628,2026-09-14 12:30:26.649503
415,2017-09-09,14.0,Shop By Sport,2,1338,53196.93219575999,2026-09-14 12:30:26.649504
416,2017-09-09,14.0,Sporting Goods,1,79,25892.25,2026-09-14 12:30:26.649505
417,2017-09-09,14.0,Tennis & Racquet,1,38,1709.62006384,2026-09-14 12:30:26.649507
418,2017-09-09,14.0,Toys,1,80,923.1999968000001,2026-09-14 12:30:26.649508
419,2017-09-09,14.0,Trade-In,3,119,2196.80997263,2026-09-14 12:30:26.649510
420,2017-09-09,14.0,Video Games,1,194,7711.5,2026-09-14 12:30:26.649511
421,2017-09-09,14.0,Water Sports,1,584,116794.16321200001,2026-09-14 12:30:26.649513
422,2017-09-09,14.0,Women's Apparel,1,2287,114350.0,2026-09-14 12:30:26.649514
423,2017-09-09,14.0,Women's Clothing,1,141,30430.621029300004,2026-09-14 12:30:26.649516
424,2017-09-09,15.0,Accessories,6,134,3348.6599691800006,2026-09-14 12:30:26.649517
425,2017-09-09,15.0,Baseball & Softball,2,52,2319.48008736,2026-09-14 12:30:26.649519
426,2017-09-09,15.0,Boxing & MMA,1,21,1154.37002562,2026-09-14 12:30:26.649520
427,2017-09-09,15.0,Camping & Hiking,1,326,97793.48358600002,2026-09-14 12:30:26.649522
428,2017-09-09,15.0,Cardio Equipment,2,837,82221.83825376001,2026-09-14 12:30:26.649523
429,2017-09-09,15.0,Cleats,1,1731,103842.69290807999,2026-09-14 12:30:26.649525
430,2017-09-09,15.0,Electronics,11,275,10654.25015449,2026-09-14 12:30:26.649526
431,2017-09-09,15.0,Fishing,1,384,153592.324224,2026-09-14 12:30:26.649527
432,2017-09-09,15.0,Fitness Accessories,1,25,874.750042,2026-09-14 12:30:26.649529
433,2017-09-09,15.0,Girls' Apparel,4,110,4679.69005208,2026-09-14 12:30:26.649530
434,2017-09-09,15.0,Golf Apparel,1,17,339.82999609,2026-09-14 12:30:26.649532
435,2017-09-09,15.0,Golf Balls,5,106,1828.9399756200003,2026-09-14 12:30:26.649533
436,2017-09-09,15.0,Golf Gloves,3,79,2349.210052512,2026-09-14 12:30:26.649535
437,2017-09-09,15.0,Golf Shoes,1,32,2080.0,2026-09-14 12:30:26.649536
438,2017-09-09,15.0,Hockey,2,63,1503.0,2026-09-14 12:30:26.649538
439,2017-09-09,15.0,Hunting & Shooting,1,34,1019.6599921800001,2026-09-14 12:30:26.649540
440,2017-09-09,15.0,Indoor/Outdoor Games,1,1306,65273.87939924001,2026-09-14 12:30:26.649541
441,2017-09-09,15.0,Lacrosse,1,13,324.86999701,2026-09-14 12:30:26.649542
442,2017-09-09,15.0,Men's Footwear,1,540,70194.60297000002,2026-09-14 12:30:26.649544
443,2017-09-09,15.0,Shop By Sport,2,743,29422.861199519997,2026-09-14 12:30:26.649545
444,2017-09-09,15.0,Tennis & Racquet,1,22,989.78003696,2026-09-14 12:30:26.649547
445,2017-09-09,15.0,Trade-In,3,61,1029.3899859700002,2026-09-14 12:30:26.649548
446,2017-09-09,15.0,Water Sports,1,362,72396.381991,2026-09-14 12:30:26.649550
447,2017-09-09,15.0,Women's Apparel,1,1531,76550.0,2026-09-14 12:30:26.649551
448,2017-09-09,16.0,Accessories,6,307,7671.929929390002,2026-09-14 12:30:26.649553
449,2017-09-09,16.0,Baby,1,38,2245.0400695400003,2026-09-14 12:30:26.649554
450,2017-09-09,16.0,Baseball & Softball,2,77,3844.2301293600003,2026-09-14 12:30:26.649556
451,2017-09-09,16.0,Books,1,34,1056.7199972800001,2026-09-14 12:30:26.649557
452,2017-09-09,16.0,Boxing & MMA,1,31,1704.0700378200002,2026-09-14 12:30:26.649559
453,2017-09-09,16.0,CDs,1,31,349.9899987599999,2026-09-14 12:30:26.649560
454,2017-09-09,16.0,Cameras,1,12,5424.480102,2026-09-14 12:30:26.649562
455,2017-09-09,16.0,Camping & Hiking,1,612,183587.76673200002,2026-09-14 12:30:26.649563
456,2017-09-09,16.0,Cardio Equipment,2,1627,159534.17661452,2026-09-14 12:30:26.649565
457,2017-09-09,16.0,Children's Clothing,1,67,23925.700408700002,2026-09-14 12:30:26.649566
458,2017-09-09,16.0,Cleats,1,3400,203966.00571199998,2026-09-14 12:30:26.649568
459,2017-09-09,16.0,Computers,1,35,52500.0,2026-09-14 12:30:26.649569
460,2017-09-09,16.0,Consumer Electronics,1,57,14414.160279299998,2026-09-14 12:30:26.649570
461,2017-09-09,16.0,Crafts,1,72,33226.560792000004,2026-09-14 12:30:26.649572
462,2017-09-09,16.0,DVDs,1,76,12492.880372399999,2026-09-14 12:30:26.649573
463,2017-09-09,16.0,Electronics,11,578,22684.220344560003,2026-09-14 12:30:26.649575
464,2017-09-09,16.0,Fishing,1,831,332383.389141,2026-09-14 12:30:26.649576
465,2017-09-09,16.0,Fitness Accessories,1,37,1294.6300621599999,2026-09-14 12:30:26.649578
466,2017-09-09,16.0,Garden,1,126,67105.08215460001,2026-09-14 12:30:26.649579
467,2017-09-09,16.0,Girls' Apparel,4,211,8619.660057119998,2026-09-14 12:30:26.649581
468,2017-09-09,16.0,Golf Apparel,1,49,979.5099887300003,2026-09-14 12:30:26.649582
469,2017-09-09,16.0,Golf Balls,5,210,3629.8999516999993,2026-09-14 12:30:26.649584
470,2017-09-09,16.0,Golf Gloves,3,104,2748.9600525100004,2026-09-14 12:30:26.649585
471,2017-09-09,16.0,Golf Shoes,1,30,1950.0,2026-09-14 12:30:26.649587
472,2017-09-09,16.0,Health and Beauty,1,116,33992.640986000006,2026-09-14 12:30:26.649588
473,2017-09-09,16.0,Hockey,2,100,2365.0,2026-09-14 12:30:26.649590
474,2017-09-09,16.0,Hunting & Shooting,1,37,1109.6299914900003,2026-09-14 12:30:26.649591
475,2017-09-09,16.0,Indoor/Outdoor Games,1,2747,137295.05873638002,2026-09-14 12:30:26.649593
476,2017-09-09,16.0,Lacrosse,1,31,774.6899928700002,2026-09-14 12:30:26.649594
477,2017-09-09,16.0,Men's Clothing,1,54,11385.900329399998,2026-09-14 12:30:26.649596
478,2017-09-09,16.0,Men's Footwear,1,947,123100.53520850003,2026-09-14 12:30:26.649597
479,2017-09-09,16.0,Music,1,111,28932.149322899993,2026-09-14 12:30:26.649599
480,2017-09-09,16.0,Pet Supplies,1,141,11900.400215729998,2026-09-14 12:30:26.649600
481,2017-09-09,16.0,Shop By Sport,2,1412,56006.342294879985,2026-09-14 12:30:26.649602
482,2017-09-09,16.0,Sporting Goods,1,108,35397.0,2026-09-14 12:30:26.649603
483,2017-09-09,16.0,Tennis & Racquet,1,56,2519.44009408,2026-09-14 12:30:26.649605
484,2017-09-09,16.0,Toys,1,199,2296.4599920399996,2026-09-14 12:30:26.649606
485,2017-09-09,16.0,Trade-In,3,140,2514.5999678,2026-09-14 12:30:26.649608
486,2017-09-09,16.0,Video Games,1,251,9977.25,2026-09-14 12:30:26.649609
487,2017-09-09,16.0,Water Sports,1,682,136393.18375100003,2026-09-14 12:30:26.649610
488,2017-09-09,16.0,Women's Apparel,1,2830,141500.0,2026-09-14 12:30:26.649612
489,2017-09-09,16.0,Women's Clothing,1,221,47696.22161329999,2026-09-14 12:30:26.649613
490,2017-09-09,17.0,Accessories,6,59,1474.4099864300001,2026-09-14 12:30:26.649615
491,2017-09-09,17.0,Baseball & Softball,2,25,1124.7500420000001,2026-09-14 12:30:26.649617
492,2017-09-09,17.0,Boxing & MMA,1,12,659.64001464,2026-09-14 12:30:26.649620
493,2017-09-09,17.0,Camping & Hiking,1,91,27298.181001000004,2026-09-14 12:30:26.649622
494,2017-09-09,17.0,Cardio Equipment,2,270,26367.38944146,2026-09-14 12:30:26.649624
495,2017-09-09,17.0,Cleats,1,429,25735.71072072,2026-09-14 12:30:26.649627
496,2017-09-09,17.0,Electronics,10,81,3278.1900615900004,2026-09-14 12:30:26.649629
497,2017-09-09,17.0,Fishing,1,125,49997.50137499999,2026-09-14 12:30:26.649632
498,2017-09-09,17.0,Fitness Accessories,1,3,104.97000503999999,2026-09-14 12:30:26.649634
499,2017-09-09,17.0,Girls' Apparel,4,43,1964.93001176,2026-09-14 12:30:26.649637
500,2017-09-09,17.0,Golf Apparel,1,7,139.92999839,2026-09-14 12:30:26.649640
501,2017-09-09,17.0,Golf Balls,3,30,499.6999931,2026-09-14 12:30:26.649642
502,2017-09-09,17.0,Golf Gloves,2,20,634.8000125899999,2026-09-14 12:30:26.649645
503,2017-09-09,17.0,Golf Shoes,1,5,325.0,2026-09-14 12:30:26.649646
504,2017-09-09,17.0,Hockey,1,6,150.0,2026-09-14 12:30:26.649648
505,2017-09-09,17.0,Hunting & Shooting,1,5,149.94999885000001,2026-09-14 12:30:26.649649
506,2017-09-09,17.0,Indoor/Outdoor Games,1,377,18842.45982658,2026-09-14 12:30:26.649651
507,2017-09-09,17.0,Lacrosse,1,2,49.97999954,2026-09-14 12:30:26.649652
508,2017-09-09,17.0,Men's Footwear,1,157,20408.430863500005,2026-09-14 12:30:26.649654
509,2017-09-09,17.0,Shop By Sport,2,207,8198.010334319999,2026-09-14 12:30:26.649655
510,2017-09-09,17.0,Tennis & Racquet,1,7,314.93001176,2026-09-14 12:30:26.649657
511,2017-09-09,17.0,Trade-In,3,32,583.6799926400001,2026-09-14 12:30:26.649658
512,2017-09-09,17.0,Water Sports,1,95,18999.0505225,2026-09-14 12:30:26.649660
513,2017-09-09,17.0,Women's Apparel,1,419,20950.0,2026-09-14 12:30:26.649661
514,2017-09-09,18.0,Accessories,6,227,5672.729947790001,2026-09-14 12:30:26.649663
515,2017-09-09,18.0,As Seen on TV!,1,27,2699.7299422199994,2026-09-14 12:30:26.649664
516,2017-09-09,18.0,Baby,1,28,1654.2400512399995,2026-09-14 12:30:26.649666
517,2017-09-09,18.0,Baseball & Softball,3,59,4164.41014114,2026-09-14 12:30:26.649667
518,2017-09-09,18.0,Basketball,2,12,3599.879882400001,2026-09-14 12:30:26.649670
519,2017-09-09,18.0,Books,1,44,1367.5199964800004,2026-09-14 12:30:26.649672
520,2017-09-09,18.0,Boxing & MMA,3,89,6848.369933860001,2026-09-14 12:30:26.649675
521,2017-09-09,18.0,CDs,1,34,383.85999863999996,2026-09-14 12:30:26.649677
522,2017-09-09,18.0,Cameras,1,118,53340.721003000006,2026-09-14 12:30:26.649679
523,2017-09-09,18.0,Camping & Hiking,1,705,211485.90775500005,2026-09-14 12:30:26.649681
524,2017-09-09,18.0,Cardio Equipment,2,1870,184671.62606882,2026-09-14 12:30:26.649684
525,2017-09-09,18.0,Children's Clothing,1,105,37495.500640499995,2026-09-14 12:30:26.649686
526,2017-09-09,18.0,Cleats,2,3664,221723.36606367998,2026-09-14 12:30:26.649688
527,2017-09-09,18.0,Computers,1,73,109500.0,2026-09-14 12:30:26.649690
528,2017-09-09,18.0,Consumer Electronics,1,74,18713.120362599995,2026-09-14 12:30:26.649693
529,2017-09-09,18.0,Crafts,1,45,20766.600495,2026-09-14 12:30:26.649695
530,2017-09-09,18.0,DVDs,1,39,6410.820191100001,2026-09-14 12:30:26.649698
531,2017-09-09,18.0,Electronics,11,335,12805.650176979998,2026-09-14 12:30:26.649701
532,2017-09-09,18.0,Fishing,1,911,364381.79002099996,2026-09-14 12:30:26.649703
533,2017-09-09,18.0,Fitness Accessories,2,20,1829.8000106399998,2026-09-14 12:30:26.649706
534,2017-09-09,18.0,Girls' Apparel,4,116,4914.560073920001,2026-09-14 12:30:26.649711
535,2017-09-09,18.0,Golf Apparel,3,47,2279.52999528,2026-09-14 12:30:26.649714
536,2017-09-09,18.0,Golf Bags & Carts,1,10,1699.900055,2026-09-14 12:30:26.649717
537,2017-09-09,18.0,Golf Balls,5,214,3772.85995078,2026-09-14 12:30:26.649729
538,2017-09-09,18.0,Golf Gloves,7,129,9038.709939685,2026-09-14 12:30:26.649734
539,2017-09-09,18.0,Golf Shoes,4,110,8302.0,2026-09-14 12:30:26.649738
540,2017-09-09,18.0,Hockey,3,69,2525.9699706,2026-09-14 12:30:26.649742
541,2017-09-09,18.0,Hunting & Shooting,3,72,4157.50001142,2026-09-14 12:30:26.649748
542,2017-09-09,18.0,Indoor/Outdoor Games,1,2978,148840.43863012,2026-09-14 12:30:26.649752
543,2017-09-09,18.0,Kids' Golf Clubs,7,80,13140.199790210001,2026-09-14 12:30:26.649755
544,2017-09-09,18.0,Lacrosse,2,71,4249.28992064,2026-09-14 12:30:26.649757
545,2017-09-09,18.0,Men's Footwear,1,1171,152218.29644050004,2026-09-14 12:30:26.649759
546,2017-09-09,18.0,Men's Golf Clubs,4,57,6369.430015859999,2026-09-14 12:30:26.649761
547,2017-09-09,18.0,Shop By Sport,3,1639,65923.87272511999,2026-09-14 12:30:26.649763
548,2017-09-09,18.0,Soccer,2,40,3424.5999146000004,2026-09-14 12:30:26.649765
549,2017-09-09,18.0,Strength Training,3,12,8544.9299308,2026-09-14 12:30:26.649767
550,2017-09-09,18.0,Tennis & Racquet,1,35,1574.6500588,2026-09-14 12:30:26.649770
551,2017-09-09,18.0,Trade-In,4,83,3565.17003248,2026-09-14 12:30:26.649772
552,2017-09-09,18.0,Water Sports,2,828,166941.7244163,2026-09-14 12:30:26.649774
553,2017-09-09,18.0,Women's Apparel,1,3240,162000.0,2026-09-14 12:30:26.649777
554,2017-09-09,18.0,Women's Golf Clubs,3,46,4919.5399474,2026-09-14 12:30:26.649779
555,2017-09-09,19.0,Accessories,6,236,5897.6399457200005,2026-09-14 12:30:26.649781
556,2017-09-09,19.0,Baseball & Softball,2,89,4414.110149519999,2026-09-14 12:30:26.649783
557,2017-09-09,19.0,Boxing & MMA,1,22,1209.34002684,2026-09-14 12:30:26.649785
558,2017-09-09,19.0,Camping & Hiking,1,465,139490.70511500002,2026-09-14 12:30:26.649788
559,2017-09-09,19.0,Cardio Equipment,2,1135,112298.81760748,2026-09-14 12:30:26.649790
560,2017-09-09,19.0,Cleats,1,2607,156393.93437976,2026-09-14 12:30:26.649792
561,2017-09-09,19.0,Electronics,11,342,13594.58022312,2026-09-14 12:30:26.649794
562,2017-09-09,19.0,Fishing,1,595,237988.10654500005,2026-09-14 12:30:26.649797
563,2017-09-09,19.0,Fitness Accessories,1,42,1469.5800705599997,2026-09-14 12:30:26.649799
564,2017-09-09,19.0,Girls' Apparel,4,149,6159.53007896,2026-09-14 12:30:26.649801
565,2017-09-09,19.0,Golf Apparel,1,36,719.6399917200001,2026-09-14 12:30:26.649803
566,2017-09-09,19.0,Golf Balls,5,214,3689.85995078,2026-09-14 12:30:26.649805
567,2017-09-09,19.0,Golf Gloves,3,110,2688.9000549660004,2026-09-14 12:30:26.649808
568,2017-09-09,19.0,Golf Shoes,1,39,2535.0,2026-09-14 12:30:26.649810
569,2017-09-09,19.0,Hockey,2,79,1852.0,2026-09-14 12:30:26.649812
570,2017-09-09,19.0,Hunting & Shooting,1,24,719.75999448,2026-09-14 12:30:26.649815
571,2017-09-09,19.0,Indoor/Outdoor Games,1,1984,99160.31908736003,2026-09-14 12:30:26.649818
572,2017-09-09,19.0,Lacrosse,1,42,1049.5799903400002,2026-09-14 12:30:26.649820
573,2017-09-09,19.0,Men's Footwear,1,794,103212.06436700004,2026-09-14 12:30:26.649823
574,2017-09-09,19.0,Shop By Sport,2,1042,41329.92169344,2026-09-14 12:30:26.649826
575,2017-09-09,19.0,Tennis & Racquet,1,55,2474.4500924,2026-09-14 12:30:26.649829
576,2017-09-09,19.0,Trade-In,3,119,2112.80997263,2026-09-14 12:30:26.649831
577,2017-09-09,19.0,Water Sports,1,488,97595.12268399999,2026-09-14 12:30:26.649834
578,2017-09-09,19.0,Women's Apparel,1,2266,113300.0,2026-09-14 12:30:26.649837
579,2017-09-09,20.0,Accessories,6,129,3223.7099703300005,2026-09-14 12:30:26.649840
580,2017-09-09,20.0,Baseball & Softball,2,43,1929.57007224,2026-09-14 12:30:26.649843
581,2017-09-09,20.0,Boxing & MMA,1,24,1319.28002928,2026-09-14 12:30:26.649845
582,2017-09-09,20.0,Camping & Hiking,1,290,86994.20319000001,2026-09-14 12:30:26.649848
583,2017-09-09,20.0,Cardio Equipment,2,789,77772.26834578,2026-09-14 12:30:26.649850
584,2017-09-09,20.0,Cleats,1,1557,93404.43261575999,2026-09-14 12:30:26.649852
585,2017-09-09,20.0,Electronics,11,216,8695.8401566,2026-09-14 12:30:26.649855
586,2017-09-09,20.0,Fishing,1,375,149992.50412500004,2026-09-14 12:30:26.649857
587,2017-09-09,20.0,Fitness Accessories,1,42,1469.58007056,2026-09-14 12:30:26.649860
588,2017-09-09,20.0,Girls' Apparel,4,73,3244.9500083999997,2026-09-14 12:30:26.649862
589,2017-09-09,20.0,Golf Apparel,1,38,759.6199912600002,2026-09-14 12:30:26.649865
590,2017-09-09,20.0,Golf Balls,5,129,2278.70997033,2026-09-14 12:30:26.649866
591,2017-09-09,20.0,Golf Gloves,3,81,1814.1900272480002,2026-09-14 12:30:26.649868
592,2017-09-09,20.0,Golf Shoes,1,21,1365.0,2026-09-14 12:30:26.649870
593,2017-09-09,20.0,Hockey,2,42,963.0,2026-09-14 12:30:26.649871
594,2017-09-09,20.0,Hunting & Shooting,1,30,899.6999931000001,2026-09-14 12:30:26.649873
595,2017-09-09,20.0,Indoor/Outdoor Games,1,1269,63424.61941626001,2026-09-14 12:30:26.649874
596,2017-09-09,20.0,Lacrosse,1,30,749.6999931000001,2026-09-14 12:30:26.649876
597,2017-09-09,20.0,Men's Footwear,1,458,59535.422519000014,2026-09-14 12:30:26.649877
598,2017-09-09,20.0,Shop By Sport,2,677,26843.461098719992,2026-09-14 12:30:26.649879
599,2017-09-09,20.0,Tennis & Racquet,1,30,1349.7000503999998,2026-09-14 12:30:26.649880
600,2017-09-09,20.0,Trade-In,3,91,1575.0899790700003,2026-09-14 12:30:26.649882
601,2017-09-09,20.0,Water Sports,1,336,67196.64184800001,2026-09-14 12:30:26.649883
602,2017-09-09,20.0,Women's Apparel,1,1423,71150.0,2026-09-14 12:30:26.649885
603,2017-09-09,21.0,Accessories,6,237,5922.629945490001,2026-09-14 12:30:26.649886
604,2017-09-09,21.0,Baseball & Softball,2,57,2469.43009576,2026-09-14 12:30:26.649888
722,2017-09-09,,Cleats,1,3643,218543.58,2026-09-14 13:13:38.210525
605,2017-09-09,21.0,Boxing & MMA,1,38,2088.8600463599996,2026-09-14 12:30:26.649889
606,2017-09-09,21.0,Camping & Hiking,1,466,139790.68512600003,2026-09-14 12:30:26.649890
607,2017-09-09,21.0,Cardio Equipment,2,1253,122627.8473999,2026-09-14 12:30:26.649892
608,2017-09-09,21.0,Cleats,1,2671,160233.29448727999,2026-09-14 12:30:26.649893
609,2017-09-09,21.0,Electronics,11,366,14494.3402367,2026-09-14 12:30:26.649895
610,2017-09-09,21.0,Fishing,1,593,237188.14652300003,2026-09-14 12:30:26.649896
611,2017-09-09,21.0,Fitness Accessories,1,50,1749.500084,2026-09-14 12:30:26.649898
612,2017-09-09,21.0,Girls' Apparel,4,143,5504.61006552,2026-09-14 12:30:26.649899
613,2017-09-09,21.0,Golf Apparel,1,35,699.6499919500001,2026-09-14 12:30:26.649901
614,2017-09-09,21.0,Golf Balls,5,177,3102.22995929,2026-09-14 12:30:26.649902
615,2017-09-09,21.0,Golf Gloves,3,106,2708.9400577890015,2026-09-14 12:30:26.649904
616,2017-09-09,21.0,Golf Shoes,1,39,2535.0,2026-09-14 12:30:26.649905
617,2017-09-09,21.0,Hockey,2,83,1961.0,2026-09-14 12:30:26.649907
618,2017-09-09,21.0,Hunting & Shooting,1,43,1289.5699901100002,2026-09-14 12:30:26.649908
619,2017-09-09,21.0,Indoor/Outdoor Games,1,1998,99860.03908092,2026-09-14 12:30:26.649910
620,2017-09-09,21.0,Lacrosse,1,29,724.7099933300001,2026-09-14 12:30:26.649911
621,2017-09-09,21.0,Men's Footwear,1,803,104381.97441650003,2026-09-14 12:30:26.649912
622,2017-09-09,21.0,Shop By Sport,2,1074,42549.66173712,2026-09-14 12:30:26.649914
623,2017-09-09,21.0,Tennis & Racquet,1,53,2384.4700890400004,2026-09-14 12:30:26.649915
624,2017-09-09,21.0,Trade-In,3,148,2660.51996596,2026-09-14 12:30:26.649917
625,2017-09-09,21.0,Water Sports,1,533,106594.6729315,2026-09-14 12:30:26.649918
626,2017-09-09,21.0,Women's Apparel,1,2223,111150.0,2026-09-14 12:30:26.649920
627,2017-09-09,22.0,Accessories,6,297,7422.029931690002,2026-09-14 12:30:26.649921
628,2017-09-09,22.0,Baseball & Softball,2,77,3819.2301293600003,2026-09-14 12:30:26.649923
629,2017-09-09,22.0,Boxing & MMA,1,42,2308.7400512400004,2026-09-14 12:30:26.649924
630,2017-09-09,22.0,Camping & Hiking,1,614,184187.726754,2026-09-14 12:30:26.649926
631,2017-09-09,22.0,Cardio Equipment,2,1711,166953.47646471998,2026-09-14 12:30:26.649927
632,2017-09-09,22.0,Cleats,1,3646,218723.54612527997,2026-09-14 12:30:26.649929
633,2017-09-09,22.0,Electronics,11,515,19969.85028456,2026-09-14 12:30:26.649930
634,2017-09-09,22.0,Fishing,1,814,325583.72895400005,2026-09-14 12:30:26.649932
635,2017-09-09,22.0,Fitness Accessories,1,51,1784.49008568,2026-09-14 12:30:26.649933
636,2017-09-09,22.0,Girls' Apparel,4,236,9179.41009912,2026-09-14 12:30:26.649935
637,2017-09-09,22.0,Golf Apparel,1,56,1119.4399871200003,2026-09-14 12:30:26.649936
638,2017-09-09,22.0,Golf Balls,5,197,3384.0299546899996,2026-09-14 12:30:26.649938
639,2017-09-09,22.0,Golf Gloves,3,161,3873.390062352,2026-09-14 12:30:26.649939
640,2017-09-09,22.0,Golf Shoes,1,42,2730.0,2026-09-14 12:30:26.649941
641,2017-09-09,22.0,Hockey,2,86,2015.0,2026-09-14 12:30:26.649942
642,2017-09-09,22.0,Hunting & Shooting,1,38,1139.61999126,2026-09-14 12:30:26.649943
643,2017-09-09,22.0,Indoor/Outdoor Games,1,2531,126499.37883574002,2026-09-14 12:30:26.649945
644,2017-09-09,22.0,Lacrosse,1,40,999.5999908000002,2026-09-14 12:30:26.649946
645,2017-09-09,22.0,Men's Footwear,1,1037,134799.6357035,2026-09-14 12:30:26.649948
646,2017-09-09,22.0,Shop By Sport,2,1522,60285.36245951999,2026-09-14 12:30:26.649949
647,2017-09-09,22.0,Tennis & Racquet,1,66,2969.34011088,2026-09-14 12:30:26.649951
648,2017-09-09,22.0,Trade-In,3,180,3226.1999586,2026-09-14 12:30:26.649952
649,2017-09-09,22.0,Water Sports,1,727,145392.73399850004,2026-09-14 12:30:26.649954
650,2017-09-09,22.0,Women's Apparel,1,2861,143050.0,2026-09-14 12:30:26.649955
651,2017-09-09,23.0,Accessories,6,554,13844.459872580002,2026-09-14 12:30:26.649957
652,2017-09-09,23.0,As Seen on TV!,1,64,6399.35986304,2026-09-14 12:30:26.649958
653,2017-09-09,23.0,Baby,1,35,2067.80006405,2026-09-14 12:30:26.649960
654,2017-09-09,23.0,Baseball & Softball,3,183,11828.17040676,2026-09-14 12:30:26.649961
655,2017-09-09,23.0,Basketball,3,45,19799.549558999995,2026-09-14 12:30:26.649963
656,2017-09-09,23.0,Books,1,212,6588.959983039998,2026-09-14 12:30:26.649964
657,2017-09-09,23.0,Boxing & MMA,3,197,15921.7697901,2026-09-14 12:30:26.649966
658,2017-09-09,23.0,CDs,1,68,767.7199972800003,2026-09-14 12:30:26.649967
659,2017-09-09,23.0,Cameras,1,320,144652.80272,2026-09-14 12:30:26.649969
660,2017-09-09,23.0,Camping & Hiking,1,1980,593960.42178,2026-09-14 12:30:26.649971
661,2017-09-09,23.0,Cardio Equipment,2,5714,562804.0680331201,2026-09-14 12:30:26.649972
662,2017-09-09,23.0,Children's Clothing,1,317,113200.70193370001,2026-09-14 12:30:26.649974
663,2017-09-09,23.0,Cleats,2,10977,664030.24817732,2026-09-14 12:30:26.649975
664,2017-09-09,23.0,Computers,1,203,304500.0,2026-09-14 12:30:26.649977
665,2017-09-09,23.0,Consumer Electronics,1,155,39196.40075949999,2026-09-14 12:30:26.649978
666,2017-09-09,23.0,Crafts,1,125,57685.001374999985,2026-09-14 12:30:26.649980
667,2017-09-09,23.0,DVDs,1,117,19232.460573299988,2026-09-14 12:30:26.649981
668,2017-09-09,23.0,Electronics,11,978,38433.220607819996,2026-09-14 12:30:26.649983
669,2017-09-09,23.0,Fishing,1,2606,1042347.9086660002,2026-09-14 12:30:26.649984
670,2017-09-09,23.0,Fitness Accessories,2,100,6324.0001106,2026-09-14 12:30:26.649986
671,2017-09-09,23.0,Girls' Apparel,4,375,16098.700218400001,2026-09-14 12:30:26.649987
672,2017-09-09,23.0,Golf Apparel,3,172,8598.28006641,2026-09-14 12:30:26.649989
673,2017-09-09,23.0,Golf Bags & Carts,1,22,3739.780120999999,2026-09-14 12:30:26.649990
674,2017-09-09,23.0,Golf Balls,5,455,7952.449895350001,2026-09-14 12:30:26.649992
675,2017-09-09,23.0,Golf Gloves,7,359,24551.410014574998,2026-09-14 12:30:26.649993
676,2017-09-09,23.0,Golf Shoes,4,278,23632.0,2026-09-14 12:30:26.649995
677,2017-09-09,23.0,Hockey,3,226,11431.799803999998,2026-09-14 12:30:26.649996
678,2017-09-09,23.0,Hunting & Shooting,3,175,12097.860099840002,2026-09-14 12:30:26.649998
679,2017-09-09,23.0,Indoor/Outdoor Games,1,8153,407486.93624962005,2026-09-14 12:30:26.649999
680,2017-09-09,23.0,Kids' Golf Clubs,8,276,47228.649159709996,2026-09-14 12:30:26.650001
681,2017-09-09,23.0,Lacrosse,2,106,6023.939889670001,2026-09-14 12:30:26.650002
682,2017-09-09,23.0,Men's Footwear,1,3242,421427.5978310001,2026-09-14 12:30:26.650004
683,2017-09-09,23.0,Men's Golf Clubs,4,153,16818.469948980004,2026-09-14 12:30:26.650005
684,2017-09-09,23.0,Shop By Sport,3,5020,202710.88832473996,2026-09-14 12:30:26.650007
685,2017-09-09,23.0,Soccer,2,97,9064.02979358,2026-09-14 12:30:26.650008
686,2017-09-09,23.0,Strength Training,3,57,28091.709714400004,2026-09-14 12:30:26.650010
687,2017-09-09,23.0,Tennis & Racquet,1,86,3869.1401444800003,2026-09-14 12:30:26.650011
688,2017-09-09,23.0,Trade-In,4,266,10757.3400878,2026-09-14 12:30:26.650013
689,2017-09-09,23.0,Water Sports,2,2359,475376.42260730005,2026-09-14 12:30:26.650014
690,2017-09-09,23.0,Women's Apparel,1,9510,475500.0,2026-09-14 12:30:26.650016
691,2017-09-09,23.0,Women's Golf Clubs,3,167,18338.329841259998,2026-09-14 12:30:26.650017
692,2017-09-09,,Accessories,6,46,1149.54,2026-09-14 13:13:38.208919
693,2017-09-09,,Baseball & Softball,1,3,104.97,2026-09-14 13:13:38.209113
694,2017-09-09,,Boxing & MMA,1,14,769.58,2026-09-14 13:13:38.209183
695,2017-09-09,,Camping & Hiking,1,81,24298.38,2026-09-14 13:13:38.209231
696,2017-09-09,,Cardio Equipment,2,248,24587.55,2026-09-14 13:13:38.209291
697,2017-09-09,,Cleats,1,428,25675.72,2026-09-14 13:13:38.209346
698,2017-09-09,,Electronics,9,63,2451.37,2026-09-14 13:13:38.209380
699,2017-09-09,,Fishing,1,69,27598.62,2026-09-14 13:13:38.209411
700,2017-09-09,,Fitness Accessories,1,8,279.92,2026-09-14 13:13:38.209443
701,2017-09-09,,Girls' Apparel,4,28,1329.9,2026-09-14 13:13:38.209599
702,2017-09-09,,Golf Apparel,1,4,79.96,2026-09-14 13:13:38.209708
703,2017-09-09,,Golf Balls,5,35,573.65,2026-09-14 13:13:38.209758
704,2017-09-09,,Golf Gloves,2,17,439.83,2026-09-14 13:13:38.209800
705,2017-09-09,,Golf Shoes,1,10,650.0,2026-09-14 13:13:38.209849
706,2017-09-09,,Hockey,2,7,169.0,2026-09-14 13:13:38.209893
707,2017-09-09,,Hunting & Shooting,1,4,119.96,2026-09-14 13:13:38.209928
708,2017-09-09,,Indoor/Outdoor Games,1,334,16693.32,2026-09-14 13:13:38.209962
709,2017-09-09,,Lacrosse,1,5,124.95,2026-09-14 13:13:38.210016
710,2017-09-09,,Men's Footwear,1,121,15728.79,2026-09-14 13:13:38.210062
711,2017-09-09,,Shop By Sport,2,189,7448.22,2026-09-14 13:13:38.210094
712,2017-09-09,,Tennis & Racquet,1,7,314.93,2026-09-14 13:13:38.210131
713,2017-09-09,,Trade-In,3,20,373.8,2026-09-14 13:13:38.210195
714,2017-09-09,,Water Sports,1,92,18399.08,2026-09-14 13:13:38.210246
715,2017-09-09,,Women's Apparel,1,350,17500.0,2026-09-14 13:13:38.210284
716,2017-09-09,,Accessories,6,220,5497.8,2026-09-14 13:13:38.210333
717,2017-09-09,,As Seen on TV!,1,1,99.99,2026-09-14 13:13:38.210367
718,2017-09-09,,Baseball & Softball,3,100,5249.0,2026-09-14 13:13:38.210399
719,2017-09-09,,Boxing & MMA,3,69,4893.53,2026-09-14 13:13:38.210431
720,2017-09-09,,Camping & Hiking,1,661,198286.79,2026-09-14 13:13:38.210462
721,2017-09-09,,Cardio Equipment,2,1886,185151.63,2026-09-14 13:13:38.210495
723,2017-09-09,,Electronics,11,435,17211.65,2026-09-14 13:13:38.210555
724,2017-09-09,,Fishing,1,827,330783.47,2026-09-14 13:13:38.210584
725,2017-09-09,,Fitness Accessories,1,46,1609.54,2026-09-14 13:13:38.210614
726,2017-09-09,,Girls' Apparel,4,176,7839.59,2026-09-14 13:13:38.210644
727,2017-09-09,,Golf Apparel,3,62,1759.38,2026-09-14 13:13:38.210673
728,2017-09-09,,Golf Bags & Carts,1,1,169.99,2026-09-14 13:13:38.210703
729,2017-09-09,,Golf Balls,5,206,3661.94,2026-09-14 13:13:38.210732
730,2017-09-09,,Golf Gloves,6,179,5913.21,2026-09-14 13:13:38.210761
731,2017-09-09,,Golf Shoes,4,59,4126.0,2026-09-14 13:13:38.210790
732,2017-09-09,,Hockey,2,84,1929.0,2026-09-14 13:13:38.210819
733,2017-09-09,,Hunting & Shooting,3,70,3029.4,2026-09-14 13:13:38.210849
734,2017-09-09,,Indoor/Outdoor Games,1,2856,142742.88,2026-09-14 13:13:38.210880
735,2017-09-09,,Kids' Golf Clubs,5,25,3226.46,2026-09-14 13:13:38.210909
736,2017-09-09,,Lacrosse,1,32,799.68,2026-09-14 13:13:38.210938
737,2017-09-09,,Men's Footwear,1,1056,137269.45,2026-09-14 13:13:38.210968
738,2017-09-09,,Men's Golf Clubs,4,17,1969.83,2026-09-14 13:13:38.210997
739,2017-09-09,,Shop By Sport,3,1612,64434.39,2026-09-14 13:13:38.211027
740,2017-09-09,,Soccer,2,16,1549.84,2026-09-14 13:13:38.211056
741,2017-09-09,,Strength Training,1,3,567.0,2026-09-14 13:13:38.211086
742,2017-09-09,,Tennis & Racquet,1,54,2429.46,2026-09-14 13:13:38.211117
743,2017-09-09,,Trade-In,4,148,4112.52,2026-09-14 13:13:38.211154
744,2017-09-09,,Water Sports,1,744,148792.56,2026-09-14 13:13:38.211196
745,2017-09-09,,Women's Apparel,1,2894,144700.0,2026-09-14 13:13:38.211273
746,2017-09-09,,Women's Golf Clubs,3,22,2669.78,2026-09-14 13:13:38.211310
747,2017-09-09,,Accessories,6,68,1699.32,2026-09-14 13:13:38.211343
748,2017-09-09,,Baseball & Softball,2,28,1304.72,2026-09-14 13:13:38.211375
749,2017-09-09,,Boxing & MMA,1,15,824.55,2026-09-14 13:13:38.211406
750,2017-09-09,,Camping & Hiking,1,127,38097.46,2026-09-14 13:13:38.211438
751,2017-09-09,,Cardio Equipment,2,353,34596.57,2026-09-14 13:13:38.211469
752,2017-09-09,,Cleats,1,688,41273.12,2026-09-14 13:13:38.211499
753,2017-09-09,,Electronics,11,103,3890.97,2026-09-14 13:13:38.211529
754,2017-09-09,,Fishing,1,168,67196.64,2026-09-14 13:13:38.211559
755,2017-09-09,,Fitness Accessories,1,5,174.95,2026-09-14 13:13:38.211589
756,2017-09-09,,Girls' Apparel,4,61,2459.84,2026-09-14 13:13:38.211618
757,2017-09-09,,Golf Apparel,1,6,119.94,2026-09-14 13:13:38.211648
758,2017-09-09,,Golf Balls,5,43,779.57,2026-09-14 13:13:38.211678
759,2017-09-09,,Golf Gloves,3,17,424.83,2026-09-14 13:13:38.211707
760,2017-09-09,,Golf Shoes,1,21,1365.0,2026-09-14 13:13:38.211737
761,2017-09-09,,Hockey,2,30,696.0,2026-09-14 13:13:38.211768
762,2017-09-09,,Hunting & Shooting,1,13,389.87,2026-09-14 13:13:38.211798
763,2017-09-09,,Indoor/Outdoor Games,1,551,27538.98,2026-09-14 13:13:38.211828
764,2017-09-09,,Lacrosse,1,5,124.95,2026-09-14 13:13:38.211859
765,2017-09-09,,Men's Footwear,1,209,27167.91,2026-09-14 13:13:38.211889
766,2017-09-09,,Shop By Sport,2,363,14336.55,2026-09-14 13:13:38.211919
767,2017-09-09,,Tennis & Racquet,1,11,494.89,2026-09-14 13:13:38.211950
768,2017-09-09,,Trade-In,3,15,257.85,2026-09-14 13:13:38.211979
769,2017-09-09,,Water Sports,1,147,29398.53,2026-09-14 13:13:38.212011
770,2017-09-09,,Women's Apparel,1,653,32650.0,2026-09-14 13:13:38.212044
771,2017-09-09,,Accessories,6,821,20516.79,2026-09-14 13:13:38.212075
772,2017-09-09,,As Seen on TV!,1,53,5299.47,2026-09-14 13:13:38.212105
773,2017-09-09,,Baseball & Softball,3,290,15722.1,2026-09-14 13:13:38.212135
774,2017-09-09,,Boxing & MMA,3,206,13980.26,2026-09-14 13:13:38.212165
775,2017-09-09,,Camping & Hiking,1,2323,696853.57,2026-09-14 13:13:38.212194
776,2017-09-09,,Cardio Equipment,2,6174,607819.61,2026-09-14 13:13:38.212223
777,2017-09-09,,Cleats,1,12164,729718.38,2026-09-14 13:13:38.212252
778,2017-09-09,,Electronics,11,1458,58194.42,2026-09-14 13:13:38.212279
779,2017-09-09,,Fishing,1,2822,1128743.59,2026-09-14 13:13:38.212307
780,2017-09-09,,Fitness Accessories,1,121,4233.79,2026-09-14 13:13:38.212335
781,2017-09-09,,Girls' Apparel,4,576,24223.51,2026-09-14 13:13:38.212364
782,2017-09-09,,Golf Apparel,3,152,6078.48,2026-09-14 13:13:38.212391
783,2017-09-09,,Golf Bags & Carts,1,14,2379.86,2026-09-14 13:13:38.212420
784,2017-09-09,,Golf Balls,5,701,12343.99,2026-09-14 13:13:38.212448
785,2017-09-09,,Golf Gloves,6,442,18490.58,2026-09-14 13:13:38.212477
786,2017-09-09,,Golf Shoes,4,275,20668.0,2026-09-14 13:13:38.212506
787,2017-09-09,,Hockey,2,253,5959.0,2026-09-14 13:13:38.212535
788,2017-09-09,,Hunting & Shooting,3,221,10432.15,2026-09-14 13:13:38.212564
789,2017-09-09,,Indoor/Outdoor Games,1,9754,487504.92,2026-09-14 13:13:38.212593
790,2017-09-09,,Kids' Golf Clubs,5,127,14883.31,2026-09-14 13:13:38.212622
791,2017-09-09,,Lacrosse,2,245,10697.55,2026-09-14 13:13:38.212649
792,2017-09-09,,Men's Footwear,1,3620,470563.82,2026-09-14 13:13:38.212677
793,2017-09-09,,Men's Golf Clubs,4,95,10669.05,2026-09-14 13:13:38.212706
794,2017-09-09,,Shop By Sport,3,5563,223655.59,2026-09-14 13:13:38.212733
795,2017-09-09,,Soccer,2,82,7189.18,2026-09-14 13:13:38.212761
796,2017-09-09,,Strength Training,1,9,1701.0,2026-09-14 13:13:38.212789
797,2017-09-09,,Tennis & Racquet,1,134,6028.66,2026-09-14 13:13:38.212817
798,2017-09-09,,Trade-In,4,409,11417.91,2026-09-14 13:13:38.212845
799,2017-09-09,,Water Sports,1,2571,514174.3,2026-09-14 13:13:38.212874
800,2017-09-09,,Women's Apparel,1,10342,517100.0,2026-09-14 13:13:38.212902
801,2017-09-09,,Women's Golf Clubs,3,74,8469.26,2026-09-14 13:13:38.212933
802,2017-09-09,,Accessories,5,34,849.66,2026-09-14 13:13:38.212962
803,2017-09-09,,Boxing & MMA,1,7,384.79,2026-09-14 13:13:38.212990
804,2017-09-09,,Camping & Hiking,1,39,11699.22,2026-09-14 13:13:38.213018
805,2017-09-09,,Cardio Equipment,2,102,9919.02,2026-09-14 13:13:38.213046
806,2017-09-09,,Cleats,1,252,15117.48,2026-09-14 13:13:38.213074
807,2017-09-09,,Electronics,8,34,1423.66,2026-09-14 13:13:38.213101
808,2017-09-09,,Fishing,1,64,25598.72,2026-09-14 13:13:38.213127
809,2017-09-09,,Girls' Apparel,4,16,504.97,2026-09-14 13:13:38.213155
810,2017-09-09,,Golf Apparel,1,4,79.96,2026-09-14 13:13:38.213183
811,2017-09-09,,Golf Balls,1,2,29.98,2026-09-14 13:13:38.213211
812,2017-09-09,,Golf Gloves,3,14,394.86,2026-09-14 13:13:38.213238
813,2017-09-09,,Hunting & Shooting,1,14,419.86,2026-09-14 13:13:38.213284
814,2017-09-09,,Indoor/Outdoor Games,1,201,10045.98,2026-09-14 13:13:38.213318
815,2017-09-09,,Lacrosse,1,5,124.95,2026-09-14 13:13:38.213349
816,2017-09-09,,Men's Footwear,1,86,11179.14,2026-09-14 13:13:38.213379
817,2017-09-09,,Shop By Sport,2,92,3599.16,2026-09-14 13:13:38.213410
818,2017-09-09,,Tennis & Racquet,1,5,224.95,2026-09-14 13:13:38.213440
819,2017-09-09,,Trade-In,1,2,43.98,2026-09-14 13:13:38.213469
820,2017-09-09,,Water Sports,1,41,8199.59,2026-09-14 13:13:38.213499
821,2017-09-09,,Women's Apparel,1,200,10000.0,2026-09-14 13:13:38.213531
822,2017-09-09,,Accessories,6,66,1649.34,2026-09-14 13:13:38.213560
823,2017-09-09,,Baseball & Softball,2,21,1109.79,2026-09-14 13:13:38.213591
824,2017-09-09,,Boxing & MMA,1,11,604.67,2026-09-14 13:13:38.213621
825,2017-09-09,,Camping & Hiking,1,143,42897.14,2026-09-14 13:13:38.213650
826,2017-09-09,,Cardio Equipment,2,512,50005.05,2026-09-14 13:13:38.213680
827,2017-09-09,,Cleats,1,833,49971.67,2026-09-14 13:13:38.213708
828,2017-09-09,,Electronics,9,108,4494.92,2026-09-14 13:13:38.213736
829,2017-09-09,,Fishing,1,198,79196.04,2026-09-14 13:13:38.213764
830,2017-09-09,,Fitness Accessories,1,4,139.96,2026-09-14 13:13:38.213792
831,2017-09-09,,Girls' Apparel,2,13,375.0,2026-09-14 13:13:38.213821
832,2017-09-09,,Golf Apparel,1,11,219.89,2026-09-14 13:13:38.213850
833,2017-09-09,,Golf Balls,4,53,987.47,2026-09-14 13:13:38.213878
834,2017-09-09,,Golf Gloves,3,18,389.82,2026-09-14 13:13:38.213906
835,2017-09-09,,Golf Shoes,1,6,390.0,2026-09-14 13:13:38.213935
836,2017-09-09,,Hockey,2,13,298.0,2026-09-14 13:13:38.213963
837,2017-09-09,,Hunting & Shooting,1,14,419.86,2026-09-14 13:13:38.213992
838,2017-09-09,,Indoor/Outdoor Games,1,647,32337.06,2026-09-14 13:13:38.214021
839,2017-09-09,,Lacrosse,1,4,99.96,2026-09-14 13:13:38.214051
840,2017-09-09,,Men's Footwear,1,247,32107.53,2026-09-14 13:13:38.214080
841,2017-09-09,,Shop By Sport,2,328,13066.77,2026-09-14 13:13:38.214110
842,2017-09-09,,Tennis & Racquet,1,5,224.95,2026-09-14 13:13:38.214139
843,2017-09-09,,Trade-In,3,24,401.76,2026-09-14 13:13:38.214168
844,2017-09-09,,Water Sports,1,176,35198.24,2026-09-14 13:13:38.214196
845,2017-09-09,,Women's Apparel,1,593,29650.0,2026-09-14 13:13:38.214224
846,2017-09-09,,Accessories,6,237,5922.63,2026-09-14 13:13:38.214252
847,2017-09-09,,Baseball & Softball,2,96,4759.04,2026-09-14 13:13:38.214280
848,2017-09-09,,Boxing & MMA,1,57,3133.29,2026-09-14 13:13:38.214309
849,2017-09-09,,Camping & Hiking,1,568,170388.65,2026-09-14 13:13:38.214337
850,2017-09-09,,Cardio Equipment,2,1512,148525.26,2026-09-14 13:13:38.214364
851,2017-09-09,,Cleats,1,2834,170011.66,2026-09-14 13:13:38.214392
852,2017-09-09,,Electronics,11,434,17103.66,2026-09-14 13:13:38.214419
853,2017-09-09,,Fishing,1,706,282385.89,2026-09-14 13:13:38.214447
854,2017-09-09,,Fitness Accessories,1,30,1049.7,2026-09-14 13:13:38.214474
855,2017-09-09,,Girls' Apparel,4,164,6284.8,2026-09-14 13:13:38.214502
856,2017-09-09,,Golf Apparel,1,66,1319.34,2026-09-14 13:13:38.214529
857,2017-09-09,,Golf Balls,5,161,2805.39,2026-09-14 13:13:38.214556
858,2017-09-09,,Golf Gloves,3,101,2418.99,2026-09-14 13:13:38.214583
859,2017-09-09,,Golf Shoes,1,67,4355.0,2026-09-14 13:13:38.214611
860,2017-09-09,,Hockey,2,75,1770.0,2026-09-14 13:13:38.214638
861,2017-09-09,,Hunting & Shooting,1,60,1799.4,2026-09-14 13:13:38.214666
862,2017-09-09,,Indoor/Outdoor Games,1,2237,111805.26,2026-09-14 13:13:38.214693
863,2017-09-09,,Lacrosse,1,38,949.62,2026-09-14 13:13:38.214721
864,2017-09-09,,Men's Footwear,1,896,116471.04,2026-09-14 13:13:38.214749
865,2017-09-09,,Shop By Sport,2,1422,56336.31,2026-09-14 13:13:38.214779
866,2017-09-09,,Tennis & Racquet,1,37,1664.63,2026-09-14 13:13:38.214807
867,2017-09-09,,Trade-In,3,107,2058.93,2026-09-14 13:13:38.214835
868,2017-09-09,,Water Sports,1,651,130193.49,2026-09-14 13:13:38.214863
869,2017-09-09,,Women's Apparel,1,2552,127600.0,2026-09-14 13:13:38.214890
870,2017-09-09,,Accessories,6,190,4748.1,2026-09-14 13:13:38.214918
871,2017-09-09,,Baby,1,37,2185.96,2026-09-14 13:13:38.214945
872,2017-09-09,,Baseball & Softball,2,66,2934.34,2026-09-14 13:13:38.214973
873,2017-09-09,,Books,1,20,621.6,2026-09-14 13:13:38.215000
874,2017-09-09,,Boxing & MMA,1,46,2528.62,2026-09-14 13:13:38.215027
875,2017-09-09,,CDs,1,35,395.15,2026-09-14 13:13:38.215054
876,2017-09-09,,Camping & Hiking,1,443,132891.14,2026-09-14 13:13:38.215081
877,2017-09-09,,Cardio Equipment,2,1299,127367.37,2026-09-14 13:13:38.215109
878,2017-09-09,,Children's Clothing,1,22,7856.2,2026-09-14 13:13:38.215136
879,2017-09-09,,Cleats,1,2418,145055.82,2026-09-14 13:13:38.215162
880,2017-09-09,,Computers,1,32,48000.0,2026-09-14 13:13:38.215189
881,2017-09-09,,Consumer Electronics,1,19,4804.72,2026-09-14 13:13:38.215215
882,2017-09-09,,Crafts,1,63,29073.24,2026-09-14 13:13:38.215242
883,2017-09-09,,DVDs,1,58,9534.04,2026-09-14 13:13:38.215283
884,2017-09-09,,Electronics,11,385,14602.15,2026-09-14 13:13:38.215316
885,2017-09-09,,Fishing,1,625,249987.51,2026-09-14 13:13:38.215346
886,2017-09-09,,Fitness Accessories,1,40,1399.6,2026-09-14 13:13:38.215375
887,2017-09-09,,Garden,1,153,81484.74,2026-09-14 13:13:38.215404
888,2017-09-09,,Girls' Apparel,4,157,6744.73,2026-09-14 13:13:38.215432
889,2017-09-09,,Golf Apparel,1,30,599.7,2026-09-14 13:13:38.215461
890,2017-09-09,,Golf Balls,5,222,3919.78,2026-09-14 13:13:38.215490
891,2017-09-09,,Golf Gloves,3,151,3473.49,2026-09-14 13:13:38.215519
892,2017-09-09,,Golf Shoes,1,34,2210.0,2026-09-14 13:13:38.215549
893,2017-09-09,,Health and Beauty,1,83,24322.32,2026-09-14 13:13:38.215579
894,2017-09-09,,Hockey,2,46,1075.0,2026-09-14 13:13:38.215606
895,2017-09-09,,Hunting & Shooting,1,50,1499.5,2026-09-14 13:13:38.215634
896,2017-09-09,,Indoor/Outdoor Games,1,2126,106257.48,2026-09-14 13:13:38.215661
897,2017-09-09,,Lacrosse,1,41,1024.59,2026-09-14 13:13:38.215688
898,2017-09-09,,Men's Clothing,1,51,10753.35,2026-09-14 13:13:38.215715
899,2017-09-09,,Men's Footwear,1,803,104381.97,2026-09-14 13:13:38.215742
900,2017-09-09,,Music,1,102,26586.3,2026-09-14 13:13:38.215768
901,2017-09-09,,Pet Supplies,1,130,10972.0,2026-09-14 13:13:38.215797
902,2017-09-09,,Shop By Sport,2,1144,45318.99,2026-09-14 13:13:38.215823
903,2017-09-09,,Sporting Goods,1,81,26547.75,2026-09-14 13:13:38.215850
904,2017-09-09,,Tennis & Racquet,1,33,1484.67,2026-09-14 13:13:38.215878
905,2017-09-09,,Toys,1,115,1327.1,2026-09-14 13:13:38.215904
906,2017-09-09,,Trade-In,3,131,2298.69,2026-09-14 13:13:38.215930
907,2017-09-09,,Video Games,1,205,8148.75,2026-09-14 13:13:38.215956
908,2017-09-09,,Water Sports,1,534,106794.66,2026-09-14 13:13:38.215983
909,2017-09-09,,Women's Apparel,1,2029,101450.0,2026-09-14 13:13:38.216010
910,2017-09-09,,Women's Clothing,1,110,23740.2,2026-09-14 13:13:38.216037
911,2017-09-09,,Accessories,6,164,4098.36,2026-09-14 13:13:38.216064
912,2017-09-09,,Baseball & Softball,2,46,2209.54,2026-09-14 13:13:38.216090
913,2017-09-09,,Boxing & MMA,1,41,2253.77,2026-09-14 13:13:38.216118
914,2017-09-09,,Camping & Hiking,1,318,95393.64,2026-09-14 13:13:38.216145
915,2017-09-09,,Cardio Equipment,2,870,84821.61,2026-09-14 13:13:38.216172
916,2017-09-09,,Cleats,1,1739,104322.61,2026-09-14 13:13:38.216199
917,2017-09-09,,Electronics,11,301,11746.99,2026-09-14 13:13:38.216226
918,2017-09-09,,Fishing,1,379,151592.42,2026-09-14 13:13:38.216254
919,2017-09-09,,Fitness Accessories,1,17,594.83,2026-09-14 13:13:38.216282
920,2017-09-09,,Girls' Apparel,4,91,4169.74,2026-09-14 13:13:38.216310
921,2017-09-09,,Golf Apparel,1,17,339.83,2026-09-14 13:13:38.216343
922,2017-09-09,,Golf Balls,5,134,2355.66,2026-09-14 13:13:38.216505
923,2017-09-09,,Golf Gloves,3,59,1489.41,2026-09-14 13:13:38.216674
924,2017-09-09,,Golf Shoes,1,7,455.0,2026-09-14 13:13:38.216751
925,2017-09-09,,Hockey,2,37,850.0,2026-09-14 13:13:38.216810
926,2017-09-09,,Hunting & Shooting,1,23,689.77,2026-09-14 13:13:38.216864
927,2017-09-09,,Indoor/Outdoor Games,1,1467,73320.66,2026-09-14 13:13:38.217246
928,2017-09-09,,Lacrosse,1,24,599.76,2026-09-14 13:13:38.217412
929,2017-09-09,,Men's Footwear,1,504,65514.96,2026-09-14 13:13:38.217483
930,2017-09-09,,Shop By Sport,2,712,28323.03,2026-09-14 13:13:38.217532
931,2017-09-09,,Tennis & Racquet,1,23,1034.77,2026-09-14 13:13:38.217585
932,2017-09-09,,Trade-In,3,59,1093.41,2026-09-14 13:13:38.217640
933,2017-09-09,,Water Sports,1,322,64396.78,2026-09-14 13:13:38.217725
934,2017-09-09,,Women's Apparel,1,1452,72600.0,2026-09-14 13:13:38.217795
935,2017-09-09,,Accessories,6,140,3498.6,2026-09-14 13:13:38.217896
936,2017-09-09,,Baseball & Softball,2,49,2589.51,2026-09-14 13:13:38.217954
937,2017-09-09,,Boxing & MMA,1,33,1814.01,2026-09-14 13:13:38.218045
938,2017-09-09,,Camping & Hiking,1,233,69895.34,2026-09-14 13:13:38.218081
939,2017-09-09,,Cardio Equipment,2,697,68433.21,2026-09-14 13:13:38.218117
940,2017-09-09,,Cleats,1,1468,88065.32,2026-09-14 13:13:38.218151
941,2017-09-09,,Electronics,11,250,9896.5,2026-09-14 13:13:38.218184
942,2017-09-09,,Fishing,1,319,127593.62,2026-09-14 13:13:38.218217
943,2017-09-09,,Fitness Accessories,1,22,769.78,2026-09-14 13:13:38.218253
944,2017-09-09,,Girls' Apparel,4,46,2069.88,2026-09-14 13:13:38.218343
945,2017-09-09,,Golf Apparel,1,31,619.69,2026-09-14 13:13:38.218377
946,2017-09-09,,Golf Balls,5,111,1976.89,2026-09-14 13:13:38.218409
947,2017-09-09,,Golf Gloves,3,43,984.57,2026-09-14 13:13:38.218453
948,2017-09-09,,Golf Shoes,1,25,1625.0,2026-09-14 13:13:38.218486
949,2017-09-09,,Hockey,2,33,786.0,2026-09-14 13:13:38.218521
950,2017-09-09,,Hunting & Shooting,1,17,509.83,2026-09-14 13:13:38.218554
951,2017-09-09,,Indoor/Outdoor Games,1,1131,56527.38,2026-09-14 13:13:38.218587
952,2017-09-09,,Lacrosse,1,29,724.71,2026-09-14 13:13:38.218619
953,2017-09-09,,Men's Footwear,1,429,55765.71,2026-09-14 13:13:38.218651
954,2017-09-09,,Shop By Sport,2,560,22184.61,2026-09-14 13:13:38.218682
955,2017-09-09,,Tennis & Racquet,1,30,1349.7,2026-09-14 13:13:38.218714
956,2017-09-09,,Trade-In,3,58,975.42,2026-09-14 13:13:38.218744
957,2017-09-09,,Water Sports,1,307,61396.93,2026-09-14 13:13:38.218776
958,2017-09-09,,Women's Apparel,1,1094,54700.0,2026-09-14 13:13:38.218808
959,2017-09-09,,Accessories,6,173,4323.27,2026-09-14 13:13:38.218838
960,2017-09-09,,As Seen on TV!,1,39,3899.61,2026-09-14 13:13:38.218870
961,2017-09-09,,Baby,1,19,1122.52,2026-09-14 13:13:38.218903
962,2017-09-09,,Baseball & Softball,3,69,4014.31,2026-09-14 13:13:38.218935
963,2017-09-09,,Basketball,3,10,3699.9,2026-09-14 13:13:38.218965
964,2017-09-09,,Books,1,52,1616.16,2026-09-14 13:13:38.218994
965,2017-09-09,,Boxing & MMA,3,94,7628.5,2026-09-14 13:13:38.219024
966,2017-09-09,,CDs,1,31,349.99,2026-09-14 13:13:38.219068
967,2017-09-09,,Cameras,1,137,61929.48,2026-09-14 13:13:38.219112
968,2017-09-09,,Camping & Hiking,1,790,236984.21,2026-09-14 13:13:38.219153
969,2017-09-09,,Cardio Equipment,2,2064,204769.59,2026-09-14 13:13:38.219186
970,2017-09-09,,Children's Clothing,1,100,35710.0,2026-09-14 13:13:38.219220
971,2017-09-09,,Cleats,2,3963,238940.38,2026-09-14 13:13:38.219252
972,2017-09-09,,Computers,1,74,111000.0,2026-09-14 13:13:38.219288
973,2017-09-09,,Consumer Electronics,1,56,14161.28,2026-09-14 13:13:38.219319
974,2017-09-09,,Crafts,1,61,28150.28,2026-09-14 13:13:38.219350
975,2017-09-09,,DVDs,1,59,9698.42,2026-09-14 13:13:38.219380
976,2017-09-09,,Electronics,11,338,13060.62,2026-09-14 13:13:38.219412
977,2017-09-09,,Fishing,1,919,367581.63,2026-09-14 13:13:38.219441
978,2017-09-09,,Fitness Accessories,2,45,3269.55,2026-09-14 13:13:38.219472
979,2017-09-09,,Girls' Apparel,4,162,6329.62,2026-09-14 13:13:38.219503
980,2017-09-09,,Golf Apparel,3,45,3429.55,2026-09-14 13:13:38.219533
981,2017-09-09,,Golf Bags & Carts,1,4,679.96,2026-09-14 13:13:38.219563
982,2017-09-09,,Golf Balls,5,91,1602.09,2026-09-14 13:13:38.219592
983,2017-09-09,,Golf Gloves,7,141,11253.59,2026-09-14 13:13:38.219620
984,2017-09-09,,Golf Shoes,4,93,8120.0,2026-09-14 13:13:38.219649
985,2017-09-09,,Hockey,3,50,2397.96,2026-09-14 13:13:38.219677
986,2017-09-09,,Hunting & Shooting,3,83,5795.51,2026-09-14 13:13:38.219706
987,2017-09-09,,Indoor/Outdoor Games,1,3094,154638.12,2026-09-14 13:13:38.219737
988,2017-09-09,,Kids' Golf Clubs,7,71,12599.1,2026-09-14 13:13:38.219767
989,2017-09-09,,Lacrosse,2,69,3599.31,2026-09-14 13:13:38.219797
990,2017-09-09,,Men's Footwear,1,1221,158717.8,2026-09-14 13:13:38.219825
991,2017-09-09,,Men's Golf Clubs,4,42,4739.58,2026-09-14 13:13:38.219854
992,2017-09-09,,Shop By Sport,3,1595,64744.37,2026-09-14 13:13:38.219884
993,2017-09-09,,Soccer,2,23,2199.77,2026-09-14 13:13:38.219911
994,2017-09-09,,Strength Training,3,24,14856.89,2026-09-14 13:13:38.219939
995,2017-09-09,,Tennis & Racquet,1,50,2249.5,2026-09-14 13:13:38.219968
996,2017-09-09,,Trade-In,4,124,4766.76,2026-09-14 13:13:38.219996
997,2017-09-09,,Water Sports,2,809,162841.91,2026-09-14 13:13:38.220026
998,2017-09-09,,Women's Apparel,1,3474,173700.0,2026-09-14 13:13:38.220055
999,2017-09-09,,Women's Golf Clubs,3,44,4659.56,2026-09-14 13:13:38.220084
1000,2017-09-09,,Accessories,6,302,7546.98,2026-09-14 13:13:38.220113
1001,2017-09-09,,Baby,1,34,2008.72,2026-09-14 13:13:38.220143
1002,2017-09-09,,Baseball & Softball,2,118,5453.82,2026-09-14 13:13:38.220171
1003,2017-09-09,,Books,1,28,870.24,2026-09-14 13:13:38.220198
1004,2017-09-09,,Boxing & MMA,1,37,2033.89,2026-09-14 13:13:38.220233
1005,2017-09-09,,CDs,1,48,541.92,2026-09-14 13:13:38.220269
1006,2017-09-09,,Cameras,1,2,904.08,2026-09-14 13:13:38.220301
1007,2017-09-09,,Camping & Hiking,1,699,209686.03,2026-09-14 13:13:38.220350
1008,2017-09-09,,Cardio Equipment,2,1982,195310.59,2026-09-14 13:13:38.220427
1009,2017-09-09,,Children's Clothing,1,20,7142.0,2026-09-14 13:13:38.220463
1010,2017-09-09,,Cleats,1,3698,221843.03,2026-09-14 13:13:38.220493
1011,2017-09-09,,Computers,1,11,16500.0,2026-09-14 13:13:38.220522
1012,2017-09-09,,Consumer Electronics,1,38,9609.44,2026-09-14 13:13:38.220553
1013,2017-09-09,,Crafts,1,54,24919.92,2026-09-14 13:13:38.220582
1014,2017-09-09,,DVDs,1,88,14465.44,2026-09-14 13:13:38.220610
1015,2017-09-09,,Electronics,11,565,21929.35,2026-09-14 13:13:38.220639
1016,2017-09-09,,Fishing,1,896,358382.09,2026-09-14 13:13:38.220668
1017,2017-09-09,,Fitness Accessories,1,39,1364.61,2026-09-14 13:13:38.220696
1018,2017-09-09,,Garden,1,119,63377.02,2026-09-14 13:13:38.220724
1019,2017-09-09,,Girls' Apparel,4,185,8149.66,2026-09-14 13:13:38.220754
1020,2017-09-09,,Golf Apparel,1,41,819.59,2026-09-14 13:13:38.220782
1021,2017-09-09,,Golf Balls,5,273,4806.27,2026-09-14 13:13:38.220811
1022,2017-09-09,,Golf Gloves,3,157,4418.43,2026-09-14 13:13:38.220840
1023,2017-09-09,,Golf Shoes,1,30,1950.0,2026-09-14 13:13:38.220869
1024,2017-09-09,,Health and Beauty,1,76,22271.04,2026-09-14 13:13:38.220897
1025,2017-09-09,,Hockey,2,93,2166.0,2026-09-14 13:13:38.220925
1026,2017-09-09,,Hunting & Shooting,1,63,1889.37,2026-09-14 13:13:38.220956
1027,2017-09-09,,Indoor/Outdoor Games,1,2947,147291.06,2026-09-14 13:13:38.220986
1028,2017-09-09,,Lacrosse,1,49,1224.51,2026-09-14 13:13:38.221015
1029,2017-09-09,,Men's Clothing,1,58,12229.3,2026-09-14 13:13:38.221044
1030,2017-09-09,,Men's Footwear,1,1142,148448.59,2026-09-14 13:13:38.221088
1031,2017-09-09,,Music,1,125,32581.25,2026-09-14 13:13:38.221125
1032,2017-09-09,,Pet Supplies,1,145,12238.0,2026-09-14 13:13:38.221157
1033,2017-09-09,,Shop By Sport,2,1612,63944.4,2026-09-14 13:13:38.221187
1034,2017-09-09,,Sporting Goods,1,89,29169.75,2026-09-14 13:13:38.221218
1035,2017-09-09,,Tennis & Racquet,1,57,2564.43,2026-09-14 13:13:38.221249
1036,2017-09-09,,Toys,1,135,1557.9,2026-09-14 13:13:38.221278
1037,2017-09-09,,Trade-In,3,184,3314.16,2026-09-14 13:13:38.221307
1038,2017-09-09,,Video Games,1,188,7473.0,2026-09-14 13:13:38.221335
1039,2017-09-09,,Water Sports,1,764,152792.36,2026-09-14 13:13:38.221365
1040,2017-09-09,,Women's Apparel,1,3061,153050.0,2026-09-14 13:13:38.221395
1041,2017-09-09,,Women's Clothing,1,178,38415.96,2026-09-14 13:13:38.221425
1042,2017-09-09,,Accessories,6,450,11245.5,2026-09-14 13:13:38.221454
1043,2017-09-09,,As Seen on TV!,1,22,2199.78,2026-09-14 13:13:38.221484
1044,2017-09-09,,Baseball & Softball,3,157,8968.43,2026-09-14 13:13:38.221513
1045,2017-09-09,,Boxing & MMA,3,122,9107.62,2026-09-14 13:13:38.221544
1046,2017-09-09,,Camping & Hiking,1,1216,364775.69,2026-09-14 13:13:38.221573
1047,2017-09-09,,Cardio Equipment,2,3286,321148.19,2026-09-14 13:13:38.221603
1048,2017-09-09,,Cleats,1,6074,364379.27,2026-09-14 13:13:38.221632
1049,2017-09-09,,Electronics,11,776,31124.24,2026-09-14 13:13:38.221661
1050,2017-09-09,,Fishing,1,1435,573971.32,2026-09-14 13:13:38.221689
1051,2017-09-09,,Fitness Accessories,1,73,2554.27,2026-09-14 13:13:38.221717
1052,2017-09-09,,Girls' Apparel,4,301,12649.25,2026-09-14 13:13:38.221746
1053,2017-09-09,,Golf Apparel,3,61,3109.39,2026-09-14 13:13:38.221775
1054,2017-09-09,,Golf Bags & Carts,1,10,1699.9,2026-09-14 13:13:38.221804
1055,2017-09-09,,Golf Balls,5,405,7137.95,2026-09-14 13:13:38.221832
1056,2017-09-09,,Golf Gloves,6,325,12436.75,2026-09-14 13:13:38.221860
1057,2017-09-09,,Golf Shoes,4,154,12275.0,2026-09-14 13:13:38.221888
1058,2017-09-09,,Hockey,2,146,3398.0,2026-09-14 13:13:38.221916
1059,2017-09-09,,Hunting & Shooting,3,104,5921.14,2026-09-14 13:13:38.221944
1060,2017-09-09,,Indoor/Outdoor Games,1,5026,251199.48,2026-09-14 13:13:38.221972
1061,2017-09-09,,Kids' Golf Clubs,5,66,7719.86,2026-09-14 13:13:38.222000
1062,2017-09-09,,Lacrosse,2,82,3699.18,2026-09-14 13:13:38.222027
1063,2017-09-09,,Men's Footwear,1,1888,245421.13,2026-09-14 13:13:38.222055
1064,2017-09-09,,Men's Golf Clubs,4,56,6469.44,2026-09-14 13:13:38.222083
1065,2017-09-09,,Shop By Sport,3,2860,115662.35,2026-09-14 13:13:38.222111
1066,2017-09-09,,Soccer,2,37,3049.63,2026-09-14 13:13:38.222139
1067,2017-09-09,,Strength Training,1,6,1134.0,2026-09-14 13:13:38.222167
1068,2017-09-09,,Tennis & Racquet,1,97,4364.03,2026-09-14 13:13:38.222195
1069,2017-09-09,,Trade-In,4,302,7384.98,2026-09-14 13:13:38.222223
1070,2017-09-09,,Water Sports,1,1388,277586.13,2026-09-14 13:13:38.222251
1071,2017-09-09,,Women's Apparel,1,5672,283600.0,2026-09-14 13:13:38.222279
1072,2017-09-09,,Women's Golf Clubs,3,50,5489.5,2026-09-14 13:13:38.222307
1073,2017-09-09,,Accessories,6,258,6447.42,2026-09-14 13:13:38.222336
1074,2017-09-09,,Baby,1,16,945.28,2026-09-14 13:13:38.222364
1075,2017-09-09,,Baseball & Softball,2,80,3724.2,2026-09-14 13:13:38.222392
1076,2017-09-09,,Books,1,15,466.2,2026-09-14 13:13:38.222420
1077,2017-09-09,,Boxing & MMA,1,37,2033.89,2026-09-14 13:13:38.222449
1078,2017-09-09,,CDs,1,24,270.96,2026-09-14 13:13:38.222478
1079,2017-09-09,,Cameras,1,3,1356.12,2026-09-14 13:13:38.222505
1080,2017-09-09,,Camping & Hiking,1,539,161689.23,2026-09-14 13:13:38.222534
1081,2017-09-09,,Cardio Equipment,2,1396,137136.39,2026-09-14 13:13:38.222562
1082,2017-09-09,,Children's Clothing,1,21,7499.1,2026-09-14 13:13:38.222592
1083,2017-09-09,,Cleats,1,2850,170971.5,2026-09-14 13:13:38.222621
1084,2017-09-09,,Computers,1,14,21000.0,2026-09-14 13:13:38.222649
1085,2017-09-09,,Consumer Electronics,1,32,8092.16,2026-09-14 13:13:38.222677
1086,2017-09-09,,Crafts,1,64,29534.72,2026-09-14 13:13:38.222704
1087,2017-09-09,,DVDs,1,46,7561.48,2026-09-14 13:13:38.222731
1088,2017-09-09,,Electronics,11,500,19294.0,2026-09-14 13:13:38.222758
1089,2017-09-09,,Fishing,1,664,265586.73,2026-09-14 13:13:38.222785
1090,2017-09-09,,Fitness Accessories,1,36,1259.64,2026-09-14 13:13:38.222813
1091,2017-09-09,,Garden,1,86,45801.88,2026-09-14 13:13:38.222840
1092,2017-09-09,,Girls' Apparel,4,183,8209.67,2026-09-14 13:13:38.222868
1093,2017-09-09,,Golf Apparel,1,38,759.62,2026-09-14 13:13:38.222897
1094,2017-09-09,,Golf Balls,5,215,3978.85,2026-09-14 13:13:38.222926
1095,2017-09-09,,Golf Gloves,3,148,3758.52,2026-09-14 13:13:38.222953
1096,2017-09-09,,Golf Shoes,1,67,4355.0,2026-09-14 13:13:38.222980
1097,2017-09-09,,Health and Beauty,1,87,25494.48,2026-09-14 13:13:38.223009
1098,2017-09-09,,Hockey,2,90,2100.0,2026-09-14 13:13:38.223037
1099,2017-09-09,,Hunting & Shooting,1,45,1349.55,2026-09-14 13:13:38.223072
1100,2017-09-09,,Indoor/Outdoor Games,1,2089,104408.22,2026-09-14 13:13:38.223110
1101,2017-09-09,,Lacrosse,1,29,724.71,2026-09-14 13:13:38.223143
1102,2017-09-09,,Men's Clothing,1,45,9488.25,2026-09-14 13:13:38.223173
1103,2017-09-09,,Men's Footwear,1,875,113741.25,2026-09-14 13:13:38.223203
1104,2017-09-09,,Music,1,96,25022.4,2026-09-14 13:13:38.223234
1105,2017-09-09,,Pet Supplies,1,76,6414.4,2026-09-14 13:13:38.223263
1106,2017-09-09,,Shop By Sport,2,1338,53196.93,2026-09-14 13:13:38.223291
1107,2017-09-09,,Sporting Goods,1,79,25892.25,2026-09-14 13:13:38.223319
1108,2017-09-09,,Tennis & Racquet,1,38,1709.62,2026-09-14 13:13:38.223347
1109,2017-09-09,,Toys,1,80,923.2,2026-09-14 13:13:38.223375
1110,2017-09-09,,Trade-In,3,119,2196.81,2026-09-14 13:13:38.223402
1111,2017-09-09,,Video Games,1,194,7711.5,2026-09-14 13:13:38.223429
1112,2017-09-09,,Water Sports,1,584,116794.16,2026-09-14 13:13:38.223457
1113,2017-09-09,,Women's Apparel,1,2287,114350.0,2026-09-14 13:13:38.223485
1114,2017-09-09,,Women's Clothing,1,141,30430.62,2026-09-14 13:13:38.223512
1115,2017-09-09,,Accessories,6,134,3348.66,2026-09-14 13:13:38.223540
1116,2017-09-09,,Baseball & Softball,2,52,2319.48,2026-09-14 13:13:38.223569
1117,2017-09-09,,Boxing & MMA,1,21,1154.37,2026-09-14 13:13:38.223598
1118,2017-09-09,,Camping & Hiking,1,326,97793.48,2026-09-14 13:13:38.223626
1119,2017-09-09,,Cardio Equipment,2,837,82221.84,2026-09-14 13:13:38.223656
1120,2017-09-09,,Cleats,1,1731,103842.69,2026-09-14 13:13:38.223685
1121,2017-09-09,,Electronics,11,275,10654.25,2026-09-14 13:13:38.223714
1122,2017-09-09,,Fishing,1,384,153592.32,2026-09-14 13:13:38.223743
1123,2017-09-09,,Fitness Accessories,1,25,874.75,2026-09-14 13:13:38.223771
1124,2017-09-09,,Girls' Apparel,4,110,4679.69,2026-09-14 13:13:38.223799
1125,2017-09-09,,Golf Apparel,1,17,339.83,2026-09-14 13:13:38.223828
1126,2017-09-09,,Golf Balls,5,106,1828.94,2026-09-14 13:13:38.223856
1127,2017-09-09,,Golf Gloves,3,79,2349.21,2026-09-14 13:13:38.223883
1128,2017-09-09,,Golf Shoes,1,32,2080.0,2026-09-14 13:13:38.223911
1129,2017-09-09,,Hockey,2,63,1503.0,2026-09-14 13:13:38.223939
1130,2017-09-09,,Hunting & Shooting,1,34,1019.66,2026-09-14 13:13:38.223966
1131,2017-09-09,,Indoor/Outdoor Games,1,1306,65273.88,2026-09-14 13:13:38.223993
1132,2017-09-09,,Lacrosse,1,13,324.87,2026-09-14 13:13:38.224021
1133,2017-09-09,,Men's Footwear,1,540,70194.6,2026-09-14 13:13:38.224049
1134,2017-09-09,,Shop By Sport,2,743,29422.86,2026-09-14 13:13:38.224077
1135,2017-09-09,,Tennis & Racquet,1,22,989.78,2026-09-14 13:13:38.224106
1136,2017-09-09,,Trade-In,3,61,1029.39,2026-09-14 13:13:38.224134
1137,2017-09-09,,Water Sports,1,362,72396.38,2026-09-14 13:13:38.224162
1138,2017-09-09,,Women's Apparel,1,1531,76550.0,2026-09-14 13:13:38.224190
1139,2017-09-09,,Accessories,6,307,7671.93,2026-09-14 13:13:38.224218
1140,2017-09-09,,Baby,1,38,2245.04,2026-09-14 13:13:38.224245
1141,2017-09-09,,Baseball & Softball,2,77,3844.23,2026-09-14 13:13:38.224274
1142,2017-09-09,,Books,1,34,1056.72,2026-09-14 13:13:38.224301
1143,2017-09-09,,Boxing & MMA,1,31,1704.07,2026-09-14 13:13:38.224329
1144,2017-09-09,,CDs,1,31,349.99,2026-09-14 13:13:38.224356
1145,2017-09-09,,Cameras,1,12,5424.48,2026-09-14 13:13:38.224383
1146,2017-09-09,,Camping & Hiking,1,612,183587.77,2026-09-14 13:13:38.224410
1147,2017-09-09,,Cardio Equipment,2,1627,159534.18,2026-09-14 13:13:38.224438
1148,2017-09-09,,Children's Clothing,1,67,23925.7,2026-09-14 13:13:38.224465
1149,2017-09-09,,Cleats,1,3400,203966.01,2026-09-14 13:13:38.224500
1150,2017-09-09,,Computers,1,35,52500.0,2026-09-14 13:13:38.224528
1151,2017-09-09,,Consumer Electronics,1,57,14414.16,2026-09-14 13:13:38.224556
1152,2017-09-09,,Crafts,1,72,33226.56,2026-09-14 13:13:38.224583
1153,2017-09-09,,DVDs,1,76,12492.88,2026-09-14 13:13:38.224610
1154,2017-09-09,,Electronics,11,578,22684.22,2026-09-14 13:13:38.224638
1155,2017-09-09,,Fishing,1,831,332383.39,2026-09-14 13:13:38.224665
1156,2017-09-09,,Fitness Accessories,1,37,1294.63,2026-09-14 13:13:38.224693
1157,2017-09-09,,Garden,1,126,67105.08,2026-09-14 13:13:38.224720
1158,2017-09-09,,Girls' Apparel,4,211,8619.66,2026-09-14 13:13:38.224748
1159,2017-09-09,,Golf Apparel,1,49,979.51,2026-09-14 13:13:38.224776
1160,2017-09-09,,Golf Balls,5,210,3629.9,2026-09-14 13:13:38.224804
1161,2017-09-09,,Golf Gloves,3,104,2748.96,2026-09-14 13:13:38.224830
1162,2017-09-09,,Golf Shoes,1,30,1950.0,2026-09-14 13:13:38.224858
1163,2017-09-09,,Health and Beauty,1,116,33992.64,2026-09-14 13:13:38.224885
1164,2017-09-09,,Hockey,2,100,2365.0,2026-09-14 13:13:38.224911
1165,2017-09-09,,Hunting & Shooting,1,37,1109.63,2026-09-14 13:13:38.224938
1166,2017-09-09,,Indoor/Outdoor Games,1,2747,137295.06,2026-09-14 13:13:38.224966
1167,2017-09-09,,Lacrosse,1,31,774.69,2026-09-14 13:13:38.224993
1168,2017-09-09,,Men's Clothing,1,54,11385.9,2026-09-14 13:13:38.225020
1169,2017-09-09,,Men's Footwear,1,947,123100.54,2026-09-14 13:13:38.225048
1170,2017-09-09,,Music,1,111,28932.15,2026-09-14 13:13:38.225082
1171,2017-09-09,,Pet Supplies,1,141,11900.4,2026-09-14 13:13:38.225119
1172,2017-09-09,,Shop By Sport,2,1412,56006.34,2026-09-14 13:13:38.225151
1173,2017-09-09,,Sporting Goods,1,108,35397.0,2026-09-14 13:13:38.225182
1174,2017-09-09,,Tennis & Racquet,1,56,2519.44,2026-09-14 13:13:38.225210
1175,2017-09-09,,Toys,1,199,2296.46,2026-09-14 13:13:38.225239
1176,2017-09-09,,Trade-In,3,140,2514.6,2026-09-14 13:13:38.225267
1177,2017-09-09,,Video Games,1,251,9977.25,2026-09-14 13:13:38.225296
1178,2017-09-09,,Water Sports,1,682,136393.18,2026-09-14 13:13:38.225325
1179,2017-09-09,,Women's Apparel,1,2830,141500.0,2026-09-14 13:13:38.225355
1180,2017-09-09,,Women's Clothing,1,221,47696.22,2026-09-14 13:13:38.225384
1181,2017-09-09,,Accessories,6,59,1474.41,2026-09-14 13:13:38.225411
1182,2017-09-09,,Baseball & Softball,2,25,1124.75,2026-09-14 13:13:38.225440
1183,2017-09-09,,Boxing & MMA,1,12,659.64,2026-09-14 13:13:38.225468
1184,2017-09-09,,Camping & Hiking,1,91,27298.18,2026-09-14 13:13:38.225497
1185,2017-09-09,,Cardio Equipment,2,270,26367.39,2026-09-14 13:13:38.225526
1186,2017-09-09,,Cleats,1,429,25735.71,2026-09-14 13:13:38.225555
1187,2017-09-09,,Electronics,10,81,3278.19,2026-09-14 13:13:38.225584
1188,2017-09-09,,Fishing,1,125,49997.5,2026-09-14 13:13:38.225762
1189,2017-09-09,,Fitness Accessories,1,3,104.97,2026-09-14 13:13:38.225911
1190,2017-09-09,,Girls' Apparel,4,43,1964.93,2026-09-14 13:13:38.225967
1191,2017-09-09,,Golf Apparel,1,7,139.93,2026-09-14 13:13:38.226011
1192,2017-09-09,,Golf Balls,3,30,499.7,2026-09-14 13:13:38.226063
1193,2017-09-09,,Golf Gloves,2,20,634.8,2026-09-14 13:13:38.226120
1194,2017-09-09,,Golf Shoes,1,5,325.0,2026-09-14 13:13:38.226250
1195,2017-09-09,,Hockey,1,6,150.0,2026-09-14 13:13:38.226364
1196,2017-09-09,,Hunting & Shooting,1,5,149.95,2026-09-14 13:13:38.226420
1197,2017-09-09,,Indoor/Outdoor Games,1,377,18842.46,2026-09-14 13:13:38.226459
1198,2017-09-09,,Lacrosse,1,2,49.98,2026-09-14 13:13:38.226494
1199,2017-09-09,,Men's Footwear,1,157,20408.43,2026-09-14 13:13:38.226528
1200,2017-09-09,,Shop By Sport,2,207,8198.01,2026-09-14 13:13:38.226560
1201,2017-09-09,,Tennis & Racquet,1,7,314.93,2026-09-14 13:13:38.226593
1202,2017-09-09,,Trade-In,3,32,583.68,2026-09-14 13:13:38.226623
1203,2017-09-09,,Water Sports,1,95,18999.05,2026-09-14 13:13:38.226653
1204,2017-09-09,,Women's Apparel,1,419,20950.0,2026-09-14 13:13:38.226684
1205,2017-09-09,,Accessories,6,227,5672.73,2026-09-14 13:13:38.226719
1206,2017-09-09,,As Seen on TV!,1,27,2699.73,2026-09-14 13:13:38.226759
1207,2017-09-09,,Baby,1,28,1654.24,2026-09-14 13:13:38.226788
1208,2017-09-09,,Baseball & Softball,3,59,4164.41,2026-09-14 13:13:38.226818
1209,2017-09-09,,Basketball,2,12,3599.88,2026-09-14 13:13:38.226847
1210,2017-09-09,,Books,1,44,1367.52,2026-09-14 13:13:38.226875
1211,2017-09-09,,Boxing & MMA,3,89,6848.37,2026-09-14 13:13:38.226905
1212,2017-09-09,,CDs,1,34,383.86,2026-09-14 13:13:38.226934
1213,2017-09-09,,Cameras,1,118,53340.72,2026-09-14 13:13:38.226965
1214,2017-09-09,,Camping & Hiking,1,705,211485.91,2026-09-14 13:13:38.226995
1215,2017-09-09,,Cardio Equipment,2,1870,184671.63,2026-09-14 13:13:38.227024
1216,2017-09-09,,Children's Clothing,1,105,37495.5,2026-09-14 13:13:38.227054
1217,2017-09-09,,Cleats,2,3664,221723.37,2026-09-14 13:13:38.227083
1218,2017-09-09,,Computers,1,73,109500.0,2026-09-14 13:13:38.227114
1219,2017-09-09,,Consumer Electronics,1,74,18713.12,2026-09-14 13:13:38.227150
1220,2017-09-09,,Crafts,1,45,20766.6,2026-09-14 13:13:38.227179
1221,2017-09-09,,DVDs,1,39,6410.82,2026-09-14 13:13:38.227208
1222,2017-09-09,,Electronics,11,335,12805.65,2026-09-14 13:13:38.227235
1223,2017-09-09,,Fishing,1,911,364381.79,2026-09-14 13:13:38.227263
1224,2017-09-09,,Fitness Accessories,2,20,1829.8,2026-09-14 13:13:38.227292
1225,2017-09-09,,Girls' Apparel,4,116,4914.56,2026-09-14 13:13:38.227321
1226,2017-09-09,,Golf Apparel,3,47,2279.53,2026-09-14 13:13:38.227365
1227,2017-09-09,,Golf Bags & Carts,1,10,1699.9,2026-09-14 13:13:38.227403
1228,2017-09-09,,Golf Balls,5,214,3772.86,2026-09-14 13:13:38.227436
1229,2017-09-09,,Golf Gloves,7,129,9038.71,2026-09-14 13:13:38.227467
1230,2017-09-09,,Golf Shoes,4,110,8302.0,2026-09-14 13:13:38.227496
1231,2017-09-09,,Hockey,3,69,2525.97,2026-09-14 13:13:38.227524
1232,2017-09-09,,Hunting & Shooting,3,72,4157.5,2026-09-14 13:13:38.227553
1233,2017-09-09,,Indoor/Outdoor Games,1,2978,148840.44,2026-09-14 13:13:38.227582
1234,2017-09-09,,Kids' Golf Clubs,7,80,13140.2,2026-09-14 13:13:38.227611
1235,2017-09-09,,Lacrosse,2,71,4249.29,2026-09-14 13:13:38.227639
1236,2017-09-09,,Men's Footwear,1,1171,152218.3,2026-09-14 13:13:38.227667
1237,2017-09-09,,Men's Golf Clubs,4,57,6369.43,2026-09-14 13:13:38.227695
1238,2017-09-09,,Shop By Sport,3,1639,65923.87,2026-09-14 13:13:38.227724
1239,2017-09-09,,Soccer,2,40,3424.6,2026-09-14 13:13:38.227752
1240,2017-09-09,,Strength Training,3,12,8544.93,2026-09-14 13:13:38.227780
1241,2017-09-09,,Tennis & Racquet,1,35,1574.65,2026-09-14 13:13:38.227808
1242,2017-09-09,,Trade-In,4,83,3565.17,2026-09-14 13:13:38.227835
1243,2017-09-09,,Water Sports,2,828,166941.72,2026-09-14 13:13:38.227862
1244,2017-09-09,,Women's Apparel,1,3240,162000.0,2026-09-14 13:13:38.227892
1245,2017-09-09,,Women's Golf Clubs,3,46,4919.54,2026-09-14 13:13:38.227920
1246,2017-09-09,,Accessories,6,236,5897.64,2026-09-14 13:13:38.227949
1247,2017-09-09,,Baseball & Softball,2,89,4414.11,2026-09-14 13:13:38.227978
1248,2017-09-09,,Boxing & MMA,1,22,1209.34,2026-09-14 13:13:38.228006
1249,2017-09-09,,Camping & Hiking,1,465,139490.71,2026-09-14 13:13:38.228035
1250,2017-09-09,,Cardio Equipment,2,1135,112298.82,2026-09-14 13:13:38.228063
1251,2017-09-09,,Cleats,1,2607,156393.93,2026-09-14 13:13:38.228090
1252,2017-09-09,,Electronics,11,342,13594.58,2026-09-14 13:13:38.228117
1253,2017-09-09,,Fishing,1,595,237988.11,2026-09-14 13:13:38.228144
1254,2017-09-09,,Fitness Accessories,1,42,1469.58,2026-09-14 13:13:38.228172
1255,2017-09-09,,Girls' Apparel,4,149,6159.53,2026-09-14 13:13:38.228200
1256,2017-09-09,,Golf Apparel,1,36,719.64,2026-09-14 13:13:38.228228
1257,2017-09-09,,Golf Balls,5,214,3689.86,2026-09-14 13:13:38.228255
1258,2017-09-09,,Golf Gloves,3,110,2688.9,2026-09-14 13:13:38.228282
1259,2017-09-09,,Golf Shoes,1,39,2535.0,2026-09-14 13:13:38.228310
1260,2017-09-09,,Hockey,2,79,1852.0,2026-09-14 13:13:38.228337
1261,2017-09-09,,Hunting & Shooting,1,24,719.76,2026-09-14 13:13:38.228364
1262,2017-09-09,,Indoor/Outdoor Games,1,1984,99160.32,2026-09-14 13:13:38.228393
1263,2017-09-09,,Lacrosse,1,42,1049.58,2026-09-14 13:13:38.228421
1264,2017-09-09,,Men's Footwear,1,794,103212.06,2026-09-14 13:13:38.228450
1265,2017-09-09,,Shop By Sport,2,1042,41329.92,2026-09-14 13:13:38.228478
1266,2017-09-09,,Tennis & Racquet,1,55,2474.45,2026-09-14 13:13:38.228505
1267,2017-09-09,,Trade-In,3,119,2112.81,2026-09-14 13:13:38.228533
1268,2017-09-09,,Water Sports,1,488,97595.12,2026-09-14 13:13:38.228561
1269,2017-09-09,,Women's Apparel,1,2266,113300.0,2026-09-14 13:13:38.228588
1270,2017-09-09,,Accessories,6,129,3223.71,2026-09-14 13:13:38.228617
1271,2017-09-09,,Baseball & Softball,2,43,1929.57,2026-09-14 13:13:38.228644
1272,2017-09-09,,Boxing & MMA,1,24,1319.28,2026-09-14 13:13:38.228672
1273,2017-09-09,,Camping & Hiking,1,290,86994.2,2026-09-14 13:13:38.228701
1274,2017-09-09,,Cardio Equipment,2,789,77772.27,2026-09-14 13:13:38.228730
1275,2017-09-09,,Cleats,1,1557,93404.43,2026-09-14 13:13:38.228758
1276,2017-09-09,,Electronics,11,216,8695.84,2026-09-14 13:13:38.228785
1277,2017-09-09,,Fishing,1,375,149992.5,2026-09-14 13:13:38.228813
1278,2017-09-09,,Fitness Accessories,1,42,1469.58,2026-09-14 13:13:38.228842
1279,2017-09-09,,Girls' Apparel,4,73,3244.95,2026-09-14 13:13:38.228870
1280,2017-09-09,,Golf Apparel,1,38,759.62,2026-09-14 13:13:38.228898
1281,2017-09-09,,Golf Balls,5,129,2278.71,2026-09-14 13:13:38.228925
1282,2017-09-09,,Golf Gloves,3,81,1814.19,2026-09-14 13:13:38.228952
1283,2017-09-09,,Golf Shoes,1,21,1365.0,2026-09-14 13:13:38.228979
1284,2017-09-09,,Hockey,2,42,963.0,2026-09-14 13:13:38.229007
1285,2017-09-09,,Hunting & Shooting,1,30,899.7,2026-09-14 13:13:38.229036
1286,2017-09-09,,Indoor/Outdoor Games,1,1269,63424.62,2026-09-14 13:13:38.229063
1287,2017-09-09,,Lacrosse,1,30,749.7,2026-09-14 13:13:38.229091
1288,2017-09-09,,Men's Footwear,1,458,59535.42,2026-09-14 13:13:38.229119
1289,2017-09-09,,Shop By Sport,2,677,26843.46,2026-09-14 13:13:38.229147
1290,2017-09-09,,Tennis & Racquet,1,30,1349.7,2026-09-14 13:13:38.229181
1291,2017-09-09,,Trade-In,3,91,1575.09,2026-09-14 13:13:38.229211
1292,2017-09-09,,Water Sports,1,336,67196.64,2026-09-14 13:13:38.229239
1293,2017-09-09,,Women's Apparel,1,1423,71150.0,2026-09-14 13:13:38.229267
1294,2017-09-09,,Accessories,6,237,5922.63,2026-09-14 13:13:38.229296
1295,2017-09-09,,Baseball & Softball,2,57,2469.43,2026-09-14 13:13:38.229325
1296,2017-09-09,,Boxing & MMA,1,38,2088.86,2026-09-14 13:13:38.229363
1297,2017-09-09,,Camping & Hiking,1,466,139790.69,2026-09-14 13:13:38.229401
1298,2017-09-09,,Cardio Equipment,2,1253,122627.85,2026-09-14 13:13:38.229434
1299,2017-09-09,,Cleats,1,2671,160233.29,2026-09-14 13:13:38.229472
1300,2017-09-09,,Electronics,11,366,14494.34,2026-09-14 13:13:38.229504
1301,2017-09-09,,Fishing,1,593,237188.15,2026-09-14 13:13:38.229533
1302,2017-09-09,,Fitness Accessories,1,50,1749.5,2026-09-14 13:13:38.229563
1303,2017-09-09,,Girls' Apparel,4,143,5504.61,2026-09-14 13:13:38.229592
1304,2017-09-09,,Golf Apparel,1,35,699.65,2026-09-14 13:13:38.229621
1305,2017-09-09,,Golf Balls,5,177,3102.23,2026-09-14 13:13:38.229650
1306,2017-09-09,,Golf Gloves,3,106,2708.94,2026-09-14 13:13:38.229679
1307,2017-09-09,,Golf Shoes,1,39,2535.0,2026-09-14 13:13:38.229708
1308,2017-09-09,,Hockey,2,83,1961.0,2026-09-14 13:13:38.229737
1309,2017-09-09,,Hunting & Shooting,1,43,1289.57,2026-09-14 13:13:38.229766
1310,2017-09-09,,Indoor/Outdoor Games,1,1998,99860.04,2026-09-14 13:13:38.229796
1311,2017-09-09,,Lacrosse,1,29,724.71,2026-09-14 13:13:38.229824
1312,2017-09-09,,Men's Footwear,1,803,104381.97,2026-09-14 13:13:38.229853
1313,2017-09-09,,Shop By Sport,2,1074,42549.66,2026-09-14 13:13:38.229881
1314,2017-09-09,,Tennis & Racquet,1,53,2384.47,2026-09-14 13:13:38.229910
1315,2017-09-09,,Trade-In,3,148,2660.52,2026-09-14 13:13:38.229937
1316,2017-09-09,,Water Sports,1,533,106594.67,2026-09-14 13:13:38.229966
1317,2017-09-09,,Women's Apparel,1,2223,111150.0,2026-09-14 13:13:38.229995
1318,2017-09-09,,Accessories,6,297,7422.03,2026-09-14 13:13:38.230024
1319,2017-09-09,,Baseball & Softball,2,77,3819.23,2026-09-14 13:13:38.230053
1320,2017-09-09,,Boxing & MMA,1,42,2308.74,2026-09-14 13:13:38.230094
1321,2017-09-09,,Camping & Hiking,1,614,184187.73,2026-09-14 13:13:38.230134
1322,2017-09-09,,Cardio Equipment,2,1711,166953.48,2026-09-14 13:13:38.230214
1323,2017-09-09,,Cleats,1,3646,218723.55,2026-09-14 13:13:38.230257
1324,2017-09-09,,Electronics,11,515,19969.85,2026-09-14 13:13:38.230302
1325,2017-09-09,,Fishing,1,814,325583.73,2026-09-14 13:13:38.230335
1326,2017-09-09,,Fitness Accessories,1,51,1784.49,2026-09-14 13:13:38.230364
1327,2017-09-09,,Girls' Apparel,4,236,9179.41,2026-09-14 13:13:38.230393
1328,2017-09-09,,Golf Apparel,1,56,1119.44,2026-09-14 13:13:38.230421
1329,2017-09-09,,Golf Balls,5,197,3384.03,2026-09-14 13:13:38.230449
1330,2017-09-09,,Golf Gloves,3,161,3873.39,2026-09-14 13:13:38.230478
1331,2017-09-09,,Golf Shoes,1,42,2730.0,2026-09-14 13:13:38.230505
1332,2017-09-09,,Hockey,2,86,2015.0,2026-09-14 13:13:38.230533
1333,2017-09-09,,Hunting & Shooting,1,38,1139.62,2026-09-14 13:13:38.230561
1334,2017-09-09,,Indoor/Outdoor Games,1,2531,126499.38,2026-09-14 13:13:38.230589
1335,2017-09-09,,Lacrosse,1,40,999.6,2026-09-14 13:13:38.230618
1336,2017-09-09,,Men's Footwear,1,1037,134799.64,2026-09-14 13:13:38.230646
1337,2017-09-09,,Shop By Sport,2,1522,60285.36,2026-09-14 13:13:38.230675
1338,2017-09-09,,Tennis & Racquet,1,66,2969.34,2026-09-14 13:13:38.230704
1339,2017-09-09,,Trade-In,3,180,3226.2,2026-09-14 13:13:38.230732
1340,2017-09-09,,Water Sports,1,727,145392.73,2026-09-14 13:13:38.230760
1341,2017-09-09,,Women's Apparel,1,2861,143050.0,2026-09-14 13:13:38.230788
1342,2017-09-09,,Accessories,6,554,13844.46,2026-09-14 13:13:38.230816
1343,2017-09-09,,As Seen on TV!,1,64,6399.36,2026-09-14 13:13:38.230844
1344,2017-09-09,,Baby,1,35,2067.8,2026-09-14 13:13:38.230872
1345,2017-09-09,,Baseball & Softball,3,183,11828.17,2026-09-14 13:13:38.230899
1346,2017-09-09,,Basketball,3,45,19799.55,2026-09-14 13:13:38.230927
1347,2017-09-09,,Books,1,212,6588.96,2026-09-14 13:13:38.230954
1348,2017-09-09,,Boxing & MMA,3,197,15921.77,2026-09-14 13:13:38.230981
1349,2017-09-09,,CDs,1,68,767.72,2026-09-14 13:13:38.231009
1350,2017-09-09,,Cameras,1,320,144652.8,2026-09-14 13:13:38.231036
1351,2017-09-09,,Camping & Hiking,1,1980,593960.42,2026-09-14 13:13:38.231064
1352,2017-09-09,,Cardio Equipment,2,5714,562804.07,2026-09-14 13:13:38.231100
1353,2017-09-09,,Children's Clothing,1,317,113200.7,2026-09-14 13:13:38.231139
1354,2017-09-09,,Cleats,2,10977,664030.25,2026-09-14 13:13:38.231171
1355,2017-09-09,,Computers,1,203,304500.0,2026-09-14 13:13:38.231205
1356,2017-09-09,,Consumer Electronics,1,155,39196.4,2026-09-14 13:13:38.231245
1357,2017-09-09,,Crafts,1,125,57685.0,2026-09-14 13:13:38.231274
1358,2017-09-09,,DVDs,1,117,19232.46,2026-09-14 13:13:38.231302
1359,2017-09-09,,Electronics,11,978,38433.22,2026-09-14 13:13:38.231330
1360,2017-09-09,,Fishing,1,2606,1042347.91,2026-09-14 13:13:38.231357
1361,2017-09-09,,Fitness Accessories,2,100,6324.0,2026-09-14 13:13:38.231385
1362,2017-09-09,,Girls' Apparel,4,375,16098.7,2026-09-14 13:13:38.231413
1363,2017-09-09,,Golf Apparel,3,172,8598.28,2026-09-14 13:13:38.231441
1364,2017-09-09,,Golf Bags & Carts,1,22,3739.78,2026-09-14 13:13:38.231470
1365,2017-09-09,,Golf Balls,5,455,7952.45,2026-09-14 13:13:38.231499
1366,2017-09-09,,Golf Gloves,7,359,24551.41,2026-09-14 13:13:38.231526
1367,2017-09-09,,Golf Shoes,4,278,23632.0,2026-09-14 13:13:38.231554
1368,2017-09-09,,Hockey,3,226,11431.8,2026-09-14 13:13:38.231583
1369,2017-09-09,,Hunting & Shooting,3,175,12097.86,2026-09-14 13:13:38.231610
1370,2017-09-09,,Indoor/Outdoor Games,1,8153,407486.94,2026-09-14 13:13:38.231638
1371,2017-09-09,,Kids' Golf Clubs,8,276,47228.65,2026-09-14 13:13:38.231667
1372,2017-09-09,,Lacrosse,2,106,6023.94,2026-09-14 13:13:38.231694
1373,2017-09-09,,Men's Footwear,1,3242,421427.6,2026-09-14 13:13:38.231722
1374,2017-09-09,,Men's Golf Clubs,4,153,16818.47,2026-09-14 13:13:38.231750
1375,2017-09-09,,Shop By Sport,3,5020,202710.89,2026-09-14 13:13:38.231778
1376,2017-09-09,,Soccer,2,97,9064.03,2026-09-14 13:13:38.231805
1377,2017-09-09,,Strength Training,3,57,28091.71,2026-09-14 13:13:38.231833
1378,2017-09-09,,Tennis & Racquet,1,86,3869.14,2026-09-14 13:13:38.231860
1379,2017-09-09,,Trade-In,4,266,10757.34,2026-09-14 13:13:38.231888
1380,2017-09-09,,Water Sports,2,2359,475376.42,2026-09-14 13:13:38.231916
1381,2017-09-09,,Women's Apparel,1,9510,475500.0,2026-09-14 13:13:38.231943
1382,2017-09-09,,Women's Golf Clubs,3,167,18338.33,2026-09-14 13:13:38.231972
